image_id,split,brightness_mean,brightness_std,contrast,r_mean,g_mean,b_mean,r_std,g_std,b_std,dynamic_range,min_pixel,max_pixel
000202,train,88.40499877929688,9.559457778930664,0.10813254863023758,88.405,88.405,88.405,9.559457359076402,9.559457359076402,9.559457359076402,58.0,61.0,119.0
000201,train,85.30034637451172,9.218832969665527,0.10807497799396515,85.30035,85.30035,85.30035,9.218833433656343,9.218833433656343,9.218833433656343,53.0,61.0,114.0
000203,train,74.85449981689453,10.618654251098633,0.14185726642608643,74.8545,74.8545,74.8545,10.61865479945553,10.61865479945553,10.61865479945553,60.0,50.0,110.0
000204,train,94.16407775878906,10.003085136413574,0.10623037070035934,94.164075,94.164075,94.164075,10.003084743936492,10.003084743936492,10.003084743936492,56.0,68.0,124.0
000205,train,82.03790283203125,10.885210990905762,0.13268513977527618,82.0379,82.0379,82.0379,10.885210773797631,10.885210773797631,10.885210773797631,59.0,52.0,111.0
000206,train,108.24697875976562,9.773972511291504,0.09029325842857361,108.246975,108.246975,108.246975,9.7739719842741,9.7739719842741,9.7739719842741,78.0,78.0,156.0
000209,train,106.34839630126953,15.379142761230469,0.1446109563112259,106.3484,106.3484,106.3484,15.379142285576267,15.379142285576267,15.379142285576267,82.0,69.0,151.0
000207,train,127.2293472290039,5.97174596786499,0.04693685844540596,127.22935,127.22935,127.22935,5.971745856740724,5.971745856740724,5.971745856740724,59.0,95.0,154.0
000210,train,97.802978515625,12.709169387817383,0.12994664907455444,97.802975,97.802975,97.802975,12.709170159745875,12.709170159745875,12.709170159745875,75.0,59.0,134.0
000208,train,108.88484954833984,13.029007911682129,0.11965859681367874,108.88485,108.88485,108.88485,13.02900765513245,13.02900765513245,13.02900765513245,78.0,70.0,148.0
000212,train,126.21527862548828,9.090174674987793,0.07202119380235672,126.215275,126.215275,126.215275,9.090175007906888,9.090175007906888,9.090175007906888,60.0,100.0,160.0
000211,train,104.46912384033203,13.154328346252441,0.12591594457626343,104.469125,104.469125,104.469125,13.154328060922571,13.154328060922571,13.154328060922571,87.0,61.0,148.0
000213,train,99.80892181396484,11.761344909667969,0.11783861368894577,99.808925,99.808925,99.808925,11.761344112998948,11.761344112998948,11.761344112998948,75.0,73.0,148.0
000214,train,96.85389709472656,10.23044204711914,0.10562757402658463,96.8539,96.8539,96.8539,10.230442551033656,10.230442551033656,10.230442551033656,57.0,71.0,128.0
000218,train,87.38400268554688,8.478543281555176,0.0970262661576271,87.384,87.384,87.384,8.478543153160217,8.478543153160217,8.478543153160217,51.0,65.0,116.0
000215,train,91.4643783569336,10.430397033691406,0.11403780430555344,91.464375,91.464375,91.464375,10.43039696557015,10.43039696557015,10.43039696557015,57.0,66.0,123.0
000216,train,84.60992431640625,9.550676345825195,0.11287891119718552,84.609925,84.609925,84.609925,9.550676232308108,9.550676232308108,9.550676232308108,55.0,59.0,114.0
000217,train,72.97672271728516,9.029719352722168,0.1237342432141304,72.976725,72.976725,72.976725,9.029719446050082,9.029719446050082,9.029719446050082,46.0,54.0,100.0
000220,train,107.03672790527344,12.228160858154297,0.11424266546964645,107.036725,107.036725,107.036725,12.228161197595288,12.228161197595288,12.228161197595288,71.0,71.0,142.0
000221,train,116.19722747802734,12.240447998046875,0.10534200072288513,116.197225,116.197225,116.197225,12.240448410878377,12.240448410878377,12.240448410878377,71.0,70.0,141.0
000222,train,122.68327331542969,6.7421555519104,0.05495578423142433,122.683275,122.683275,122.683275,6.74215546204439,6.74215546204439,6.74215546204439,49.0,95.0,144.0
000219,train,109.24622344970703,7.3614301681518555,0.06738384068012238,109.246225,109.246225,109.246225,7.361429769370553,7.361429769370553,7.361429769370553,50.0,87.0,137.0
000224,train,69.23492431640625,8.982245445251465,0.12973575294017792,69.234925,69.234925,69.234925,8.982245556895837,8.982245556895837,8.982245556895837,49.0,45.0,94.0
000226,train,87.96195220947266,10.894427299499512,0.12385386228561401,87.96195,87.96195,87.96195,10.894427575485553,10.894427575485553,10.894427575485553,57.0,63.0,120.0
000223,train,111.10224914550781,8.822881698608398,0.07941226661205292,111.10225,111.10225,111.10225,8.822881895248287,8.822881895248287,8.822881895248287,74.0,83.0,157.0
000225,train,96.20167541503906,12.80378246307373,0.13309313356876373,96.201675,96.201675,96.201675,12.803782729895683,12.803782729895683,12.803782729895683,74.0,62.0,136.0
000227,train,137.01832580566406,35.56630325317383,0.2595733404159546,137.018325,137.018325,137.018325,35.566302017420576,35.566302017420576,35.566302017420576,157.0,66.0,223.0
000228,train,137.29812622070312,33.21174621582031,0.24189510941505432,137.298125,137.298125,137.298125,33.2117463630622,33.2117463630622,33.2117463630622,129.0,89.0,218.0
000229,train,197.03515625,22.4792423248291,0.11408746987581253,197.03515,197.03515,197.03515,22.479241857266892,22.479241857266892,22.479241857266892,104.0,146.0,250.0
000231,train,182.0477294921875,32.47139358520508,0.178367480635643,182.047725,182.047725,182.047725,32.4713942928907,32.4713942928907,32.4713942928907,158.0,97.0,255.0
000230,train,190.5771026611328,23.373775482177734,0.12264734506607056,190.5771,190.5771,190.5771,23.373774953781002,23.373774953781002,23.373774953781002,113.0,135.0,248.0
000232,train,173.10699462890625,27.28766441345215,0.1576346755027771,173.107,173.107,173.107,27.28766481397776,27.28766481397776,27.28766481397776,145.0,98.0,243.0
000234,train,215.88992309570312,20.846433639526367,0.09656047821044922,215.889925,215.889925,215.889925,20.84643275225704,20.84643275225704,20.84643275225704,110.0,145.0,255.0
000233,train,195.36647033691406,24.5823974609375,0.1258271038532257,195.366475,195.366475,195.366475,24.58239656897543,24.58239656897543,24.58239656897543,140.0,115.0,255.0
000235,train,221.40277099609375,20.694881439208984,0.09347164630889893,221.402775,221.402775,221.402775,20.69488094431507,20.69488094431507,20.69488094431507,111.0,144.0,255.0
000236,train,202.84793090820312,22.87415885925293,0.11276505887508392,202.847925,202.847925,202.847925,22.874160054401454,22.874160054401454,22.874160054401454,112.0,143.0,255.0
000237,train,232.63204956054688,15.503059387207031,0.06664197891950607,232.63205,232.63205,232.63205,15.503059788232129,15.503059788232129,15.503059788232129,96.0,159.0,255.0
000239,train,178.02560424804688,32.50791549682617,0.18260246515274048,178.0256,178.0256,178.0256,32.50791356946797,32.50791356946797,32.50791356946797,149.0,100.0,249.0
000241,train,196.4853057861328,25.004199981689453,0.1272573471069336,196.4853,196.4853,196.4853,25.004199325513305,25.004199325513305,25.004199325513305,134.0,121.0,255.0
000240,train,233.43392944335938,18.386266708374023,0.07876432687044144,233.433925,233.433925,233.433925,18.386266181429416,18.386266181429416,18.386266181429416,74.0,181.0,255.0
000238,train,218.9081268310547,21.45578384399414,0.09801273047924042,218.908125,218.908125,218.908125,21.455783229338774,21.455783229338774,21.455783229338774,107.0,148.0,255.0
000242,train,221.9523468017578,20.695505142211914,0.09324301034212112,221.95235,221.95235,221.95235,20.695503846910807,20.695503846910807,20.695503846910807,100.0,155.0,255.0
000243,train,186.2989044189453,26.395645141601562,0.1416843831539154,186.2989,186.2989,186.2989,26.395643746459378,26.395643746459378,26.395643746459378,139.0,116.0,255.0
000245,train,164.3251190185547,36.396202087402344,0.22148896753787994,164.325125,164.325125,164.325125,36.396203356042165,36.396203356042165,36.396203356042165,158.0,89.0,247.0
000247,train,161.7740478515625,28.213518142700195,0.17440076172351837,161.77405,161.77405,161.77405,28.21351797627336,28.21351797627336,28.21351797627336,127.0,94.0,221.0
000244,train,177.89744567871094,32.631103515625,0.18342648446559906,177.89745,177.89745,177.89745,32.631103773815255,32.631103773815255,32.631103773815255,150.0,105.0,255.0
000248,train,193.00125122070312,25.153244018554688,0.13032683730125427,193.00125,193.00125,193.00125,25.153243298578815,25.153243298578815,25.153243298578815,123.0,131.0,254.0
000250,train,178.8690948486328,28.600297927856445,0.1598951369524002,178.8691,178.8691,178.8691,28.600298340926447,28.600298340926447,28.600298340926447,126.0,116.0,242.0
000246,train,150.25445556640625,36.514583587646484,0.24301831424236298,150.25445,150.25445,150.25445,36.51458208986514,36.51458208986514,36.51458208986514,167.0,62.0,229.0
000249,train,159.98489379882812,30.23006248474121,0.18895572423934937,159.9849,159.9849,159.9849,30.23005990715202,30.23005990715202,30.23005990715202,125.0,102.0,227.0
000251,train,228.23410034179688,15.704901695251465,0.06881049275398254,228.2341,228.2341,228.2341,15.704902011473996,15.704902011473996,15.704902011473996,69.0,186.0,255.0
000253,train,180.39285278320312,30.466657638549805,0.1688905954360962,180.39285,180.39285,180.39285,30.466657494341252,30.466657494341252,30.466657494341252,142.0,101.0,243.0
000255,train,174.11732482910156,27.694067001342773,0.15905405580997467,174.117325,174.117325,174.117325,27.69406632916833,27.69406632916833,27.69406632916833,115.0,116.0,231.0
000252,train,127.47875213623047,35.41150665283203,0.27778360247612,127.47875,127.47875,127.47875,35.41150728841544,35.41150728841544,35.41150728841544,153.0,62.0,215.0
000254,train,162.37855529785156,27.728811264038086,0.1707664579153061,162.37855,162.37855,162.37855,27.72881172891294,27.72881172891294,27.72881172891294,113.0,108.0,221.0
000256,train,189.83399963378906,26.16140365600586,0.13781200349330902,189.834,189.834,189.834,26.161403708516865,26.161403708516865,26.161403708516865,109.0,136.0,245.0
000257,train,154.23477172851562,27.591062545776367,0.17889003455638885,154.234775,154.234775,154.234775,27.591062967913633,27.591062967913633,27.591062967913633,130.0,91.0,221.0
000258,train,102.34587860107422,13.6541166305542,0.1334114968776703,102.345875,102.345875,102.345875,13.654116430013882,13.654116430013882,13.654116430013882,71.0,68.0,139.0
000259,train,138.60025024414062,12.947254180908203,0.09341436624526978,138.60025,138.60025,138.60025,12.947254532815055,12.947254532815055,12.947254532815055,79.0,104.0,183.0
000260,train,142.90809631347656,8.738367080688477,0.06114675849676132,142.9081,142.9081,142.9081,8.738366803356334,8.738366803356334,8.738366803356334,58.0,111.0,169.0
000262,train,103.31812286376953,14.697291374206543,0.14225278794765472,103.318125,103.318125,103.318125,14.697291297527412,14.697291297527412,14.697291297527412,79.0,62.0,141.0
000263,train,104.30782318115234,16.2684326171875,0.15596559643745422,104.307825,104.307825,104.307825,16.26843319958548,16.26843319958548,16.26843319958548,68.0,71.0,139.0
000261,train,142.45562744140625,9.392794609069824,0.06593488156795502,142.455625,142.455625,142.455625,9.392794092248323,9.392794092248323,9.392794092248323,61.0,110.0,171.0
000265,train,75.26527404785156,13.56386947631836,0.18021418154239655,75.265275,75.265275,75.265275,13.563869439594848,13.563869439594848,13.563869439594848,75.0,38.0,113.0
000267,train,119.89420318603516,15.389123916625977,0.12835586071014404,119.8942,119.8942,119.8942,15.389124613180568,15.389124613180568,15.389124613180568,88.0,70.0,158.0
000264,train,100.83429718017578,15.071383476257324,0.1494668424129486,100.8343,100.8343,100.8343,15.071383264650926,15.071383264650926,15.071383264650926,84.0,63.0,147.0
000268,train,104.16964721679688,16.15513801574707,0.15508489310741425,104.16965,104.16965,104.16965,16.155137538179613,16.155137538179613,16.155137538179613,82.0,60.0,142.0
000266,train,106.25834655761719,16.723974227905273,0.15738974511623383,106.25835,106.25835,106.25835,16.723973967855247,16.723973967855247,16.723973967855247,89.0,57.0,146.0
000270,train,87.1375732421875,15.297950744628906,0.17556090652942657,87.137575,87.137575,87.137575,15.29795078170194,15.29795078170194,15.29795078170194,71.0,59.0,130.0
000269,train,49.89382553100586,10.503987312316895,0.21052679419517517,49.893825,49.893825,49.893825,10.503987427133328,10.503987427133328,10.503987427133328,47.0,27.0,74.0
000271,train,59.78827667236328,10.911697387695312,0.18250563740730286,59.788275,59.788275,59.788275,10.911697737949627,10.911697737949627,10.911697737949627,60.0,35.0,95.0
000272,train,117.84880065917969,15.42733383178711,0.13090786337852478,117.8488,117.8488,117.8488,15.427334136525339,15.427334136525339,15.427334136525339,78.0,85.0,163.0
000273,train,95.0459976196289,14.336649894714355,0.15083907544612885,95.046,95.046,95.046,14.336650027115818,14.336650027115818,14.336650027115818,121.0,60.0,181.0
000275,train,88.57787322998047,13.553594589233398,0.15301331877708435,88.577875,88.577875,88.577875,13.553594928445184,13.553594928445184,13.553594928445184,80.0,51.0,131.0
000274,train,57.93657684326172,10.615423202514648,0.1832249015569687,57.936575,57.936575,57.936575,10.615422849296912,10.615422849296912,10.615422849296912,53.0,35.0,88.0
000276,train,90.85772705078125,12.909093856811523,0.14208030700683594,90.857725,90.857725,90.857725,12.909093028728819,12.909093028728819,12.909093028728819,70.0,52.0,122.0
000277,train,137.241455078125,12.809420585632324,0.09333492070436478,137.24145,137.24145,137.24145,12.809420435659842,12.809420435659842,12.809420435659842,84.0,90.0,174.0
000278,train,89.30502319335938,12.730598449707031,0.14255186915397644,89.305025,89.305025,89.305025,12.730598365724017,12.730598365724017,12.730598365724017,66.0,61.0,127.0
000279,train,126.08260345458984,14.436121940612793,0.11449733376502991,126.0826,126.0826,126.0826,14.43612230621506,14.43612230621506,14.43612230621506,96.0,88.0,184.0
000281,train,85.30560302734375,11.589249610900879,0.13585565984249115,85.3056,85.3056,85.3056,11.5892497013396,11.5892497013396,11.5892497013396,68.0,60.0,128.0
000280,train,122.76679992675781,12.461584091186523,0.10150614380836487,122.7668,122.7668,122.7668,12.461583677847692,12.461583677847692,12.461583677847692,85.0,79.0,164.0
000283,train,105.10212707519531,16.551856994628906,0.1574835628271103,105.102125,105.102125,105.102125,16.551857765349936,16.551857765349936,16.551857765349936,153.0,60.0,213.0
000286,train,97.10807800292969,14.445950508117676,0.1487615704536438,97.108075,97.108075,97.108075,14.445950809634338,14.445950809634338,14.445950809634338,81.0,59.0,140.0
000282,train,108.03202819824219,12.276634216308594,0.11363884061574936,108.032025,108.032025,108.032025,12.2766342862926,12.2766342862926,12.2766342862926,95.0,68.0,163.0
000284,train,82.09212493896484,15.10710620880127,0.18402625620365143,82.092125,82.092125,82.092125,15.107105546211525,15.107105546211525,15.107105546211525,99.0,46.0,145.0
000285,train,84.40997314453125,13.590682029724121,0.16100801527500153,84.409975,84.409975,84.409975,13.590682304408965,13.590682304408965,13.590682304408965,65.0,54.0,119.0
000288,train,68.28485107421875,11.347894668579102,0.166184663772583,68.28485,68.28485,68.28485,11.347894539406859,11.347894539406859,11.347894539406859,62.0,36.0,98.0
000287,train,83.52114868164062,10.687939643859863,0.12796686589717865,83.52115,83.52115,83.52115,10.687939589906936,10.687939589906936,10.687939589906936,80.0,45.0,125.0
000290,train,98.2009506225586,16.55759620666504,0.16860932111740112,98.20095,98.20095,98.20095,16.557595510746722,16.557595510746722,16.557595510746722,70.0,67.0,137.0
000289,train,83.5300521850586,13.90896224975586,0.16651447117328644,83.53005,83.53005,83.53005,13.908962829682881,13.908962829682881,13.908962829682881,82.0,42.0,124.0
000293,train,92.91727447509766,10.479681015014648,0.11278506368398666,92.917275,92.917275,92.917275,10.479681845093152,10.479681845093152,10.479681845093152,79.0,49.0,128.0
000291,train,118.56277465820312,12.364947319030762,0.10429029911756516,118.562775,118.562775,118.562775,12.364946797272319,12.364946797272319,12.364946797272319,82.0,67.0,149.0
000294,train,76.92462158203125,10.962637901306152,0.14251142740249634,76.924625,76.924625,76.924625,10.962638533189672,10.962638533189672,10.962638533189672,55.0,52.0,107.0
000292,train,119.76544952392578,10.440058708190918,0.08717086911201477,119.76545,119.76545,119.76545,10.440059209482483,10.440059209482483,10.440059209482483,81.0,76.0,157.0
000297,train,217.0850067138672,18.686479568481445,0.08607909083366394,217.085,217.085,217.085,18.686481075900833,18.686481075900833,18.686481075900833,96.0,159.0,255.0
000296,train,61.84202575683594,9.041214942932129,0.1461985558271408,61.842025,61.842025,61.842025,9.041215012340707,9.041215012340707,9.041215012340707,56.0,34.0,90.0
000298,train,141.57017517089844,15.399066925048828,0.1087733805179596,141.570175,141.570175,141.570175,15.39906735712832,15.39906735712832,15.39906735712832,106.0,79.0,185.0
000295,train,94.34552764892578,9.036724090576172,0.0957832783460617,94.345525,94.345525,94.345525,9.036724377470799,9.036724377470799,9.036724377470799,72.0,53.0,125.0
000299,train,142.43267822265625,13.116243362426758,0.09208732098340988,142.432675,142.432675,142.432675,13.116242500974698,13.116242500974698,13.116242500974698,96.0,85.0,181.0
000300,train,136.82679748535156,11.335249900817871,0.08284378796815872,136.8268,136.8268,136.8268,11.33525040570344,11.33525040570344,11.33525040570344,85.0,86.0,171.0
000501,train,138.04100036621094,57.28861999511719,0.41501161456108093,138.041,138.041,138.041,57.2886212000254,57.2886212000254,57.2886212000254,255.0,0.0,255.0
000502,train,140.07875061035156,61.84962844848633,0.44153469800949097,140.07875,140.07875,140.07875,61.849626906211,61.849626906211,61.849626906211,255.0,0.0,255.0
000504,train,136.14614868164062,58.002296447753906,0.42602965235710144,136.14615,136.14615,136.14615,58.002297714638,58.002297714638,58.002297714638,255.0,0.0,255.0
000506,train,133.88609313964844,60.60872268676758,0.45268872380256653,133.8861,133.8861,133.8861,60.60872319056061,60.60872319056061,60.60872319056061,255.0,0.0,255.0
000507,train,64.53704833984375,36.764400482177734,0.5696634650230408,64.53705,64.53705,64.53705,36.7644009511579,36.7644009511579,36.7644009511579,223.0,0.0,223.0
000505,train,63.966949462890625,38.395225524902344,0.6002353429794312,63.96695,63.96695,63.96695,38.395227017137174,38.395227017137174,38.395227017137174,224.0,0.0,224.0
000503,train,73.14422607421875,50.999725341796875,0.6972488164901733,73.144225,73.144225,73.144225,50.999728177210656,50.999728177210656,50.999728177210656,255.0,0.0,255.0
000508,train,65.60735321044922,46.018619537353516,0.7014247179031372,65.60735,65.60735,65.60735,46.018619883450434,46.018619883450434,46.018619883450434,252.0,0.0,252.0
000509,train,92.70577239990234,45.5888786315918,0.491758793592453,92.705775,92.705775,92.705775,45.58887755417296,45.58887755417296,45.58887755417296,255.0,0.0,255.0
000511,train,130.43820190429688,50.73011779785156,0.38892069458961487,130.4382,130.4382,130.4382,50.7301185762462,50.7301185762462,50.7301185762462,250.0,5.0,255.0
000510,train,108.68370056152344,45.34607696533203,0.4172297716140747,108.6837,108.6837,108.6837,45.34607760666847,45.34607760666847,45.34607760666847,250.0,5.0,255.0
000515,train,105.69850158691406,45.68000793457031,0.4321727156639099,105.6985,105.6985,105.6985,45.68000982650945,45.68000982650945,45.68000982650945,255.0,0.0,255.0
000513,train,62.46894836425781,34.22399139404297,0.5478560328483582,62.46895,62.46895,62.46895,34.22399137881933,34.22399137881933,34.22399137881933,194.0,0.0,194.0
000514,train,39.30232620239258,24.61914825439453,0.626404345035553,39.302325,39.302325,39.302325,24.619147519651754,24.619147519651754,24.619147519651754,143.0,0.0,143.0
000512,train,146.60498046875,63.2446174621582,0.4313947260379791,146.604975,146.604975,146.604975,63.244614239074735,63.244614239074735,63.244614239074735,249.0,6.0,255.0
000517,train,153.91712951660156,59.966678619384766,0.3896036744117737,153.917125,153.917125,153.917125,59.96668205540786,59.96668205540786,59.96668205540786,255.0,0.0,255.0
000518,train,35.567474365234375,27.740331649780273,0.779935359954834,35.567475,35.567475,35.567475,27.740331597231766,27.740331597231766,27.740331597231766,180.0,0.0,180.0
000516,train,138.2593231201172,57.040077209472656,0.4125586450099945,138.259325,138.259325,138.259325,57.040078239290445,57.040078239290445,57.040078239290445,237.0,18.0,255.0
000519,train,44.12722396850586,28.511144638061523,0.6461123824119568,44.127225,44.127225,44.127225,28.511143239080663,28.511143239080663,28.511143239080663,160.0,0.0,160.0
000521,train,150.50885009765625,63.56562042236328,0.4223380982875824,150.50885,150.50885,150.50885,63.565622168570805,63.565622168570805,63.565622168570805,248.0,7.0,255.0
000520,train,125.03367614746094,61.04319763183594,0.48821404576301575,125.033675,125.033675,125.033675,61.043198564577,61.043198564577,61.043198564577,250.0,5.0,255.0
000522,train,153.4918975830078,60.88616943359375,0.3966735005378723,153.4919,153.4919,153.4919,60.88616619881728,60.88616619881728,60.88616619881728,241.0,14.0,255.0
000526,train,68.61632537841797,30.236318588256836,0.4406577944755554,68.616325,68.616325,68.616325,30.236317045803958,30.236317045803958,30.236317045803958,194.0,0.0,194.0
000525,train,88.13462829589844,40.602840423583984,0.4606911242008209,88.134625,88.134625,88.134625,40.60284227870476,40.60284227870476,40.60284227870476,255.0,0.0,255.0
000527,train,162.77235412597656,63.4543342590332,0.38983485102653503,162.77235,162.77235,162.77235,63.454333386125015,63.454333386125015,63.454333386125015,243.0,12.0,255.0
000523,train,175.67575073242188,67.37017822265625,0.3834916055202484,175.67575,175.67575,175.67575,67.37017895135429,67.37017895135429,67.37017895135429,220.0,35.0,255.0
000528,train,148.4398193359375,55.333335876464844,0.3727661371231079,148.439825,148.439825,148.439825,55.33333650675129,55.33333650675129,55.33333650675129,227.0,28.0,255.0
000529,train,175.18927001953125,65.80144500732422,0.37560203671455383,175.189275,175.189275,175.189275,65.80144755227178,65.80144755227178,65.80144755227178,229.0,26.0,255.0
000524,train,152.19134521484375,67.89781951904297,0.4461345672607422,152.19135,152.19135,152.19135,67.89782459827045,67.89782459827045,67.89782459827045,255.0,0.0,255.0
000530,train,144.59144592285156,58.793209075927734,0.40661609172821045,144.59145,144.59145,144.59145,58.79320740440599,58.79320740440599,58.79320740440599,246.0,9.0,255.0
000531,train,153.19285583496094,59.44535827636719,0.3880426287651062,153.19285,153.19285,153.19285,59.445355233840594,59.445355233840594,59.445355233840594,244.0,11.0,255.0
000532,train,73.8322525024414,35.95172882080078,0.4869379997253418,73.83225,73.83225,73.83225,35.95173027738025,35.95173027738025,35.95173027738025,215.0,0.0,215.0
000535,train,177.1607208251953,66.76657104492188,0.3768700659275055,177.160725,177.160725,177.160725,66.76656755049173,66.76656755049173,66.76656755049173,250.0,5.0,255.0
000534,train,149.3311004638672,64.22073364257812,0.43005597591400146,149.3311,149.3311,149.3311,64.22073553604007,64.22073553604007,64.22073553604007,251.0,4.0,255.0
000533,train,59.09954833984375,32.46063232421875,0.5492534637451172,59.09955,59.09955,59.09955,32.46063138322328,32.46063138322328,32.46063138322328,195.0,0.0,195.0
000537,train,162.79905700683594,71.23535919189453,0.4375661611557007,162.79905,162.79905,162.79905,71.23535827871927,71.23535827871927,71.23535827871927,223.0,32.0,255.0
000538,train,139.7532958984375,63.24427032470703,0.452542245388031,139.7533,139.7533,139.7533,63.24427396302372,63.24427396302372,63.24427396302372,233.0,22.0,255.0
000539,train,117.35745239257812,50.295753479003906,0.42856889963150024,117.35745,117.35745,117.35745,50.29575309603685,50.29575309603685,50.29575309603685,240.0,15.0,255.0
000536,train,174.71859741210938,72.0046157836914,0.4121176302433014,174.7186,174.7186,174.7186,72.00461800495854,72.00461800495854,72.00461800495854,238.0,17.0,255.0
000541,train,213.55352783203125,56.1978874206543,0.2631559669971466,213.553525,213.553525,213.553525,56.197887283014246,56.197887283014246,56.197887283014246,234.0,21.0,255.0
000540,train,99.66602325439453,36.001983642578125,0.36122626066207886,99.666025,99.666025,99.666025,36.001987246530916,36.001987246530916,36.001987246530916,246.0,7.0,253.0
000542,train,174.01937866210938,62.34937286376953,0.35828983783721924,174.019375,174.019375,174.019375,62.34937288866164,62.34937288866164,62.34937288866164,251.0,4.0,255.0
000544,train,90.28455352783203,43.60560989379883,0.48297974467277527,90.28455,90.28455,90.28455,43.60560894308781,43.60560894308781,43.60560894308781,242.0,0.0,242.0
000543,train,172.14404296875,63.777687072753906,0.3704902231693268,172.14405,172.14405,172.14405,63.777685357791874,63.777685357791874,63.777685357791874,216.0,39.0,255.0
000546,train,157.0492706298828,62.20426940917969,0.39608123898506165,157.049275,157.049275,157.049275,62.204268719874634,62.204268719874634,62.204268719874634,240.0,15.0,255.0
000545,train,156.1746063232422,59.67089080810547,0.38207805156707764,156.1746,156.1746,156.1746,59.670890850061895,59.670890850061895,59.670890850061895,255.0,0.0,255.0
000548,train,179.80548095703125,65.6006851196289,0.3648425340652466,179.805475,179.805475,179.805475,65.60068433350658,65.60068433350658,65.60068433350658,251.0,4.0,255.0
000547,train,173.18992614746094,68.70602416992188,0.3967091143131256,173.189925,173.189925,173.189925,68.70602268720243,68.70602268720243,68.70602268720243,250.0,5.0,255.0
000549,train,189.2729949951172,68.60965728759766,0.3624904751777649,189.273,189.273,189.273,68.6096590940372,68.6096590940372,68.6096590940372,251.0,4.0,255.0
000552,train,115.55740356445312,45.269622802734375,0.3917500972747803,115.5574,115.5574,115.5574,45.26962121820769,45.26962121820769,45.26962121820769,244.0,11.0,255.0
000553,train,64.87442779541016,32.224369049072266,0.4967191219329834,64.874425,64.874425,64.874425,32.224368200468646,32.224368200468646,32.224368200468646,188.0,0.0,188.0
000550,train,130.03842163085938,62.896121978759766,0.4836733639240265,130.038425,130.038425,130.038425,62.896123080197675,62.896123080197675,62.896123080197675,255.0,0.0,255.0
000551,train,172.229248046875,57.76081085205078,0.3353716731071472,172.22925,172.22925,172.22925,57.760811926750996,57.760811926750996,57.760811926750996,226.0,29.0,255.0
000554,train,161.5430450439453,66.7310562133789,0.41308528184890747,161.54305,161.54305,161.54305,66.73105234220048,66.73105234220048,66.73105234220048,230.0,25.0,255.0
000556,train,189.5115509033203,67.00920104980469,0.3535889983177185,189.51155,189.51155,189.51155,67.00920247695461,67.00920247695461,67.00920247695461,255.0,0.0,255.0
000557,train,131.03024291992188,63.84190368652344,0.4872303009033203,131.03025,131.03025,131.03025,63.841906181892,63.841906181892,63.841906181892,255.0,0.0,255.0
000555,train,97.31710052490234,41.64299774169922,0.42791038751602173,97.3171,97.3171,97.3171,41.642998182047364,41.642998182047364,41.642998182047364,254.0,1.0,255.0
000559,train,170.23187255859375,56.972476959228516,0.33467572927474976,170.231875,170.231875,170.231875,56.97247940000834,56.97247940000834,56.97247940000834,255.0,0.0,255.0
000561,train,48.39384841918945,23.512598037719727,0.4858592450618744,48.39385,48.39385,48.39385,23.512598371458225,23.512598371458225,23.512598371458225,161.0,0.0,161.0
000558,train,106.43769836425781,43.73741149902344,0.41092029213905334,106.4377,106.4377,106.4377,43.73741211720236,43.73741211720236,43.73741211720236,245.0,10.0,255.0
000560,train,165.41932678222656,68.25736999511719,0.41263237595558167,165.419325,165.419325,165.419325,68.25737353242047,68.25737353242047,68.25737353242047,255.0,0.0,255.0
000562,train,109.99829864501953,56.286922454833984,0.5117071866989136,109.9983,109.9983,109.9983,56.28692074638654,56.28692074638654,56.28692074638654,251.0,4.0,255.0
000564,train,38.29192352294922,24.396448135375977,0.637117326259613,38.291925,38.291925,38.291925,24.396447585547676,24.396447585547676,24.396447585547676,143.0,0.0,143.0
000563,train,116.18887329101562,60.226318359375,0.5183483958244324,116.188875,116.188875,116.188875,60.22631776253945,60.22631776253945,60.22631776253945,246.0,9.0,255.0
000567,train,167.70066833496094,73.005615234375,0.43533289432525635,167.700675,167.700675,167.700675,73.00561779441617,73.00561779441617,73.00561779441617,255.0,0.0,255.0
000565,train,181.07009887695312,63.685184478759766,0.351715624332428,181.0701,181.0701,181.0701,63.68518144741365,63.68518144741365,63.68518144741365,255.0,0.0,255.0
000566,train,96.10144805908203,43.08774185180664,0.44835683703422546,96.10145,96.10145,96.10145,43.08774370859421,43.08774370859421,43.08774370859421,248.0,0.0,248.0
000569,train,129.4451446533203,65.14262390136719,0.5032449960708618,129.44515,129.44515,129.44515,65.14262000777602,65.14262000777602,65.14262000777602,255.0,0.0,255.0
000568,train,187.08885192871094,64.98930358886719,0.34737133979797363,187.08885,187.08885,187.08885,64.9893049330234,64.9893049330234,64.9893049330234,255.0,0.0,255.0
000570,train,214.3355255126953,58.762996673583984,0.2741635739803314,214.335525,214.335525,214.335525,58.76299641759579,58.76299641759579,58.76299641759579,213.0,42.0,255.0
000571,train,117.3905029296875,47.68633270263672,0.4062196910381317,117.3905,117.3905,117.3905,47.68633252568287,47.68633252568287,47.68633252568287,242.0,13.0,255.0
000572,train,154.588623046875,59.785675048828125,0.38674044609069824,154.588625,154.588625,154.588625,59.78567550516909,59.78567550516909,59.78567550516909,234.0,21.0,255.0
000574,train,195.38687133789062,48.810447692871094,0.24981436133384705,195.386875,195.386875,195.386875,48.810448192312016,48.810448192312016,48.810448192312016,253.0,2.0,255.0
000576,train,178.8031768798828,64.0023193359375,0.3579484522342682,178.803175,178.803175,178.803175,64.00232132445959,64.00232132445959,64.00232132445959,240.0,15.0,255.0
000573,train,185.64273071289062,64.21099090576172,0.345884770154953,185.642725,185.642725,185.642725,64.21099305862178,64.21099305862178,64.21099305862178,213.0,42.0,255.0
000575,train,54.09257507324219,27.397127151489258,0.5064859390258789,54.092575,54.092575,54.092575,27.397127675531518,27.397127675531518,27.397127675531518,143.0,0.0,143.0
000578,train,43.27425003051758,28.549959182739258,0.6597447395324707,43.27425,43.27425,43.27425,28.549958615337783,28.549958615337783,28.549958615337783,148.0,0.0,148.0
000577,train,154.58596801757812,56.96992874145508,0.36853232979774475,154.585975,154.585975,154.585975,56.96993161571615,56.96993161571615,56.96993161571615,230.0,25.0,255.0
000579,train,116.2605972290039,43.20016860961914,0.37158048152923584,116.2606,116.2606,116.2606,43.20016883809599,43.20016883809599,43.20016883809599,245.0,10.0,255.0
000580,train,148.10096740722656,64.17439270019531,0.4333151578903198,148.100975,148.100975,148.100975,64.17439192582486,64.17439192582486,64.17439192582486,229.0,26.0,255.0
000581,train,142.17117309570312,58.97004699707031,0.41478201746940613,142.171175,142.171175,142.171175,58.97004556653636,58.97004556653636,58.97004556653636,231.0,24.0,255.0
000584,train,123.47137451171875,60.571868896484375,0.4905741810798645,123.471375,123.471375,123.471375,60.57186583397753,60.57186583397753,60.57186583397753,238.0,17.0,255.0
000582,train,149.50564575195312,66.2738037109375,0.44328629970550537,149.50565,149.50565,149.50565,66.27380491625254,66.27380491625254,66.27380491625254,249.0,6.0,255.0
000583,train,44.212974548339844,26.064685821533203,0.5895256996154785,44.212975,44.212975,44.212975,26.064684280638716,26.064684280638716,26.064684280638716,135.0,0.0,135.0
000585,train,131.55467224121094,62.83822250366211,0.47765862941741943,131.554675,131.554675,131.554675,62.83822173362623,62.83822173362623,62.83822173362623,250.0,5.0,255.0
000587,train,141.48497009277344,66.36109161376953,0.46903279423713684,141.484975,141.484975,141.484975,66.36109194587877,66.36109194587877,66.36109194587877,255.0,0.0,255.0
000586,train,121.55364990234375,63.8974609375,0.5256729125976562,121.55365,121.55365,121.55365,63.89746334305846,63.89746334305846,63.89746334305846,255.0,0.0,255.0
000589,train,63.750999450683594,37.38161849975586,0.5863691568374634,63.751,63.751,63.751,37.38161980171539,37.38161980171539,37.38161980171539,189.0,0.0,189.0
000588,train,113.3908462524414,40.40067672729492,0.35629576444625854,113.39085,113.39085,113.39085,40.40067618589446,40.40067618589446,40.40067618589446,250.0,5.0,255.0
000592,train,186.63259887695312,60.826847076416016,0.3259176015853882,186.6326,186.6326,186.6326,60.82684783251553,60.82684783251553,60.82684783251553,236.0,19.0,255.0
000591,train,149.34307861328125,70.08666229248047,0.46929970383644104,149.343075,149.343075,149.343075,70.08666188758296,70.08666188758296,70.08666188758296,242.0,13.0,255.0
000590,train,148.20359802246094,68.35344696044922,0.4612131416797638,148.2036,148.2036,148.2036,68.35344868432024,68.35344868432024,68.35344868432024,255.0,0.0,255.0
000593,train,145.9340057373047,53.050750732421875,0.3635256290435791,145.934,145.934,145.934,53.050754414993946,53.050754414993946,53.050754414993946,216.0,39.0,255.0
000596,train,138.453125,58.90852355957031,0.4254763126373291,138.453125,138.453125,138.453125,58.90852826827687,58.90852826827687,58.90852826827687,239.0,16.0,255.0
000595,train,146.2830810546875,70.3568115234375,0.48096343874931335,146.283075,146.283075,146.283075,70.35680950373158,70.35680950373158,70.35680950373158,255.0,0.0,255.0
000594,train,135.14175415039062,68.35836029052734,0.5058270692825317,135.14175,135.14175,135.14175,68.35835945177078,68.35835945177078,68.35835945177078,247.0,8.0,255.0
000597,train,127.11544799804688,72.9243392944336,0.573685884475708,127.11545,127.11545,127.11545,72.92433627601626,72.92433627601626,72.92433627601626,255.0,0.0,255.0
000600,train,92.03287506103516,44.92716979980469,0.48816436529159546,92.032875,92.032875,92.032875,44.92716933253613,44.92716933253613,44.92716933253613,238.0,0.0,238.0
000601,train,103.70242309570312,11.190173149108887,0.10790657252073288,103.702425,103.702425,103.702425,11.19017310497809,11.19017310497809,11.19017310497809,174.0,75.0,249.0
000598,train,95.16887664794922,43.57685852050781,0.4578897953033447,95.168875,95.168875,95.168875,43.57686262495701,43.57686262495701,43.57686262495701,254.0,1.0,255.0
000599,train,52.24354934692383,38.15571212768555,0.7303430438041687,52.24355,52.24355,52.24355,38.15571232983994,38.15571232983994,38.15571232983994,214.0,0.0,214.0
000603,train,97.96722412109375,15.727033615112305,0.1605336219072342,97.967225,97.967225,97.967225,15.727034075100589,15.727034075100589,15.727034075100589,183.0,72.0,255.0
000602,train,97.39530181884766,13.42458724975586,0.13783608376979828,97.3953,97.3953,97.3953,13.424587066647526,13.424587066647526,13.424587066647526,181.0,66.0,247.0
000604,train,104.31572723388672,26.73586654663086,0.2562975585460663,104.315725,104.315725,104.315725,26.73586622356521,26.73586622356521,26.73586622356521,186.0,69.0,255.0
000606,train,119.48664855957031,30.516191482543945,0.2553941607475281,119.48665,119.48665,119.48665,30.516191960621494,30.516191960621494,30.516191960621494,185.0,70.0,255.0
000605,train,108.27140045166016,28.719528198242188,0.2652549743652344,108.2714,108.2714,108.2714,28.719527190397827,28.719527190397827,28.719527190397827,186.0,69.0,255.0
000609,train,113.13825225830078,28.46605682373047,0.2516041696071625,113.13825,113.13825,113.13825,28.46605587252122,28.46605587252122,28.46605587252122,185.0,70.0,255.0
000607,train,132.15220642089844,26.229204177856445,0.19847723841667175,132.1522,132.1522,132.1522,26.22920576685463,26.22920576685463,26.22920576685463,186.0,69.0,255.0
000608,train,107.56134796142578,25.89362144470215,0.24073351919651031,107.56135,107.56135,107.56135,25.893622500096427,25.893622500096427,25.893622500096427,186.0,69.0,255.0
000610,train,124.01249694824219,24.48937225341797,0.19747503101825714,124.0125,124.0125,124.0125,24.48937205707815,24.48937205707815,24.48937205707815,185.0,70.0,255.0
000611,train,136.43104553222656,19.089475631713867,0.13992032408714294,136.43105,136.43105,136.43105,19.089474741267765,19.089474741267765,19.089474741267765,168.0,87.0,255.0
000612,train,135.88636779785156,11.031970024108887,0.08118525892496109,135.886375,135.886375,135.886375,11.031970103266913,11.031970103266913,11.031970103266913,161.0,94.0,255.0
000613,train,112.48419952392578,16.356870651245117,0.1454148292541504,112.4842,112.4842,112.4842,16.356871655668147,16.356871655668147,16.356871655668147,189.0,66.0,255.0
000616,train,144.35494995117188,8.651613235473633,0.05993291735649109,144.35495,144.35495,144.35495,8.651613173131356,8.651613173131356,8.651613173131356,132.0,119.0,251.0
000614,train,127.29084777832031,14.048116683959961,0.11036234349012375,127.29085,127.29085,127.29085,14.048117535011585,14.048117535011585,14.048117535011585,165.0,90.0,255.0
000617,train,115.98474884033203,16.202613830566406,0.13969607651233673,115.98475,115.98475,115.98475,16.20261452474569,16.20261452474569,16.20261452474569,174.0,81.0,255.0
000615,train,138.69122314453125,14.451416969299316,0.10419849306344986,138.691225,138.691225,138.691225,14.451416297352138,14.451416297352138,14.451416297352138,154.0,101.0,255.0
000619,train,121.74322509765625,15.827534675598145,0.1300075203180313,121.743225,121.743225,121.743225,15.827534286785639,15.827534286785639,15.827534286785639,165.0,90.0,255.0
000618,train,108.12200164794922,13.7373046875,0.12705373764038086,108.122,108.122,108.122,13.737303811155959,13.737303811155959,13.737303811155959,175.0,80.0,255.0
000620,train,64.36430358886719,15.01567554473877,0.23329196870326996,64.3643,64.3643,64.3643,15.015674660500608,15.015674660500608,15.015674660500608,163.0,38.0,201.0
000621,train,81.59712219238281,16.081157684326172,0.19707995653152466,81.597125,81.597125,81.597125,16.081157195126693,16.081157195126693,16.081157195126693,196.0,50.0,246.0
000623,train,102.82272338867188,21.82219123840332,0.21223121881484985,102.822725,102.822725,102.822725,21.822191653781598,21.822191653781598,21.822191653781598,185.0,70.0,255.0
000627,train,114.04952239990234,25.703086853027344,0.22536776959896088,114.049525,114.049525,114.049525,25.703087796495872,25.703087796495872,25.703087796495872,180.0,75.0,255.0
000626,train,93.73787689208984,25.191038131713867,0.26873916387557983,93.737875,93.737875,93.737875,25.191039388726598,25.191039388726598,25.191039388726598,198.0,57.0,255.0
000622,train,79.9271240234375,19.534709930419922,0.24440652132034302,79.927125,79.927125,79.927125,19.534709218065547,19.534709218065547,19.534709218065547,196.0,49.0,245.0
000624,train,89.68492126464844,24.352691650390625,0.27153608202934265,89.684925,89.684925,89.684925,24.352692925924536,24.352692925924536,24.352692925924536,201.0,54.0,255.0
000625,train,111.48477172851562,25.854095458984375,0.2319069653749466,111.484775,111.484775,111.484775,25.854094805260054,25.854094805260054,25.854094805260054,180.0,75.0,255.0
000628,train,86.29949951171875,18.85457420349121,0.21847836673259735,86.2995,86.2995,86.2995,18.854575034988194,18.854575034988194,18.854575034988194,194.0,55.0,249.0
000629,train,106.14835357666016,19.025753021240234,0.17923738062381744,106.14835,106.14835,106.14835,19.025752081783782,19.025752081783782,19.025752081783782,180.0,75.0,255.0
000630,train,111.8635025024414,20.123638153076172,0.1798945814371109,111.8635,111.8635,111.8635,20.123637040803533,20.123637040803533,20.123637040803533,170.0,85.0,255.0
000631,train,109.9718017578125,13.618967056274414,0.12384054064750671,109.9718,109.9718,109.9718,13.618966728794076,13.618966728794076,13.618966728794076,176.0,79.0,255.0
000635,train,123.42212677001953,20.39380645751953,0.1652362197637558,123.422125,123.422125,123.422125,20.393806302021577,20.393806302021577,20.393806302021577,153.0,85.0,238.0
000634,train,120.28547668457031,18.335346221923828,0.152431920170784,120.285475,120.285475,120.285475,18.33534643862436,18.33534643862436,18.33534643862436,139.0,85.0,224.0
000636,train,113.48014831542969,21.86720848083496,0.19269633293151855,113.48015,113.48015,113.48015,21.867209606566174,21.867209606566174,21.867209606566174,160.0,76.0,236.0
000632,train,88.37787628173828,15.94698429107666,0.18044090270996094,88.377875,88.377875,88.377875,15.946985153450635,15.946985153450635,15.946985153450635,195.0,52.0,247.0
000633,train,70.67845153808594,13.25771427154541,0.18757788836956024,70.67845,70.67845,70.67845,13.257714946305793,13.257714946305793,13.257714946305793,77.0,46.0,123.0
000637,train,149.19557189941406,15.91634464263916,0.10668107867240906,149.195575,149.195575,149.195575,15.91634459979348,15.91634459979348,15.91634459979348,129.0,117.0,246.0
000641,train,132.4956817626953,24.133222579956055,0.1821434646844864,132.495675,132.495675,132.495675,24.133221527478984,24.133221527478984,24.133221527478984,158.0,97.0,255.0
000638,train,143.16297912597656,19.616971969604492,0.13702544569969177,143.162975,143.162975,143.162975,19.616972604083816,19.616972604083816,19.616972604083816,134.0,109.0,243.0
000639,train,128.20135498046875,23.137733459472656,0.18047963082790375,128.20135,128.20135,128.20135,23.137732347347697,23.137732347347697,23.137732347347697,155.0,91.0,246.0
000640,train,152.62875366210938,15.971770286560059,0.10464456677436829,152.62875,152.62875,152.62875,15.971769577523338,15.971769577523338,15.971769577523338,125.0,118.0,243.0
000642,train,116.29015350341797,18.60619354248047,0.15999801456928253,116.29015,116.29015,116.29015,18.606192866287827,18.606192866287827,18.606192866287827,151.0,81.0,232.0
000644,train,76.36614990234375,13.641031265258789,0.1786266714334488,76.36615,76.36615,76.36615,13.641031272506488,13.641031272506488,13.641031272506488,64.0,50.0,114.0
000643,train,77.36267852783203,13.586450576782227,0.1756202131509781,77.362675,77.362675,77.362675,13.58645067132601,13.58645067132601,13.58645067132601,63.0,52.0,115.0
000645,train,141.60643005371094,21.991870880126953,0.1553027629852295,141.606425,141.606425,141.606425,21.991869491231867,21.991869491231867,21.991869491231867,149.0,106.0,255.0
000646,train,157.08372497558594,14.036015510559082,0.08935372531414032,157.083725,157.083725,157.083725,14.036014930327447,14.036014930327447,14.036014930327447,124.0,126.0,250.0
000647,train,105.63652801513672,22.91948699951172,0.21696554124355316,105.636525,105.636525,105.636525,22.919486489107364,22.919486489107364,22.919486489107364,184.0,71.0,255.0
000648,train,126.76419830322266,20.21322250366211,0.1594552993774414,126.7642,126.7642,126.7642,20.21322335403238,20.21322335403238,20.21322335403238,167.0,88.0,255.0
000651,train,150.5482177734375,22.623031616210938,0.1502709984779358,150.548225,150.548225,150.548225,22.623030839155373,22.623030839155373,22.623030839155373,146.0,109.0,255.0
000649,train,120.39015197753906,23.53917694091797,0.19552411139011383,120.39015,120.39015,120.39015,23.53917761897174,23.53917761897174,23.53917761897174,176.0,79.0,255.0
000650,train,139.30905151367188,28.86838722229004,0.207225501537323,139.30905,139.30905,139.30905,28.868387348404138,28.868387348404138,28.868387348404138,156.0,99.0,255.0
000653,train,164.30674743652344,19.36621856689453,0.11786624044179916,164.30675,164.30675,164.30675,19.366219415195626,19.366219415195626,19.366219415195626,122.0,133.0,255.0
000652,train,156.25390625,23.357040405273438,0.14948132634162903,156.2539,156.2539,156.2539,23.35704036880529,23.35704036880529,23.35704036880529,140.0,115.0,255.0
000655,train,142.21910095214844,26.138263702392578,0.1837887018918991,142.2191,142.2191,142.2191,26.138264004902847,26.138264004902847,26.138264004902847,159.0,96.0,255.0
000654,train,146.44285583496094,28.5172061920166,0.1947326511144638,146.44285,146.44285,146.44285,28.51720505024116,28.51720505024116,28.51720505024116,150.0,105.0,255.0
000658,train,104.50357818603516,22.595897674560547,0.21622128784656525,104.503575,104.503575,104.503575,22.595898681384085,22.595898681384085,22.595898681384085,174.0,70.0,244.0
000656,train,130.56625366210938,22.034372329711914,0.16876009106636047,130.56625,130.56625,130.56625,22.034372261026636,22.034372261026636,22.034372261026636,165.0,90.0,255.0
000657,train,107.00972747802734,19.831802368164062,0.18532709777355194,107.009725,107.009725,107.009725,19.831803509120775,19.831803509120775,19.831803509120775,161.0,74.0,235.0
000661,train,145.3933563232422,28.276897430419922,0.19448548555374146,145.39335,145.39335,145.39335,28.27689738598455,28.27689738598455,28.27689738598455,146.0,109.0,255.0
000660,train,165.10836791992188,18.809349060058594,0.11392123252153397,165.108375,165.108375,165.108375,18.8093495331278,18.8093495331278,18.8093495331278,117.0,138.0,255.0
000659,train,154.32965087890625,25.087282180786133,0.1625564694404602,154.32965,154.32965,154.32965,25.08728225371373,25.08728225371373,25.08728225371373,144.0,111.0,255.0
000662,train,109.3938217163086,24.21200942993164,0.22132885456085205,109.393825,109.393825,109.393825,24.212011004238683,24.212011004238683,24.212011004238683,183.0,72.0,255.0
000663,train,127.47367858886719,21.43753433227539,0.16817224025726318,127.473675,127.473675,127.473675,21.43753500275568,21.43753500275568,21.43753500275568,168.0,87.0,255.0
000664,train,118.37525177001953,27.068674087524414,0.22866836190223694,118.37525,118.37525,118.37525,27.06867354410814,27.06867354410814,27.06867354410814,181.0,74.0,255.0
000665,train,162.69140625,20.315628051757812,0.12487216293811798,162.6914,162.6914,162.6914,20.315627384848344,20.315627384848344,20.315627384848344,125.0,130.0,255.0
000666,train,138.4794464111328,20.362709045410156,0.14704498648643494,138.47945,138.47945,138.47945,20.362709242571334,20.362709242571334,20.362709242571334,161.0,94.0,255.0
000667,train,140.58982849121094,20.367998123168945,0.14487533271312714,140.589825,140.589825,140.589825,20.367998955944962,20.367998955944962,20.367998955944962,148.0,107.0,255.0
000668,train,127.5969467163086,29.93837547302246,0.23463238775730133,127.59695,127.59695,127.59695,29.938375051052784,29.938375051052784,29.938375051052784,179.0,76.0,255.0
000669,train,101.25172424316406,15.098217010498047,0.149115651845932,101.251725,101.251725,101.251725,15.098217097537544,15.098217097537544,15.098217097537544,82.0,66.0,148.0
000670,train,143.65687561035156,14.823033332824707,0.10318359732627869,143.656875,143.656875,143.656875,14.823032423710576,14.823032423710576,14.823032423710576,116.0,103.0,219.0
000672,train,129.17489624023438,15.027729988098145,0.11633630096912384,129.1749,129.1749,129.1749,15.027729701787957,15.027729701787957,15.027729701787957,136.0,73.0,209.0
000671,train,113.94337463378906,17.764562606811523,0.15590693056583405,113.943375,113.943375,113.943375,17.764562156421842,17.764562156421842,17.764562156421842,123.0,66.0,189.0
000674,train,80.13187408447266,19.933664321899414,0.24876074492931366,80.131875,80.131875,80.131875,19.93366333578389,19.93366333578389,19.93366333578389,108.0,35.0,143.0
000673,train,106.8668212890625,17.903886795043945,0.16753457486629486,106.866825,106.866825,106.866825,17.903887550456048,17.903887550456048,17.903887550456048,128.0,63.0,191.0
000675,train,51.20119857788086,13.540877342224121,0.2644640803337097,51.2012,51.2012,51.2012,13.540877687949182,13.540877687949182,13.540877687949182,103.0,25.0,128.0
000677,train,103.71822357177734,24.29238510131836,0.23421519994735718,103.718225,103.718225,103.718225,24.29238415325624,24.29238415325624,24.29238415325624,200.0,55.0,255.0
000676,train,90.16365051269531,18.87332534790039,0.209322988986969,90.16365,90.16365,90.16365,18.87332558606193,18.87332558606193,18.87332558606193,125.0,50.0,175.0
000678,train,112.38237762451172,24.942729949951172,0.22194521129131317,112.382375,112.382375,112.382375,24.94273069171407,24.94273069171407,24.94273069171407,196.0,59.0,255.0
000682,train,128.44512939453125,18.149934768676758,0.14130496978759766,128.445125,128.445125,128.445125,18.14993357382817,18.14993357382817,18.14993357382817,147.0,81.0,228.0
000680,train,103.96945190429688,19.273393630981445,0.18537554144859314,103.96945,103.96945,103.96945,19.27339401085081,19.27339401085081,19.27339401085081,114.0,62.0,176.0
000683,train,133.4969024658203,16.92868423461914,0.12680956721305847,133.4969,133.4969,133.4969,16.928683953278824,16.928683953278824,16.928683953278824,148.0,71.0,219.0
000681,train,118.67739868164062,19.120100021362305,0.16110986471176147,118.6774,118.6774,118.6774,19.120100136767068,19.120100136767068,19.120100136767068,164.0,76.0,240.0
000679,train,122.66437530517578,26.156667709350586,0.2132376879453659,122.664375,122.664375,122.664375,26.15666704416629,26.15666704416629,26.15666704416629,192.0,63.0,255.0
000684,train,86.94210052490234,20.063173294067383,0.23076476156711578,86.9421,86.9421,86.9421,20.06317267009383,20.06317267009383,20.06317267009383,97.0,45.0,142.0
000686,train,63.656925201416016,16.77802085876465,0.2635694444179535,63.656925,63.656925,63.656925,16.778022068896412,16.778022068896412,16.778022068896412,106.0,34.0,140.0
000685,train,79.70677185058594,18.69021987915039,0.23448722064495087,79.706775,79.706775,79.706775,18.69022054710364,18.69022054710364,18.69022054710364,99.0,43.0,142.0
000687,train,95.31815338134766,21.023534774780273,0.22056171298027039,95.31815,95.31815,95.31815,21.023533969756368,21.023533969756368,21.023533969756368,108.0,49.0,157.0
000690,train,135.6168975830078,16.741207122802734,0.12344484776258469,135.6169,135.6169,135.6169,16.741207674179304,16.741207674179304,16.741207674179304,135.0,94.0,229.0
000688,train,79.9072036743164,16.953519821166992,0.21216510236263275,79.9072,79.9072,79.9072,16.95351993422015,16.95351993422015,16.95351993422015,97.0,48.0,145.0
000692,train,129.923828125,22.481359481811523,0.1730349212884903,129.923825,129.923825,129.923825,22.48135833016713,22.48135833016713,22.48135833016713,199.0,55.0,254.0
000691,train,136.62860107421875,20.34709358215332,0.1489226520061493,136.6286,136.6286,136.6286,20.34709345434871,20.34709345434871,20.34709345434871,162.0,92.0,254.0
000689,train,53.76347351074219,13.293986320495605,0.24726799130439758,53.763475,53.763475,53.763475,13.293986645260894,13.293986645260894,13.293986645260894,88.0,29.0,117.0
000693,train,137.91818237304688,20.880374908447266,0.15139682590961456,137.918175,137.918175,137.918175,20.880374270337565,20.880374270337565,20.880374270337565,175.0,80.0,255.0
000694,train,148.3570556640625,22.670637130737305,0.15281131863594055,148.35705,148.35705,148.35705,22.670637734688896,22.670637734688896,22.670637734688896,159.0,93.0,252.0
000695,train,128.0635223388672,17.6235408782959,0.1376156210899353,128.063525,128.063525,128.063525,17.623540778582917,17.623540778582917,17.623540778582917,182.0,73.0,255.0
000698,train,82.77944946289062,16.923795700073242,0.20444440841674805,82.77945,82.77945,82.77945,16.92379708273235,16.92379708273235,16.92379708273235,187.0,49.0,236.0
000697,train,142.4435272216797,22.63123893737793,0.15887866914272308,142.443525,142.443525,142.443525,22.631238600093788,22.631238600093788,22.631238600093788,177.0,78.0,255.0
000700,train,119.92884826660156,28.427255630493164,0.23703433573246002,119.92885,119.92885,119.92885,28.427253431830167,28.427253431830167,28.427253431830167,179.0,76.0,255.0
000699,train,113.3386001586914,26.15448760986328,0.23076416552066803,113.3386,113.3386,113.3386,26.15448718747894,26.15448718747894,26.15448718747894,192.0,63.0,255.0
000901,train,82.47962188720703,8.585053443908691,0.1040869653224945,82.479625,82.479625,82.479625,8.585052991063888,8.585052991063888,8.585052991063888,48.0,63.0,111.0
000696,train,90.77372741699219,17.07305145263672,0.18808361887931824,90.773725,90.773725,90.773725,17.07305112229138,17.07305112229138,17.07305112229138,124.0,54.0,178.0
000902,train,101.35990142822266,10.380964279174805,0.10241687297821045,101.3599,101.3599,101.3599,10.380964405583905,10.380964405583905,10.380964405583905,61.0,72.0,133.0
000903,train,97.66449737548828,10.15700912475586,0.10399898886680603,97.6645,97.6645,97.6645,10.15700939007147,10.15700939007147,10.15700939007147,62.0,70.0,132.0
000905,train,106.86305236816406,10.116990089416504,0.09467247873544693,106.86305,106.86305,106.86305,10.116990397222882,10.116990397222882,10.116990397222882,65.0,72.0,137.0
000907,train,113.23722839355469,7.814019203186035,0.06900574266910553,113.237225,113.237225,113.237225,7.814019407409672,7.814019407409672,7.814019407409672,60.0,83.0,143.0
000908,train,119.76194763183594,8.019689559936523,0.06696358323097229,119.76195,119.76195,119.76195,8.019690280646753,8.019690280646753,8.019690280646753,67.0,85.0,152.0
000904,train,86.97517395019531,9.349254608154297,0.10749337077140808,86.975175,86.975175,86.975175,9.349254447247384,9.349254447247384,9.349254447247384,52.0,68.0,120.0
000909,train,114.71444702148438,11.303082466125488,0.09853233397006989,114.71445,114.71445,114.71445,11.30308193359227,11.30308193359227,11.30308193359227,66.0,83.0,149.0
000910,train,57.553001403808594,11.150445938110352,0.19374221563339233,57.553,57.553,57.553,11.150445775842329,11.150445775842329,11.150445775842329,60.0,38.0,98.0
000906,train,113.44950103759766,11.052938461303711,0.09742606431245804,113.4495,113.4495,113.4495,11.052938511997613,11.052938511997613,11.052938511997613,67.0,83.0,150.0
000915,train,66.82025146484375,10.298453330993652,0.1541217416524887,66.82025,66.82025,66.82025,10.298453278890962,10.298453278890962,10.298453278890962,56.0,43.0,99.0
000911,train,61.471126556396484,11.743047714233398,0.19103355705738068,61.471125,61.471125,61.471125,11.743047570131655,11.743047570131655,11.743047570131655,61.0,41.0,102.0
000912,train,72.8363265991211,14.350948333740234,0.19703009724617004,72.836325,72.836325,72.836325,14.350948940553547,14.350948940553547,14.350948940553547,72.0,47.0,119.0
000916,train,115.5728988647461,7.527837753295898,0.06513497233390808,115.5729,115.5729,115.5729,7.5278373780256445,7.5278373780256445,7.5278373780256445,74.0,79.0,153.0
000914,train,52.76602554321289,10.465563774108887,0.1983390599489212,52.766025,52.766025,52.766025,10.465564041148236,10.465564041148236,10.465564041148236,46.0,35.0,81.0
000913,train,79.54147338867188,14.583659172058105,0.18334659934043884,79.541475,79.541475,79.541475,14.58365968556504,14.58365968556504,14.58365968556504,72.0,53.0,125.0
000917,train,120.01222229003906,7.6122612953186035,0.06342905014753342,120.012225,120.012225,120.012225,7.612261526601342,7.612261526601342,7.612261526601342,62.0,89.0,151.0
000918,train,121.74252319335938,7.391666412353516,0.06071556732058525,121.742525,121.742525,121.742525,7.391666363167037,7.391666363167037,7.391666363167037,58.0,92.0,150.0
000919,train,115.18032836914062,10.10103988647461,0.08769761025905609,115.180325,115.180325,115.180325,10.101039941232536,10.101039941232536,10.101039941232536,65.0,82.0,147.0
000920,train,85.38697814941406,9.235519409179688,0.10816074907779694,85.386975,85.386975,85.386975,9.235519766064876,9.235519766064876,9.235519766064876,54.0,65.0,119.0
000921,train,112.24972534179688,9.54158878326416,0.08500322699546814,112.249725,112.249725,112.249725,9.541588569225514,9.541588569225514,9.541588569225514,70.0,77.0,147.0
000923,train,92.84172821044922,10.163110733032227,0.10946705937385559,92.841725,92.841725,92.841725,10.163110942244751,10.163110942244751,10.163110942244751,59.0,66.0,125.0
000924,train,78.89015197753906,9.04749870300293,0.11468476802110672,78.89015,78.89015,78.89015,9.047498713871144,9.047498713871144,9.047498713871144,48.0,58.0,106.0
000922,train,96.66995239257812,10.560190200805664,0.10923963040113449,96.66995,96.66995,96.66995,10.560190197032439,10.560190197032439,10.560190197032439,61.0,68.0,129.0
000925,train,71.97174835205078,7.494244575500488,0.10412758588790894,71.97175,71.97175,71.97175,7.494244587515142,7.494244587515142,7.494244587515142,44.0,55.0,99.0
000926,train,71.7698974609375,14.614758491516113,0.20363354682922363,71.7699,71.7699,71.7699,14.61475808865819,14.61475808865819,14.61475808865819,75.0,43.0,118.0
000927,train,58.13785171508789,8.456598281860352,0.1454576998949051,58.13785,58.13785,58.13785,8.456597860694336,8.456597860694336,8.456597860694336,40.0,39.0,79.0
000930,train,115.67749786376953,10.30319595336914,0.08906827867031097,115.6775,115.6775,115.6775,10.303195802759452,10.303195802759452,10.303195802759452,76.0,77.0,153.0
000929,train,50.71787643432617,9.77195930480957,0.19267287850379944,50.717875,50.717875,50.717875,9.771958886752184,9.771958886752184,9.771958886752184,40.0,34.0,74.0
000928,train,71.68362426757812,12.786445617675781,0.1783733069896698,71.683625,71.683625,71.683625,12.78644523936872,12.78644523936872,12.78644523936872,70.0,48.0,118.0
000931,train,78.80742645263672,16.234912872314453,0.20600739121437073,78.807425,78.807425,78.807425,16.234914224269094,16.234914224269094,16.234914224269094,73.0,46.0,119.0
000932,train,97.71337127685547,11.07918930053711,0.11338457465171814,97.713375,97.713375,97.713375,11.07918864851461,11.07918864851461,11.07918864851461,63.0,71.0,134.0
000933,train,113.25697326660156,9.89033031463623,0.08732645958662033,113.256975,113.256975,113.256975,9.890330573311239,9.890330573311239,9.890330573311239,66.0,83.0,149.0
000934,train,114.59512329101562,10.28100872039795,0.08971593528985977,114.595125,114.595125,114.595125,10.28100925174056,10.28100925174056,10.28100925174056,74.0,78.0,152.0
000935,train,102.00489807128906,10.049861907958984,0.0985233262181282,102.0049,102.0049,102.0049,10.04986198860462,10.04986198860462,10.04986198860462,62.0,72.0,134.0
000936,train,69.40867614746094,8.337823867797852,0.12012653797864914,69.408675,69.408675,69.408675,8.337824041341662,8.337824041341662,8.337824041341662,45.0,49.0,94.0
000940,train,85.12577819824219,10.031522750854492,0.11784353852272034,85.125775,85.125775,85.125775,10.031523097185941,10.031523097185941,10.031523097185941,56.0,60.0,116.0
000937,train,73.59537506103516,9.486034393310547,0.12889443337917328,73.595375,73.595375,73.595375,9.4860346620374,9.4860346620374,9.4860346620374,51.0,54.0,105.0
000938,train,81.94544982910156,10.414236068725586,0.12708742916584015,81.94545,81.94545,81.94545,10.414236616166352,10.414236616166352,10.414236616166352,56.0,57.0,113.0
000939,train,73.69084930419922,9.744951248168945,0.13224099576473236,73.69085,73.69085,73.69085,9.744951322479759,9.744951322479759,9.744951322479759,46.0,54.0,100.0
000942,train,91.32884979248047,9.907722473144531,0.10848403722047806,91.32885,91.32885,91.32885,9.907722123550903,9.907722123550903,9.907722123550903,55.0,66.0,121.0
000941,train,99.69490051269531,10.412389755249023,0.1044425517320633,99.6949,99.6949,99.6949,10.41238992690919,10.41238992690919,10.41238992690919,65.0,66.0,131.0
000943,train,102.4989013671875,10.22991943359375,0.09980516135692596,102.4989,102.4989,102.4989,10.229919295380585,10.229919295380585,10.229919295380585,60.0,69.0,129.0
000944,train,93.51962280273438,10.385780334472656,0.11105455458164215,93.519625,93.519625,93.519625,10.385779453626723,10.385779453626723,10.385779453626723,56.0,68.0,124.0
000947,train,81.60802459716797,9.415231704711914,0.11537139862775803,81.608025,81.608025,81.608025,9.415231308861987,9.415231308861987,9.415231308861987,47.0,61.0,108.0
000946,train,99.4543228149414,10.463313102722168,0.10520721971988678,99.454325,99.454325,99.454325,10.463312754303724,10.463312754303724,10.463312754303724,69.0,65.0,134.0
000945,train,79.7020492553711,9.837376594543457,0.1234268993139267,79.70205,79.70205,79.70205,9.83737646923711,9.83737646923711,9.83737646923711,46.0,60.0,106.0
000948,train,84.80384826660156,9.609030723571777,0.11330889910459518,84.80385,84.80385,84.80385,9.609030917709653,9.609030917709653,9.609030917709653,54.0,61.0,115.0
000950,train,95.86740112304688,10.444633483886719,0.10894875228404999,95.8674,95.8674,95.8674,10.444633418172225,10.444633418172225,10.444633418172225,64.0,65.0,129.0
000949,train,80.15239715576172,10.856734275817871,0.13545115292072296,80.1524,80.1524,80.1524,10.856734050348658,10.856734050348658,10.856734050348658,58.0,53.0,111.0
000952,train,95.21707153320312,10.171632766723633,0.10682572424411774,95.217075,95.217075,95.217075,10.171632290069033,10.171632290069033,10.171632290069033,69.0,61.0,130.0
000951,train,69.4802474975586,12.657073020935059,0.1821679323911667,69.48025,69.48025,69.48025,12.657073513948633,12.657073513948633,12.657073513948633,66.0,46.0,112.0
000954,train,108.98384857177734,13.391975402832031,0.12288036942481995,108.98385,108.98385,108.98385,13.391974804990488,13.391974804990488,13.391974804990488,83.0,67.0,150.0
000953,train,108.4729995727539,10.926270484924316,0.10072802007198334,108.473,108.473,108.473,10.926269766027197,10.926269766027197,10.926269766027197,67.0,82.0,149.0
000955,train,119.7155532836914,12.957961082458496,0.10823957622051239,119.71555,119.71555,119.71555,12.957960418117505,12.957960418117505,12.957960418117505,81.0,74.0,155.0
000956,train,112.35752868652344,16.65069580078125,0.1481938660144806,112.357525,112.357525,112.357525,16.650696708377552,16.650696708377552,16.650696708377552,89.0,74.0,163.0
000958,train,122.01557159423828,13.647890090942383,0.11185367405414581,122.015575,122.015575,122.015575,13.647889302722785,13.647889302722785,13.647889302722785,76.0,90.0,166.0
000957,train,122.68132781982422,14.271782875061035,0.11633215099573135,122.681325,122.681325,122.681325,14.27178234294424,14.27178234294424,14.27178234294424,85.0,77.0,162.0
000960,train,99.70365142822266,11.498014450073242,0.11532189697027206,99.70365,99.70365,99.70365,11.498014031888289,11.498014031888289,11.498014031888289,70.0,73.0,143.0
000959,train,120.31255340576172,13.794599533081055,0.11465635895729065,120.31255,120.31255,120.31255,13.794599033589197,13.794599033589197,13.794599033589197,84.0,77.0,161.0
000961,train,91.39657592773438,13.88562297821045,0.1519271731376648,91.396575,91.396575,91.396575,13.885622177971536,13.885622177971536,13.885622177971536,78.0,63.0,141.0
000962,train,116.93174743652344,14.929072380065918,0.12767338752746582,116.93175,116.93175,116.93175,14.929072038726988,14.929072038726988,14.929072038726988,88.0,76.0,164.0
000963,train,74.7354736328125,13.786602020263672,0.184471994638443,74.735475,74.735475,74.735475,13.786602247267998,13.786602247267998,13.786602247267998,65.0,51.0,116.0
000964,train,81.52762603759766,14.315025329589844,0.17558497190475464,81.527625,81.527625,81.527625,14.315024864085112,14.315024864085112,14.315024864085112,64.0,54.0,118.0
000965,train,68.04387664794922,10.711957931518555,0.15742720663547516,68.043875,68.043875,68.043875,10.711958270287232,10.711958270287232,10.711958270287232,66.0,43.0,109.0
000967,train,86.55277252197266,14.454071044921875,0.16699720919132233,86.552775,86.552775,86.552775,14.454070872919331,14.454070872919331,14.454070872919331,76.0,60.0,136.0
000966,train,87.00199890136719,14.346779823303223,0.1649017333984375,87.002,87.002,87.002,14.346779987160883,14.346779987160883,14.346779987160883,73.0,54.0,127.0
000968,train,88.10639953613281,15.22830867767334,0.17283998429775238,88.1064,88.1064,88.1064,15.228308475992991,15.228308475992991,15.228308475992991,78.0,58.0,136.0
000969,train,65.800048828125,9.867105484008789,0.1499558985233307,65.80005,65.80005,65.80005,9.867105451828312,9.867105451828312,9.867105451828312,54.0,45.0,99.0
000970,train,84.08527374267578,14.906167030334473,0.1772744059562683,84.085275,84.085275,84.085275,14.906166615678728,14.906166615678728,14.906166615678728,82.0,52.0,134.0
000971,train,76.09390258789062,10.357592582702637,0.1361159384250641,76.0939,76.0939,76.0939,10.357593001754799,10.357593001754799,10.357593001754799,57.0,49.0,106.0
000974,train,92.14620208740234,11.96053409576416,0.12979952991008759,92.1462,92.1462,92.1462,11.960534083392766,11.960534083392766,11.960534083392766,60.0,64.0,124.0
000972,train,68.24845123291016,9.212916374206543,0.134990856051445,68.24845,68.24845,68.24845,9.21291607459332,9.21291607459332,9.21291607459332,53.0,48.0,101.0
000975,train,94.31365203857422,12.19530963897705,0.1293058842420578,94.31365,94.31365,94.31365,12.195309494945178,12.195309494945178,12.195309494945178,68.0,62.0,130.0
000973,train,84.89322662353516,10.408089637756348,0.12260212004184723,84.893225,84.893225,84.893225,10.408089358733186,10.408089358733186,10.408089358733186,54.0,62.0,116.0
000977,train,98.93569946289062,12.23576831817627,0.1236739456653595,98.9357,98.9357,98.9357,12.235767875781233,12.235767875781233,12.235767875781233,68.0,64.0,132.0
000978,train,114.18917846679688,9.380300521850586,0.082147017121315,114.189175,114.189175,114.189175,9.3803005186068,9.3803005186068,9.3803005186068,62.0,81.0,143.0
000976,train,92.34422302246094,11.711502075195312,0.12682440876960754,92.344225,92.344225,92.344225,11.71150221574393,11.71150221574393,11.71150221574393,65.0,63.0,128.0
000979,train,120.42424774169922,7.935251235961914,0.06589413434267044,120.42425,120.42425,120.42425,7.935251220818406,7.935251220818406,7.935251220818406,56.0,90.0,146.0
000982,train,120.23977661132812,10.0736722946167,0.08377986401319504,120.239775,120.239775,120.239775,10.07367276366346,10.07367276366346,10.07367276366346,79.0,77.0,156.0
000981,train,109.46119689941406,10.507454872131348,0.09599250555038452,109.4612,109.4612,109.4612,10.50745423782564,10.50745423782564,10.50745423782564,65.0,75.0,140.0
000980,train,87.51069641113281,10.285612106323242,0.11753548681735992,87.5107,87.5107,87.5107,10.28561303520602,10.28561303520602,10.28561303520602,62.0,60.0,122.0
000983,train,125.99602508544922,8.402682304382324,0.06669005751609802,125.996025,125.996025,125.996025,8.40268166714502,8.40268166714502,8.40268166714502,82.0,80.0,162.0
000984,train,114.05729675292969,12.188135147094727,0.10685975849628448,114.0573,114.0573,114.0573,12.188134258778083,12.188134258778083,12.188134258778083,84.0,71.0,155.0
000986,train,80.42387390136719,9.992497444152832,0.12424790114164352,80.423875,80.423875,80.423875,9.992497434794517,9.992497434794517,9.992497434794517,52.0,56.0,108.0
000987,train,106.84292602539062,10.356937408447266,0.09693610668182373,106.842925,106.842925,106.842925,10.356937406606985,10.356937406606985,10.356937406606985,56.0,78.0,134.0
000988,train,88.76112365722656,9.823261260986328,0.11067076027393341,88.761125,88.761125,88.761125,9.823261359364059,9.823261359364059,9.823261359364059,57.0,64.0,121.0
000990,train,94.82527160644531,11.281858444213867,0.11897522956132889,94.825275,94.825275,94.825275,11.281859163026944,11.281859163026944,11.281859163026944,57.0,65.0,122.0
000992,train,98.72212219238281,10.63968563079834,0.10777407884597778,98.722125,98.722125,98.722125,10.639685638418788,10.639685638418788,10.639685638418788,61.0,64.0,125.0
000991,train,88.06594848632812,11.206433296203613,0.12725046277046204,88.06595,88.06595,88.06595,11.206433446797424,11.206433446797424,11.206433446797424,56.0,64.0,120.0
000985,train,104.44824981689453,10.602859497070312,0.10151304304599762,104.44825,104.44825,104.44825,10.602859139755655,10.602859139755655,10.602859139755655,70.0,72.0,142.0
000989,train,83.34750366210938,10.48330307006836,0.12577824294567108,83.3475,83.3475,83.3475,10.483303093491097,10.483303093491097,10.483303093491097,61.0,60.0,121.0
000995,train,94.96487426757812,11.181206703186035,0.1177404448390007,94.964875,94.964875,94.964875,11.18120705623391,11.18120705623391,11.18120705623391,60.0,66.0,126.0
000994,train,99.31310272216797,10.997756958007812,0.11073822528123856,99.3131,99.3131,99.3131,10.997757425493617,10.997757425493617,10.997757425493617,67.0,64.0,131.0
000993,train,79.61160278320312,10.308348655700684,0.12948299944400787,79.6116,79.6116,79.6116,10.308348337148876,10.308348337148876,10.308348337148876,61.0,56.0,117.0
000999,train,73.49714660644531,10.531846046447754,0.1432959884405136,73.49715,73.49715,73.49715,10.53184655592266,10.53184655592266,10.53184655592266,60.0,45.0,105.0
000997,train,114.2072982788086,14.059152603149414,0.12310205399990082,114.2073,114.2073,114.2073,14.059152773549338,14.059152773549338,14.059152773549338,86.0,76.0,162.0
000998,train,77.8770751953125,9.400596618652344,0.12071070820093155,77.877075,77.877075,77.877075,9.400596494072863,9.400596494072863,9.400596494072863,50.0,56.0,106.0
000996,train,80.12560272216797,9.87440013885498,0.1232365146279335,80.1256,80.1256,80.1256,9.87439996354209,9.87439996354209,9.87439996354209,55.0,58.0,113.0
001000,train,87.11900329589844,10.028915405273438,0.11511742323637009,87.119,87.119,87.119,10.028915145717407,10.028915145717407,10.028915145717407,59.0,66.0,125.0
001001,train,85.97709655761719,12.268865585327148,0.1426992267370224,85.9771,85.9771,85.9771,12.268866108569284,12.268866108569284,12.268866108569284,77.0,51.0,128.0
001002,train,75.07487487792969,10.345536231994629,0.13780291378498077,75.074875,75.074875,75.074875,10.345536174330212,10.345536174330212,10.345536174330212,66.0,49.0,115.0
001006,train,105.25377655029297,12.025546073913574,0.11425287276506424,105.253775,105.253775,105.253775,12.025546692328586,12.025546692328586,12.025546692328586,61.0,77.0,138.0
001004,train,93.67107391357422,12.396708488464355,0.13234297931194305,93.671075,93.671075,93.671075,12.396708568986165,12.396708568986165,12.396708568986165,73.0,63.0,136.0
001005,train,98.16919708251953,13.40088939666748,0.13650809228420258,98.1692,98.1692,98.1692,13.400888827238289,13.400888827238289,13.400888827238289,75.0,61.0,136.0
001003,train,89.72875213623047,12.504350662231445,0.13935723900794983,89.72875,89.72875,89.72875,12.504350180537172,12.504350180537172,12.504350180537172,74.0,54.0,128.0
001007,train,100.05345153808594,10.884336471557617,0.1087852194905281,100.05345,100.05345,100.05345,10.884337053651912,10.884337053651912,10.884337053651912,65.0,70.0,135.0
001008,train,107.40962219238281,10.337281227111816,0.09624166786670685,107.409625,107.409625,107.409625,10.337281187980475,10.337281187980475,10.337281187980475,65.0,78.0,143.0
001013,train,111.42639923095703,11.295445442199707,0.10137135535478592,111.4264,111.4264,111.4264,11.29544523425261,11.29544523425261,11.29544523425261,77.0,73.0,150.0
001010,train,111.76582336425781,11.184441566467285,0.10007032006978989,111.765825,111.765825,111.765825,11.184441741516427,11.184441741516427,11.184441741516427,79.0,73.0,152.0
001012,train,118.0728530883789,12.2429780960083,0.10369003564119339,118.07285,118.07285,118.07285,12.24297728812318,12.24297728812318,12.24297728812318,85.0,74.0,159.0
001011,train,121.06390380859375,11.523061752319336,0.09518164396286011,121.0639,121.0639,121.0639,11.52306238766414,11.52306238766414,11.52306238766414,64.0,92.0,156.0
001009,train,108.51717376708984,10.937671661376953,0.10079208016395569,108.517175,108.517175,108.517175,10.937671370971747,10.937671370971747,10.937671370971747,64.0,78.0,142.0
001014,train,116.1863784790039,11.076488494873047,0.09533379226922989,116.186375,116.186375,116.186375,11.076488132949676,11.076488132949676,11.076488132949676,77.0,77.0,154.0
001015,train,118.46717834472656,8.873360633850098,0.07490142434835434,118.467175,118.467175,118.467175,8.873360272150286,8.873360272150286,8.873360272150286,64.0,89.0,153.0
001016,train,109.490478515625,10.473311424255371,0.09565499424934387,109.490475,109.490475,109.490475,10.473311762493037,10.473311762493037,10.473311762493037,65.0,84.0,149.0
001018,train,81.42137145996094,10.011821746826172,0.1229630708694458,81.421375,81.421375,81.421375,10.011821418172369,10.011821418172369,10.011821418172369,57.0,57.0,114.0
001020,train,123.24314880371094,9.782971382141113,0.07937943190336227,123.24315,123.24315,123.24315,9.7829713317325,9.7829713317325,9.7829713317325,77.0,87.0,164.0
001017,train,87.70242309570312,9.922236442565918,0.11313526332378387,87.702425,87.702425,87.702425,9.922236346679865,9.922236346679865,9.922236346679865,57.0,60.0,117.0
001019,train,72.06214904785156,9.615765571594238,0.1334371119737625,72.06215,72.06215,72.06215,9.615765043796568,9.615765043796568,9.615765043796568,53.0,49.0,102.0
001021,train,71.5489273071289,8.679545402526855,0.12130922824144363,71.548925,71.548925,71.548925,8.679545284424467,8.679545284424467,8.679545284424467,49.0,51.0,100.0
001022,train,89.44580078125,10.627483367919922,0.11881478130817413,89.4458,89.4458,89.4458,10.627483820735744,10.627483820735744,10.627483820735744,65.0,63.0,128.0
001023,train,75.82354736328125,9.314208030700684,0.12284057587385178,75.82355,75.82355,75.82355,9.31420771711153,9.31420771711153,9.31420771711153,51.0,55.0,106.0
001024,train,93.30972290039062,10.25349235534668,0.10988664627075195,93.309725,93.309725,93.309725,10.253491864939232,10.253491864939232,10.253491864939232,65.0,63.0,128.0
001025,train,95.98332214355469,10.744860649108887,0.11194507777690887,95.983325,95.983325,95.983325,10.74486142043605,10.74486142043605,10.74486142043605,68.0,63.0,131.0
001030,train,88.85330200195312,12.970727920532227,0.1459791362285614,88.8533,88.8533,88.8533,12.970727778733158,12.970727778733158,12.970727778733158,98.0,41.0,139.0
001029,train,74.85700225830078,8.723998069763184,0.11654217541217804,74.857,74.857,74.857,8.723998567170906,8.723998567170906,8.723998567170906,65.0,42.0,107.0
001026,train,107.15499877929688,9.918354988098145,0.09256082773208618,107.155,107.155,107.155,9.918355458441686,9.918355458441686,9.918355458441686,83.0,59.0,142.0
001028,train,80.76162719726562,12.531717300415039,0.15516920387744904,80.761625,80.761625,80.761625,12.53171785348581,12.53171785348581,12.53171785348581,74.0,46.0,120.0
001027,train,122.197021484375,11.3574800491333,0.09294400364160538,122.197025,122.197025,122.197025,11.357480184855046,11.357480184855046,11.357480184855046,99.0,59.0,158.0
001032,train,101.78427124023438,8.791808128356934,0.08637688308954239,101.784275,101.784275,101.784275,8.791807989507904,8.791807989507904,8.791807989507904,69.0,66.0,135.0
001031,train,93.54557800292969,13.097699165344238,0.14001409709453583,93.545575,93.545575,93.545575,13.097699146009385,13.097699146009385,13.097699146009385,97.0,41.0,138.0
001035,train,88.2574234008789,10.973657608032227,0.12433693557977676,88.257425,88.257425,88.257425,10.97365742901495,10.97365742901495,10.97365742901495,61.0,62.0,123.0
001037,train,108.30972290039062,12.788932800292969,0.11807741969823837,108.309725,108.309725,108.309725,12.788932536547959,12.788932536547959,12.788932536547959,76.0,64.0,140.0
001033,train,78.19425201416016,10.271516799926758,0.13135898113250732,78.19425,78.19425,78.19425,10.27151726559908,10.27151726559908,10.27151726559908,69.0,44.0,113.0
001034,train,88.95929718017578,11.20166301727295,0.12591896951198578,88.9593,88.9593,88.9593,11.201662533302814,11.201662533302814,11.201662533302814,72.0,46.0,118.0
001036,train,100.05795288085938,11.501171112060547,0.11494509875774384,100.05795,100.05795,100.05795,11.501171322847947,11.501171322847947,11.501171322847947,66.0,64.0,130.0
001038,train,95.63200378417969,12.023177146911621,0.12572336196899414,95.632,95.632,95.632,12.02317661851476,12.02317661851476,12.02317661851476,69.0,61.0,130.0
001039,train,106.03197479248047,8.988929748535156,0.0847756490111351,106.031975,106.031975,106.031975,8.988929446790369,8.988929446790369,8.988929446790369,64.0,68.0,132.0
001043,train,100.34355163574219,16.524499893188477,0.16467924416065216,100.34355,100.34355,100.34355,16.524499187494307,16.524499187494307,16.524499187494307,97.0,58.0,155.0
001040,train,125.63839721679688,10.53598403930664,0.08385958522558212,125.6384,125.6384,125.6384,10.535983363692257,10.535983363692257,10.535983363692257,66.0,90.0,156.0
001042,train,106.85407257080078,16.632055282592773,0.15565204620361328,106.854075,106.854075,106.854075,16.632055822849292,16.632055822849292,16.632055822849292,93.0,65.0,158.0
001045,train,98.52037811279297,12.178945541381836,0.12361854314804077,98.520375,98.520375,98.520375,12.178946377227177,12.178946377227177,12.178946377227177,72.0,71.0,143.0
001041,train,116.8062973022461,14.634222030639648,0.12528623640537262,116.8063,116.8063,116.8063,14.634222914456375,14.634222914456375,14.634222914456375,88.0,69.0,157.0
001044,train,113.07792663574219,13.04730224609375,0.11538328230381012,113.077925,113.077925,113.077925,13.047302506433082,13.047302506433082,13.047302506433082,91.0,63.0,154.0
001046,train,77.19477844238281,10.672040939331055,0.13824822008609772,77.194775,77.194775,77.194775,10.67203999708467,10.67203999708467,10.67203999708467,62.0,50.0,112.0
001047,train,122.31637573242188,7.670689582824707,0.06271187961101532,122.316375,122.316375,122.316375,7.670689790323618,7.670689790323618,7.670689790323618,52.0,96.0,148.0
001048,train,118.2853775024414,9.90382194519043,0.08372820168733597,118.285375,118.285375,118.285375,9.903821793094574,9.903821793094574,9.903821793094574,62.0,93.0,155.0
001049,train,71.9894027709961,9.240175247192383,0.12835465371608734,71.9894,71.9894,71.9894,9.2401751953088,9.2401751953088,9.2401751953088,48.0,52.0,100.0
001052,train,118.32047271728516,14.271602630615234,0.12061820179224014,118.320475,118.320475,118.320475,14.271601899379586,14.271601899379586,14.271601899379586,86.0,71.0,157.0
001050,train,84.14017486572266,10.654094696044922,0.12662315368652344,84.140175,84.140175,84.140175,10.654094328912945,10.654094328912945,10.654094328912945,60.0,58.0,118.0
001053,train,113.38469696044922,14.403314590454102,0.12703049182891846,113.3847,113.3847,113.3847,14.403314059965505,14.403314059965505,14.403314059965505,88.0,69.0,157.0
001051,train,90.290771484375,11.060016632080078,0.12249332666397095,90.290775,90.290775,90.290775,11.060016948421689,11.060016948421689,11.060016948421689,57.0,63.0,120.0
001054,train,117.86552429199219,16.460113525390625,0.13965164124965668,117.865525,117.865525,117.865525,16.460113653142706,16.460113653142706,16.460113653142706,90.0,66.0,156.0
001057,train,79.80609893798828,11.299510955810547,0.1415870636701584,79.8061,79.8061,79.8061,11.29951117482522,11.29951117482522,11.29951117482522,62.0,50.0,112.0
001055,train,95.73774719238281,15.310901641845703,0.1599254459142685,95.73775,95.73775,95.73775,15.310902159490798,15.310902159490798,15.310902159490798,89.0,56.0,145.0
001058,train,93.06877136230469,13.197611808776855,0.14180494844913483,93.068775,93.068775,93.068775,13.197611336881193,13.197611336881193,13.197611336881193,70.0,63.0,133.0
001056,train,99.27862548828125,12.798308372497559,0.1289130300283432,99.278625,99.278625,99.278625,12.798308212782462,12.798308212782462,12.798308212782462,85.0,56.0,141.0
001060,train,85.00184631347656,11.2521333694458,0.13237516582012177,85.00185,85.00185,85.00185,11.2521329790178,11.2521329790178,11.2521329790178,62.0,52.0,114.0
001062,train,104.50264739990234,8.496074676513672,0.08130008727312088,104.50265,104.50265,104.50265,8.496075151356655,8.496075151356655,8.496075151356655,64.0,67.0,131.0
001059,train,69.23082733154297,8.421000480651855,0.12163656949996948,69.230825,69.230825,69.230825,8.421000226776805,8.421000226776805,8.421000226776805,47.0,47.0,94.0
001061,train,94.54724884033203,11.073814392089844,0.11712466180324554,94.54725,94.54725,94.54725,11.07381449354738,11.07381449354738,11.07381449354738,66.0,57.0,123.0
001064,train,106.94145202636719,7.722824573516846,0.07221544533967972,106.94145,106.94145,106.94145,7.72282473564563,7.72282473564563,7.72282473564563,59.0,72.0,131.0
001063,train,114.96739959716797,10.024940490722656,0.08719811588525772,114.9674,114.9674,114.9674,10.02494075992472,10.02494075992472,10.02494075992472,77.0,68.0,145.0
001066,train,104.56702423095703,10.504925727844238,0.10046117007732391,104.567025,104.567025,104.567025,10.504925399514981,10.504925399514981,10.504925399514981,75.0,66.0,141.0
001065,train,111.33897399902344,9.98124885559082,0.08964739739894867,111.338975,111.338975,111.338975,9.98124846646826,9.98124846646826,9.98124846646826,72.0,68.0,140.0
001068,train,116.92777252197266,9.046651840209961,0.0773695707321167,116.927775,116.927775,116.927775,9.046651786676383,9.046651786676383,9.046651786676383,75.0,67.0,142.0
001067,train,129.25994873046875,7.228352069854736,0.055921051651239395,129.25995,129.25995,129.25995,7.228352232528517,7.228352232528517,7.228352232528517,60.0,98.0,158.0
001069,train,80.68822479248047,9.9755859375,0.12363124638795853,80.688225,80.688225,80.688225,9.975586265948232,9.975586265948232,9.975586265948232,52.0,56.0,108.0
001070,train,126.578125,8.538949012756348,0.06745991110801697,126.578125,126.578125,126.578125,8.5389487927013,8.5389487927013,8.5389487927013,58.0,99.0,157.0
001071,train,86.65480041503906,10.02989387512207,0.11574539542198181,86.6548,86.6548,86.6548,10.029894663454845,10.029894663454845,10.029894663454845,59.0,61.0,120.0
001072,train,80.23917388916016,10.992009162902832,0.13699056208133698,80.239175,80.239175,80.239175,10.992009384974843,10.992009384974843,10.992009384974843,64.0,53.0,117.0
001073,train,82.84242248535156,11.187102317810059,0.135040745139122,82.842425,82.842425,82.842425,11.187101730089656,11.187101730089656,11.187101730089656,62.0,56.0,118.0
001074,train,79.72457122802734,12.303022384643555,0.15431907773017883,79.724575,79.724575,79.724575,12.303022639553868,12.303022639553868,12.303022639553868,60.0,53.0,113.0
001077,train,91.9959487915039,12.510839462280273,0.1359933763742447,91.99595,91.99595,91.99595,12.510838644851113,12.510838644851113,12.510838644851113,67.0,61.0,128.0
001076,train,96.314697265625,13.163429260253906,0.1366710364818573,96.3147,96.3147,96.3147,13.163429033120511,13.163429033120511,13.163429033120511,74.0,61.0,135.0
001078,train,107.16912841796875,13.814178466796875,0.12890072166919708,107.169125,107.169125,107.169125,13.814178286614625,13.814178286614625,13.814178286614625,87.0,61.0,148.0
001075,train,77.7738265991211,12.014192581176758,0.15447603166103363,77.773825,77.773825,77.773825,12.014192435173285,12.014192435173285,12.014192435173285,62.0,52.0,114.0
001080,train,96.91617584228516,15.317718505859375,0.15805120766162872,96.916175,96.916175,96.916175,15.317718445296448,15.317718445296448,15.317718445296448,80.0,61.0,141.0
001079,train,108.66712188720703,13.130956649780273,0.1208365187048912,108.667125,108.667125,108.667125,13.130956523969417,13.130956523969417,13.130956523969417,83.0,62.0,145.0
001081,train,108.34847259521484,11.463062286376953,0.10579809546470642,108.348475,108.348475,108.348475,11.463061989467517,11.463061989467517,11.463061989467517,81.0,65.0,146.0
001082,train,82.8958969116211,11.835823059082031,0.1427793651819229,82.8959,82.8959,82.8959,11.835823300049725,11.835823300049725,11.835823300049725,70.0,54.0,124.0
001083,train,90.19407653808594,11.194804191589355,0.12411906570196152,90.194075,90.194075,90.194075,11.19480504048083,11.19480504048083,11.19480504048083,62.0,59.0,121.0
001084,train,61.977149963378906,8.988489151000977,0.14502908289432526,61.97715,61.97715,61.97715,8.988488631438548,8.988488631438548,8.988488631438548,45.0,43.0,88.0
001086,train,112.84095001220703,11.743836402893066,0.10407423973083496,112.84095,112.84095,112.84095,11.743836813303394,11.743836813303394,11.743836813303394,73.0,82.0,155.0
001085,train,80.50982666015625,8.371672630310059,0.10398323833942413,80.509825,80.509825,80.509825,8.371672680496712,8.371672680496712,8.371672680496712,44.0,61.0,105.0
001089,train,99.77232360839844,10.74135684967041,0.10765868425369263,99.772325,99.772325,99.772325,10.741356482976206,10.741356482976206,10.741356482976206,60.0,71.0,131.0
001087,train,82.00367736816406,9.608145713806152,0.11716725677251816,82.003675,82.003675,82.003675,9.608145580411186,9.608145580411186,9.608145580411186,51.0,60.0,111.0
001088,train,91.22467803955078,10.62132740020752,0.11643041670322418,91.224675,91.224675,91.224675,10.621327419130576,10.621327419130576,10.621327419130576,55.0,63.0,118.0
001092,train,88.3739242553711,9.534005165100098,0.107882559299469,88.373925,88.373925,88.373925,9.534005196892595,9.534005196892595,9.534005196892595,57.0,62.0,119.0
001090,train,82.57527160644531,10.030774116516113,0.12147431075572968,82.575275,82.575275,82.575275,10.030774330747104,10.030774330747104,10.030774330747104,49.0,62.0,111.0
001091,train,85.25677490234375,9.19864559173584,0.1078934296965599,85.256775,85.256775,85.256775,9.198646182964914,9.198646182964914,9.198646182964914,53.0,61.0,114.0
001094,train,94.15582275390625,9.96963119506836,0.1058843806385994,94.155825,94.155825,94.155825,9.969631064857666,9.969631064857666,9.969631064857666,53.0,70.0,123.0
001093,train,74.81584930419922,10.614129066467285,0.14187006652355194,74.81585,74.81585,74.81585,10.614129204861792,10.614129204861792,10.614129204861792,59.0,51.0,110.0
001095,train,82.02782440185547,10.858760833740234,0.13237899541854858,82.027825,82.027825,82.027825,10.858761474927746,10.858761474927746,10.858761474927746,57.0,53.0,110.0
001097,train,127.22297668457031,5.904193878173828,0.046408236026763916,127.222975,127.222975,127.222975,5.9041940304647,5.9041940304647,5.9041940304647,55.0,96.0,151.0
001096,train,108.2188720703125,9.728194236755371,0.08989369124174118,108.218875,108.218875,108.218875,9.728194525932086,9.728194525932086,9.728194525932086,69.0,79.0,148.0
001100,train,97.80879974365234,12.699966430664062,0.12984482944011688,97.8088,97.8088,97.8088,12.699966242474819,12.699966242474819,12.699966242474819,74.0,58.0,132.0
001098,train,108.85880279541016,13.027714729309082,0.11967534571886063,108.8588,108.8588,108.8588,13.027715170358922,13.027715170358922,13.027715170358922,81.0,70.0,151.0
001099,train,106.3416519165039,15.363304138183594,0.1444711834192276,106.34165,106.34165,106.34165,15.36330450383315,15.36330450383315,15.36330450383315,78.0,71.0,149.0
001102,train,126.20677185058594,9.016874313354492,0.07144524902105331,126.206775,126.206775,126.206775,9.016874131281583,9.016874131281583,9.016874131281583,65.0,99.0,164.0
001104,train,96.79512786865234,10.19363021850586,0.10531140118837357,96.795125,96.795125,96.795125,10.19363042465122,10.19363042465122,10.19363042465122,58.0,70.0,128.0
001103,train,99.8155746459961,11.756572723388672,0.11778295040130615,99.815575,99.815575,99.815575,11.756573157998677,11.756573157998677,11.756573157998677,76.0,73.0,149.0
001105,train,91.43067169189453,10.3980712890625,0.11372629553079605,91.430675,91.430675,91.430675,10.398071650280883,10.398071650280883,10.398071650280883,58.0,66.0,124.0
001101,train,104.44024658203125,13.154626846313477,0.12595361471176147,104.44025,104.44025,104.44025,13.154627700452036,13.154627700452036,13.154627700452036,89.0,61.0,150.0
001106,train,84.58427429199219,9.533551216125488,0.11271068453788757,84.584275,84.584275,84.584275,9.533551160211761,9.533551160211761,9.533551160211761,53.0,60.0,113.0
001107,train,72.9636001586914,9.012834548950195,0.12352508306503296,72.9636,72.9636,72.9636,9.012833907268012,9.012833907268012,9.012833907268012,44.0,54.0,98.0
001108,train,87.3676986694336,8.462800979614258,0.09686418622732162,87.3677,87.3677,87.3677,8.4628007603866,8.4628007603866,8.4628007603866,50.0,66.0,116.0
001109,train,109.23004913330078,7.316859245300293,0.06698577105998993,109.23005,109.23005,109.23005,7.316859093730041,7.316859093730041,7.316859093730041,53.0,84.0,137.0
001110,train,107.0218734741211,12.210262298583984,0.11409127712249756,107.021875,107.021875,107.021875,12.210261933487544,12.210261933487544,12.210261933487544,69.0,72.0,141.0
001112,train,122.63907623291016,6.684340476989746,0.054504163563251495,122.639075,122.639075,122.639075,6.6843405167881,6.6843405167881,6.6843405167881,49.0,94.0,143.0
001111,train,116.17424774169922,12.214090347290039,0.1051359549164772,116.17425,116.17425,116.17425,12.214089689268702,12.214089689268702,12.214089689268702,69.0,73.0,142.0
001115,train,96.1938247680664,12.792984962463379,0.1329917460680008,96.193825,96.193825,96.193825,12.792984674006883,12.792984674006883,12.792984674006883,68.0,62.0,130.0
001113,train,111.07862854003906,8.801451683044434,0.0792362317442894,111.078625,111.078625,111.078625,8.801451193375726,8.801451193375726,8.801451193375726,64.0,81.0,145.0
001114,train,69.2185287475586,8.951367378234863,0.1293203979730606,69.218525,69.218525,69.218525,8.951367036624909,8.951367036624909,8.951367036624909,48.0,46.0,94.0
001116,train,87.91425323486328,10.879286766052246,0.12374883890151978,87.91425,87.91425,87.91425,10.879287519755142,10.879287519755142,10.879287519755142,56.0,64.0,120.0
001117,train,137.0531463623047,35.562721252441406,0.2594812512397766,137.05315,137.05315,137.05315,35.56272240812702,35.56272240812702,35.56272240812702,152.0,67.0,219.0
001119,train,197.04225158691406,22.42058753967285,0.11378568410873413,197.04225,197.04225,197.04225,22.420587970378918,22.420587970378918,22.420587970378918,100.0,149.0,249.0
001118,train,137.2954559326172,33.20815658569336,0.24187368154525757,137.29545,137.29545,137.29545,33.20815425911986,33.20815425911986,33.20815425911986,125.0,89.0,214.0
001121,train,182.06884765625,32.44193649291992,0.17818500101566315,182.06885,182.06885,182.06885,32.441935973019554,32.441935973019554,32.441935973019554,160.0,95.0,255.0
001120,train,190.60450744628906,23.324684143066406,0.12237215042114258,190.6045,190.6045,190.6045,23.324684987154704,23.324684987154704,23.324684987154704,111.0,137.0,248.0
001123,train,195.40972900390625,24.55394744873047,0.12565365433692932,195.409725,195.409725,195.409725,24.55394673824098,24.55394673824098,24.55394673824098,136.0,119.0,255.0
001124,train,215.92453002929688,20.79378318786621,0.09630116075277328,215.924525,215.924525,215.924525,20.793783410538232,20.793783410538232,20.793783410538232,111.0,144.0,255.0
001122,train,173.12620544433594,27.28752326965332,0.15761636197566986,173.1262,173.1262,173.1262,27.287523221428508,27.287523221428508,27.287523221428508,146.0,97.0,243.0
001125,train,221.41502380371094,20.61536979675293,0.09310736507177353,221.415025,221.415025,221.415025,20.615369976048818,20.615369976048818,20.615369976048818,107.0,148.0,255.0
001127,train,232.64736938476562,15.386691093444824,0.06613739579916,232.647375,232.647375,232.647375,15.386691672005878,15.386691672005878,15.386691672005878,99.0,156.0,255.0
001128,train,218.9381561279297,21.39887809753418,0.09773937612771988,218.93815,218.93815,218.93815,21.398877881269847,21.398877881269847,21.398877881269847,109.0,146.0,255.0
001126,train,202.87265014648438,22.84832191467285,0.11262395977973938,202.87265,202.87265,202.87265,22.848322301155942,22.848322301155942,22.848322301155942,109.0,143.0,252.0
001129,train,178.0287322998047,32.521583557128906,0.1826760321855545,178.028725,178.028725,178.028725,32.5215820629067,32.5215820629067,32.5215820629067,148.0,101.0,249.0
001132,train,221.94537353515625,20.630104064941406,0.09295126795768738,221.945375,221.945375,221.945375,20.630104001419262,20.630104001419262,20.630104001419262,103.0,152.0,255.0
001131,train,196.5053253173828,24.97125244140625,0.12707671523094177,196.505325,196.505325,196.505325,24.971253906129245,24.971253906129245,24.971253906129245,137.0,116.0,253.0
001130,train,233.39930725097656,18.255273818969727,0.07821477204561234,233.3993,233.3993,233.3993,18.255273471246603,18.255273471246603,18.255273471246603,74.0,181.0,255.0
001133,train,186.3292236328125,26.366262435913086,0.14150363206863403,186.329225,186.329225,186.329225,26.36626226637699,26.36626226637699,26.36626226637699,137.0,116.0,253.0
001136,train,150.26025390625,36.5090446472168,0.24297206103801727,150.26025,150.26025,150.26025,36.50904641232773,36.50904641232773,36.50904641232773,163.0,63.0,226.0
001135,train,164.33737182617188,36.38127899169922,0.22138164937496185,164.337375,164.337375,164.337375,36.38127956943482,36.38127956943482,36.38127956943482,158.0,89.0,247.0
001137,train,161.81304931640625,28.20613670349121,0.17431311309337616,161.81305,161.81305,161.81305,28.20613851092524,28.20613851092524,28.20613851092524,127.0,95.0,222.0
001134,train,177.89239501953125,32.62075424194336,0.18337351083755493,177.8924,177.8924,177.8924,32.62075370435208,32.62075370435208,32.62075370435208,147.0,106.0,253.0
001138,train,193.0094757080078,25.128225326538086,0.13019166886806488,193.009475,193.009475,193.009475,25.128223877233644,25.128223877233644,25.128223877233644,120.0,131.0,251.0
001139,train,159.99732971191406,30.243505477905273,0.18902505934238434,159.997325,159.997325,159.997325,30.24350455625761,30.24350455625761,30.24350455625761,123.0,102.0,225.0
001140,train,178.90794372558594,28.583126068115234,0.15976443886756897,178.90795,178.90795,178.90795,28.583126609898716,28.583126609898716,28.583126609898716,124.0,118.0,242.0
001142,train,127.4605712890625,35.416690826416016,0.27786388993263245,127.460575,127.460575,127.460575,35.41669162512748,35.41669162512748,35.41669162512748,157.0,61.0,218.0
001141,train,228.24208068847656,15.626830101013184,0.06846603751182556,228.242075,228.242075,228.242075,15.62683028302205,15.62683028302205,15.62683028302205,70.0,185.0,255.0
001143,train,180.39598083496094,30.469158172607422,0.16890153288841248,180.395975,180.395975,180.395975,30.469157008348212,30.469157008348212,30.469157008348212,142.0,100.0,242.0
001144,train,162.38819885253906,27.708494186401367,0.17063120007514954,162.3882,162.3882,162.3882,27.708493296460563,27.708493296460563,27.708493296460563,113.0,108.0,221.0
001145,train,174.13693237304688,27.67218017578125,0.15891046822071075,174.136925,174.136925,174.136925,27.672181456191254,27.672181456191254,27.672181456191254,115.0,116.0,231.0
001147,train,154.24569702148438,27.586576461791992,0.1788482666015625,154.2457,154.2457,154.2457,27.586576110673832,27.586576110673832,27.586576110673832,130.0,92.0,222.0
001146,train,189.8521270751953,26.14008140563965,0.13768653571605682,189.852125,189.852125,189.852125,26.140082402019605,26.140082402019605,26.140082402019605,109.0,135.0,244.0
001148,train,102.31134796142578,13.632731437683105,0.1332474946975708,102.31135,102.31135,102.31135,13.63273124423349,13.63273124423349,13.63273124423349,73.0,69.0,142.0
001149,train,138.59312438964844,12.921225547790527,0.09323135763406754,138.593125,138.593125,138.593125,12.921225860357639,12.921225860357639,12.921225860357639,80.0,103.0,183.0
001151,train,142.4699249267578,9.30134391784668,0.06528636813163757,142.469925,142.469925,142.469925,9.301343746705365,9.301343746705365,9.301343746705365,63.0,109.0,172.0
001150,train,142.92442321777344,8.657474517822266,0.060573793947696686,142.924425,142.924425,142.924425,8.6574744249911,8.6574744249911,8.6574744249911,57.0,111.0,168.0
001153,train,104.30412292480469,16.263647079467773,0.15592525899410248,104.304125,104.304125,104.304125,16.2636460544484,16.2636460544484,16.2636460544484,68.0,71.0,139.0
001155,train,75.22115325927734,13.582479476928711,0.18056727945804596,75.22115,75.22115,75.22115,13.582479253711378,13.582479253711378,13.582479253711378,73.0,38.0,111.0
001152,train,103.26922607421875,14.692809104919434,0.14227674901485443,103.269225,103.269225,103.269225,14.692809224221726,14.692809224221726,14.692809224221726,76.0,64.0,140.0
001156,train,106.25027465820312,16.705163955688477,0.15722467005252838,106.250275,106.250275,106.250275,16.70516349588878,16.70516349588878,16.70516349588878,91.0,57.0,148.0
001154,train,100.80850219726562,15.057889938354492,0.14937123656272888,100.8085,100.8085,100.8085,15.057889219608438,15.057889219608438,15.057889219608438,86.0,63.0,149.0
001158,train,104.13107299804688,16.13715362548828,0.15496963262557983,104.131075,104.131075,104.131075,16.13715260956452,16.13715260956452,16.13715260956452,80.0,60.0,140.0
001157,train,119.8969497680664,15.393683433532715,0.12839095294475555,119.89695,119.89695,119.89695,15.393683142688756,15.393683142688756,15.393683142688756,86.0,71.0,157.0
001159,train,49.879676818847656,10.503853797912598,0.21058383584022522,49.879675,49.879675,49.879675,10.503853906751322,10.503853906751322,10.503853906751322,48.0,26.0,74.0
001160,train,87.12967681884766,15.294270515441895,0.17553457617759705,87.129675,87.129675,87.129675,15.294270476043472,15.294270476043472,15.294270476043472,71.0,60.0,131.0
001163,train,95.01482391357422,14.316827774047852,0.15067993104457855,95.014825,95.014825,95.014825,14.31682769398916,14.31682769398916,14.31682769398916,118.0,62.0,180.0
001161,train,59.761173248291016,10.882954597473145,0.18210744857788086,59.761175,59.761175,59.761175,10.882953993258218,10.882953993258218,10.882953993258218,59.0,35.0,94.0
001166,train,90.8438720703125,12.884765625,0.14183416962623596,90.843875,90.843875,90.843875,12.884766198281405,12.884766198281405,12.884766198281405,69.0,53.0,122.0
001162,train,117.8342514038086,15.399566650390625,0.1306883692741394,117.83425,117.83425,117.83425,15.3995658035381,15.3995658035381,15.3995658035381,78.0,85.0,163.0
001164,train,57.90644836425781,10.622529983520508,0.18344295024871826,57.90645,57.90645,57.90645,10.622530225774836,10.622530225774836,10.622530225774836,51.0,35.0,86.0
001165,train,88.541748046875,13.542455673217773,0.15294994413852692,88.54175,88.54175,88.54175,13.542455720344815,13.542455720344815,13.542455720344815,78.0,52.0,130.0
001167,train,137.27130126953125,12.752159118652344,0.09289748966693878,137.2713,137.2713,137.2713,12.75215849611351,12.75215849611351,12.75215849611351,82.0,90.0,172.0
001168,train,89.25800323486328,12.698302268981934,0.14226514101028442,89.258,89.258,89.258,12.698302484978061,12.698302484978061,12.698302484978061,66.0,62.0,128.0
001169,train,126.09062194824219,14.427874565124512,0.11442464590072632,126.090625,126.090625,126.090625,14.427874483421839,14.427874483421839,14.427874483421839,93.0,90.0,183.0
001170,train,122.75740051269531,12.449454307556152,0.10141510516405106,122.7574,122.7574,122.7574,12.449453612106836,12.449453612106836,12.449453612106836,85.0,79.0,164.0
001171,train,85.2823486328125,11.570783615112305,0.13567619025707245,85.28235,85.28235,85.28235,11.570783399472138,11.570783399472138,11.570783399472138,67.0,60.0,127.0
001172,train,108.01484680175781,12.26750373840332,0.1135723814368248,108.01485,108.01485,108.01485,12.267502984613454,12.267502984613454,12.267502984613454,93.0,69.0,162.0
001174,train,82.0771484375,15.085753440856934,0.18379968404769897,82.07715,82.07715,82.07715,15.085753142534847,15.085753142534847,15.085753142534847,100.0,45.0,145.0
001173,train,105.07665252685547,16.532005310058594,0.15733280777931213,105.07665,105.07665,105.07665,16.532004560170552,16.532004560170552,16.532004560170552,145.0,61.0,206.0
001175,train,84.38672637939453,13.589329719543457,0.16103634238243103,84.386725,84.386725,84.386725,13.589329224592912,13.589329224592912,13.589329224592912,65.0,55.0,120.0
001176,train,97.09764862060547,14.434760093688965,0.14866229891777039,97.09765,97.09765,97.09765,14.434760631111969,14.434760631111969,14.434760631111969,81.0,59.0,140.0
001177,train,83.4998779296875,10.672382354736328,0.12781314551830292,83.499875,83.499875,83.499875,10.672382582365337,10.672382582365337,10.672382582365337,83.0,45.0,128.0
001178,train,68.24192810058594,11.337966918945312,0.16614370048046112,68.241925,68.241925,68.241925,11.337967070616099,11.337967070616099,11.337967070616099,62.0,36.0,98.0
001179,train,83.52857208251953,13.90132999420166,0.16642604768276215,83.528575,83.528575,83.528575,13.901330276968999,13.901330276968999,13.901330276968999,88.0,40.0,128.0
001180,train,98.18097686767578,16.523231506347656,0.16829361021518707,98.180975,98.180975,98.180975,16.523231313801034,16.523231313801034,16.523231313801034,69.0,66.0,135.0
001182,train,119.74665069580078,10.414419174194336,0.08697044104337692,119.74665,119.74665,119.74665,10.414418552060408,10.414418552060408,10.414418552060408,77.0,77.0,154.0
001181,train,118.55217742919922,12.348142623901367,0.10415787249803543,118.552175,118.552175,118.552175,12.348142685010366,12.348142685010366,12.348142685010366,79.0,68.0,147.0
001183,train,92.8958969116211,10.46838665008545,0.11268944293260574,92.8959,92.8959,92.8959,10.468386369923495,10.468386369923495,10.468386369923495,80.0,47.0,127.0
001188,train,141.60597229003906,15.342525482177734,0.1083465963602066,141.605975,141.605975,141.605975,15.342524867158437,15.342524867158437,15.342524867158437,102.0,81.0,183.0
001187,train,217.10635375976562,18.62735366821289,0.08579828590154648,217.10635,217.10635,217.10635,18.627354607605987,18.627354607605987,18.627354607605987,93.0,162.0,255.0
001184,train,76.91587829589844,10.95268440246582,0.14239822328090668,76.915875,76.915875,76.915875,10.952684510400863,10.952684510400863,10.952684510400863,55.0,52.0,107.0
001190,train,136.8426055908203,11.28978157043457,0.08250194787979126,136.8426,136.8426,136.8426,11.289781895147488,11.289781895147488,11.289781895147488,82.0,87.0,169.0
001189,train,142.45542907714844,13.073431968688965,0.09177208691835403,142.455425,142.455425,142.455425,13.073431572061523,13.073431572061523,13.073431572061523,94.0,86.0,180.0
001185,train,94.33869934082031,9.011137008666992,0.09551898390054703,94.3387,94.3387,94.3387,9.011136571487528,9.011136571487528,9.011136571487528,72.0,53.0,125.0
001186,train,61.82334899902344,9.018067359924316,0.14586830139160156,61.82335,61.82335,61.82335,9.018067685347011,9.018067685347011,9.018067685347011,55.0,35.0,90.0
001191,train,161.7584228515625,55.810997009277344,0.3450268507003784,161.758425,161.758425,161.758425,55.81099458457424,55.81099458457424,55.81099458457424,237.0,18.0,255.0
001192,train,122.0519027709961,42.87281036376953,0.3512670397758484,122.0519,122.0519,122.0519,42.872810805800924,42.872810805800924,42.872810805800924,237.0,18.0,255.0
001194,train,156.07052612304688,48.084774017333984,0.30809643864631653,156.070525,156.070525,156.070525,48.084774630067415,48.084774630067415,48.084774630067415,242.0,13.0,255.0
001196,train,176.98876953125,71.67039489746094,0.40494316816329956,176.988775,176.988775,176.988775,71.6703959037438,71.6703959037438,71.6703959037438,232.0,23.0,255.0
001193,train,166.43331909179688,47.93199157714844,0.2879951596260071,166.433325,166.433325,166.433325,47.93199145085018,47.93199145085018,47.93199145085018,227.0,28.0,255.0
001198,train,156.2582244873047,56.83829879760742,0.36374595761299133,156.258225,156.258225,156.258225,56.83829514376179,56.83829514376179,56.83829514376179,229.0,26.0,255.0
001195,train,174.10511779785156,64.70264434814453,0.3716297745704651,174.105125,174.105125,174.105125,64.7026492791012,64.7026492791012,64.7026492791012,232.0,23.0,255.0
001197,train,111.77767181396484,55.69922637939453,0.49830368161201477,111.777675,111.777675,111.777675,55.69922662474206,55.69922662474206,55.69922662474206,238.0,17.0,255.0
001199,train,112.92430114746094,60.67367172241211,0.5372951030731201,112.9243,112.9243,112.9243,60.67366949105683,60.67366949105683,60.67366949105683,239.0,16.0,255.0
001200,train,162.32005310058594,64.0255355834961,0.39444008469581604,162.32005,162.32005,162.32005,64.02554035693491,64.02554035693491,64.02554035693491,255.0,0.0,255.0
001201,train,114.84127807617188,57.65798568725586,0.5020667314529419,114.841275,114.841275,114.841275,57.65798801011336,57.65798801011336,57.65798801011336,237.0,18.0,255.0
001202,train,160.951904296875,61.70833206176758,0.38339608907699585,160.9519,160.9519,160.9519,61.70833198515416,61.70833198515416,61.70833198515416,228.0,27.0,255.0
001203,train,70.20760345458984,52.95766067504883,0.7543009519577026,70.2076,70.2076,70.2076,52.95765763551104,52.95765763551104,52.95765763551104,255.0,0.0,255.0
001206,train,127.75234985351562,68.22406005859375,0.5340337157249451,127.75235,127.75235,127.75235,68.22405601748916,68.22405601748916,68.22405601748916,255.0,0.0,255.0
001204,train,121.57707214355469,45.61737060546875,0.3752135932445526,121.577075,121.577075,121.577075,45.61737179457378,45.61737179457378,45.61737179457378,249.0,6.0,255.0
001205,train,138.56422424316406,54.6971435546875,0.3947421908378601,138.564225,138.564225,138.564225,54.69714549361215,54.69714549361215,54.69714549361215,245.0,10.0,255.0
001207,train,166.4271240234375,70.2416763305664,0.4220566749572754,166.427125,166.427125,166.427125,70.24167701040726,70.24167701040726,70.24167701040726,255.0,0.0,255.0
001209,train,85.81224822998047,61.9955940246582,0.7224562168121338,85.81225,85.81225,85.81225,61.99559460104807,61.99559460104807,61.99559460104807,255.0,0.0,255.0
001208,train,162.43972778320312,72.14375305175781,0.44412627816200256,162.439725,162.439725,162.439725,72.14374794065232,72.14374794065232,72.14374794065232,253.0,2.0,255.0
001210,train,37.016300201416016,31.050539016723633,0.8388342261314392,37.0163,37.0163,37.0163,31.050539195157306,31.050539195157306,31.050539195157306,154.0,0.0,154.0
001215,train,196.8915252685547,61.312339782714844,0.3114016056060791,196.891525,196.891525,196.891525,61.312339770835486,61.312339770835486,61.312339770835486,251.0,4.0,255.0
001214,train,187.69952392578125,54.22237777709961,0.2888786196708679,187.699525,187.699525,187.699525,54.22237720512054,54.22237720512054,54.22237720512054,252.0,3.0,255.0
001211,train,102.19824981689453,57.22636413574219,0.5599544644355774,102.19825,102.19825,102.19825,57.22636408979257,57.22636408979257,57.22636408979257,255.0,0.0,255.0
001212,train,48.524600982666016,32.845123291015625,0.6768757104873657,48.5246,48.5246,48.5246,32.8451228470834,32.8451228470834,32.8451228470834,182.0,0.0,182.0
001213,train,175.9112548828125,60.80528259277344,0.3456588387489319,175.91125,175.91125,175.91125,60.805282857968024,60.805282857968024,60.805282857968024,251.0,4.0,255.0
001216,train,178.47384643554688,66.66886138916016,0.37354975938796997,178.47385,178.47385,178.47385,66.66886354346757,66.66886354346757,66.66886354346757,255.0,0.0,255.0
001217,train,194.8846435546875,51.15432357788086,0.262485146522522,194.88465,194.88465,194.88465,51.154323809209906,51.154323809209906,51.154323809209906,249.0,6.0,255.0
001218,train,179.3731231689453,71.40200805664062,0.39806413650512695,179.373125,179.373125,179.373125,71.40200944465342,71.40200944465342,71.40200944465342,255.0,0.0,255.0
001219,train,206.9361572265625,44.22080612182617,0.21369299292564392,206.93615,206.93615,206.93615,44.22080758169733,44.22080758169733,44.22080758169733,228.0,27.0,255.0
001220,train,199.94000244140625,61.437461853027344,0.307279497385025,199.94,199.94,199.94,61.437460885033325,61.437460885033325,61.437460885033325,255.0,0.0,255.0
001221,train,177.5496063232422,70.41411590576172,0.39658841490745544,177.5496,177.5496,177.5496,70.41411499010691,70.41411499010691,70.41411499010691,239.0,16.0,255.0
001222,train,213.3156280517578,62.03148651123047,0.2907967269420624,213.315625,213.315625,213.315625,62.031490034170346,62.031490034170346,62.031490034170346,231.0,24.0,255.0
001224,train,190.8908233642578,57.740726470947266,0.3024803698062897,190.890825,190.890825,190.890825,57.740727877464224,57.740727877464224,57.740727877464224,255.0,0.0,255.0
001223,train,198.20932006835938,62.11898422241211,0.31340092420578003,198.209325,198.209325,198.209325,62.118981865806326,62.118981865806326,62.118981865806326,248.0,7.0,255.0
001225,train,150.28070068359375,55.81633377075195,0.37141385674476624,150.2807,150.2807,150.2807,55.81633414610816,55.81633414610816,55.81633414610816,255.0,0.0,255.0
001226,train,140.61717224121094,71.57785034179688,0.5090264081954956,140.617175,140.617175,140.617175,71.57784377877958,71.57784377877958,71.57784377877958,248.0,7.0,255.0
001229,train,147.08506774902344,65.3414306640625,0.4442424476146698,147.085075,147.085075,147.085075,65.34142665449214,65.34142665449214,65.34142665449214,250.0,5.0,255.0
001228,train,205.15870666503906,53.90488052368164,0.26274722814559937,205.1587,205.1587,205.1587,53.904882100882105,53.904882100882105,53.904882100882105,244.0,11.0,255.0
001227,train,184.03884887695312,72.3436279296875,0.3930889070034027,184.03885,184.03885,184.03885,72.34362681451283,72.34362681451283,72.34362681451283,233.0,22.0,255.0
001230,train,223.29299926757812,52.521915435791016,0.2352152317762375,223.293,223.293,223.293,52.521916863343826,52.521916863343826,52.521916863343826,233.0,22.0,255.0
001232,train,158.0063018798828,71.5020523071289,0.45252659916877747,158.0063,158.0063,158.0063,71.50204724558591,71.50204724558591,71.50204724558591,245.0,10.0,255.0
001231,train,204.64842224121094,49.91817855834961,0.24392163753509521,204.648425,204.648425,204.648425,49.91817875302919,49.91817875302919,49.91817875302919,243.0,12.0,255.0
001235,train,208.0178680419922,62.536888122558594,0.3006322979927063,208.017875,208.017875,208.017875,62.53688715857526,62.53688715857526,62.53688715857526,225.0,30.0,255.0
001233,train,195.08355712890625,65.93958282470703,0.3380068838596344,195.08355,195.08355,195.08355,65.93958423737217,65.93958423737217,65.93958423737217,242.0,13.0,255.0
001234,train,150.42567443847656,57.61821365356445,0.38303443789482117,150.425675,150.425675,150.425675,57.61821262235036,57.61821262235036,57.61821262235036,233.0,22.0,255.0
001236,train,161.05072021484375,55.670021057128906,0.34566763043403625,161.050725,161.050725,161.050725,55.67002292054832,55.67002292054832,55.67002292054832,255.0,0.0,255.0
001237,train,214.57342529296875,52.471580505371094,0.2445390522480011,214.573425,214.573425,214.573425,52.47157953377595,52.47157953377595,52.47157953377595,249.0,6.0,255.0
001238,train,181.80502319335938,67.70580291748047,0.3724088668823242,181.805025,181.805025,181.805025,67.7058048452965,67.7058048452965,67.7058048452965,237.0,18.0,255.0
001239,train,209.27552795410156,56.208587646484375,0.26858651638031006,209.275525,209.275525,209.275525,56.20858974368931,56.20858974368931,56.20858974368931,241.0,14.0,255.0
001240,train,187.638671875,58.112159729003906,0.30970245599746704,187.638675,187.638675,187.638675,58.112163264194315,58.112163264194315,58.112163264194315,238.0,17.0,255.0
001244,train,149.54190063476562,46.430908203125,0.31048762798309326,149.5419,149.5419,149.5419,46.43090828736823,46.43090828736823,46.43090828736823,232.0,23.0,255.0
001242,train,189.79872131347656,40.33603286743164,0.2125200480222702,189.798725,189.798725,189.798725,40.33603244463162,40.33603244463162,40.33603244463162,219.0,36.0,255.0
001241,train,194.17825317382812,43.89860916137695,0.22607377171516418,194.17825,194.17825,194.17825,43.898608485207134,43.898608485207134,43.898608485207134,246.0,9.0,255.0
001243,train,193.8092498779297,39.708648681640625,0.20488521456718445,193.80925,193.80925,193.80925,39.708649113732136,39.708649113732136,39.708649113732136,255.0,0.0,255.0
001245,train,66.17272186279297,26.04154396057129,0.3935389518737793,66.172725,66.172725,66.172725,26.04154356167036,26.04154356167036,26.04154356167036,150.0,0.0,150.0
001246,train,155.98849487304688,47.287235260009766,0.3031456470489502,155.9885,155.9885,155.9885,47.287235780387924,47.287235780387924,47.287235780387924,233.0,22.0,255.0
001247,train,160.44009399414062,48.953216552734375,0.3051183521747589,160.4401,160.4401,160.4401,48.95321247875363,48.95321247875363,48.95321247875363,235.0,20.0,255.0
001248,train,151.0282440185547,42.42919158935547,0.28093546628952026,151.02825,151.02825,151.02825,42.42919339249216,42.42919339249216,42.42919339249216,241.0,14.0,255.0
001251,train,110.44317626953125,55.49345779418945,0.5024616122245789,110.443175,110.443175,110.443175,55.4934610645198,55.4934610645198,55.4934610645198,255.0,0.0,255.0
001249,train,168.8507537841797,49.94871520996094,0.29581576585769653,168.85075,168.85075,168.85075,49.94871394177732,49.94871394177732,49.94871394177732,244.0,11.0,255.0
001250,train,102.1104736328125,47.599327087402344,0.46615520119667053,102.110475,102.110475,102.110475,47.599326363661646,47.599326363661646,47.599326363661646,253.0,2.0,255.0
001253,train,171.53611755371094,47.46814727783203,0.2767239212989807,171.536125,171.536125,171.536125,47.46814716190611,47.46814716190611,47.46814716190611,241.0,14.0,255.0
001252,train,87.49332427978516,25.933393478393555,0.29640424251556396,87.493325,87.493325,87.493325,25.933393635318442,25.933393635318442,25.933393635318442,220.0,6.0,226.0
001254,train,127.81342315673828,54.402198791503906,0.4256376028060913,127.813425,127.813425,127.813425,54.40220091843137,54.40220091843137,54.40220091843137,255.0,0.0,255.0
001255,train,169.09320068359375,54.475093841552734,0.32216015458106995,169.0932,169.0932,169.0932,54.475090305202805,54.475090305202805,54.475090305202805,242.0,13.0,255.0
001256,train,155.56739807128906,55.85157012939453,0.359018474817276,155.5674,155.5674,155.5674,55.85157032026942,55.85157032026942,55.85157032026942,237.0,18.0,255.0
001257,train,135.55764770507812,43.49259567260742,0.32084205746650696,135.55765,135.55765,135.55765,43.492593926753784,43.492593926753784,43.492593926753784,247.0,8.0,255.0
001259,train,168.31967163085938,60.26508712768555,0.3580394685268402,168.319675,168.319675,168.319675,60.26508718067513,60.26508718067513,60.26508718067513,231.0,24.0,255.0
001258,train,161.87254333496094,54.3171272277832,0.33555492758750916,161.87255,161.87255,161.87255,54.317128573751944,54.317128573751944,54.317128573751944,237.0,18.0,255.0
001260,train,154.42050170898438,55.80752182006836,0.36139968037605286,154.4205,154.4205,154.4205,55.80752126505889,55.80752126505889,55.80752126505889,237.0,18.0,255.0
001262,train,184.9642791748047,52.33657455444336,0.2829550504684448,184.964275,184.964275,184.964275,52.33657324208736,52.33657324208736,52.33657324208736,237.0,18.0,255.0
001261,train,153.045654296875,62.57107162475586,0.40883925557136536,153.04565,153.04565,153.04565,62.57107052046896,62.57107052046896,62.57107052046896,234.0,21.0,255.0
001264,train,136.53904724121094,66.43244171142578,0.4865453839302063,136.53905,136.53905,136.53905,66.43243955401232,66.43243955401232,66.43243955401232,243.0,12.0,255.0
001263,train,133.90472412109375,53.662879943847656,0.4007541835308075,133.904725,133.904725,133.904725,53.662881004232105,53.662881004232105,53.662881004232105,236.0,19.0,255.0
001265,train,127.75440216064453,48.35335922241211,0.37848684191703796,127.7544,127.7544,127.7544,48.353359041952814,48.353359041952814,48.353359041952814,240.0,15.0,255.0
001267,train,152.92245483398438,60.787017822265625,0.39750224351882935,152.92245,152.92245,152.92245,60.78702029214378,60.78702029214378,60.78702029214378,245.0,10.0,255.0
001268,train,113.5999526977539,51.40597152709961,0.4525175392627716,113.59995,113.59995,113.59995,51.40597251290457,51.40597251290457,51.40597251290457,245.0,10.0,255.0
001269,train,124.26339721679688,59.40712356567383,0.47807419300079346,124.2634,124.2634,124.2634,59.4071268488891,59.4071268488891,59.4071268488891,246.0,9.0,255.0
001266,train,141.31167602539062,50.80896759033203,0.3595525026321411,141.311675,141.311675,141.311675,50.80896607582539,50.80896607582539,50.80896607582539,231.0,24.0,255.0
001271,train,99.2824478149414,41.8802375793457,0.4218292236328125,99.28245,99.28245,99.28245,41.880236651641546,41.880236651641546,41.880236651641546,248.0,7.0,255.0
001270,train,128.01657104492188,57.11553192138672,0.4461573362350464,128.016575,128.016575,128.016575,57.11552985195336,57.11552985195336,57.11552985195336,240.0,15.0,255.0
001272,train,78.48269653320312,38.629112243652344,0.4921990931034088,78.4827,78.4827,78.4827,38.62911208803536,38.62911208803536,38.62911208803536,227.0,2.0,229.0
001273,train,95.59337615966797,54.08736038208008,0.5658065676689148,95.593375,95.593375,95.593375,54.08735879213714,54.08735879213714,54.08735879213714,253.0,2.0,255.0
001274,train,167.28237915039062,33.47907257080078,0.20013508200645447,167.282375,167.282375,167.282375,33.47907390235541,33.47907390235541,33.47907390235541,227.0,28.0,255.0
001275,train,128.22320556640625,48.09347915649414,0.3750762641429901,128.2232,128.2232,128.2232,48.09347857828543,48.09347857828543,48.09347857828543,245.0,10.0,255.0
001278,train,100.70614624023438,47.800086975097656,0.4746491611003876,100.70615,100.70615,100.70615,47.80008893482835,47.80008893482835,47.80008893482835,240.0,12.0,252.0
001276,train,72.14859771728516,31.29938316345215,0.4338183104991913,72.1486,72.1486,72.1486,31.299384467430027,31.299384467430027,31.299384467430027,180.0,0.0,180.0
001280,train,119.4189224243164,55.37462615966797,0.4637005925178528,119.418925,119.418925,119.418925,55.374625749023124,55.374625749023124,55.374625749023124,255.0,0.0,255.0
001277,train,35.58164978027344,17.31894874572754,0.4867382049560547,35.58165,35.58165,35.58165,17.31894723352144,17.31894723352144,17.31894723352144,91.0,0.0,91.0
001279,train,92.57534790039062,51.85786056518555,0.5601692199707031,92.57535,92.57535,92.57535,51.85786123990749,51.85786123990749,51.85786123990749,249.0,0.0,249.0
001281,train,116.31065368652344,59.0829963684082,0.5079758167266846,116.31065,116.31065,116.31065,59.082994563389384,59.082994563389384,59.082994563389384,250.0,5.0,255.0
001282,train,178.5379180908203,52.144039154052734,0.2920614182949066,178.537925,178.537925,178.537925,52.14403860168845,52.14403860168845,52.14403860168845,237.0,18.0,255.0
001283,train,151.875,46.578067779541016,0.3066868782043457,151.875,151.875,151.875,46.578068068566346,46.578068068566346,46.578068068566346,227.0,28.0,255.0
001285,train,116.31065368652344,59.0829963684082,0.5079758167266846,116.31065,116.31065,116.31065,59.082994563389384,59.082994563389384,59.082994563389384,250.0,5.0,255.0
001287,train,138.65261840820312,40.22079849243164,0.29008322954177856,138.652625,138.652625,138.652625,40.22079879377553,40.22079879377553,40.22079879377553,230.0,25.0,255.0
001286,train,54.55324935913086,22.787567138671875,0.41771236062049866,54.55325,54.55325,54.55325,22.787568199294544,22.787568199294544,22.787568199294544,145.0,0.0,145.0
001288,train,143.08106994628906,70.367431640625,0.4918011426925659,143.081075,143.081075,143.081075,70.36743033424182,70.36743033424182,70.36743033424182,235.0,20.0,255.0
001284,train,163.49049377441406,57.00056457519531,0.3486475646495819,163.4905,163.4905,163.4905,57.00056499500685,57.00056499500685,57.00056499500685,237.0,18.0,255.0
001290,train,171.3521728515625,59.41373825073242,0.3467346727848053,171.352175,171.352175,171.352175,59.413739553821856,59.413739553821856,59.413739553821856,235.0,20.0,255.0
001291,train,146.02940368652344,71.88968658447266,0.4922959804534912,146.0294,146.0294,146.0294,71.88968726903741,71.88968726903741,71.88968726903741,252.0,3.0,255.0
001289,train,125.3802490234375,43.473628997802734,0.34673425555229187,125.38025,125.38025,125.38025,43.473630052452485,43.473630052452485,43.473630052452485,234.0,21.0,255.0
001293,train,180.1377716064453,59.768524169921875,0.3317933976650238,180.137775,180.137775,180.137775,59.76852343039248,59.76852343039248,59.76852343039248,254.0,1.0,255.0
001292,train,141.2566680908203,70.83503723144531,0.5014632940292358,141.256675,141.256675,141.256675,70.83504212566245,70.83504212566245,70.83504212566245,251.0,4.0,255.0
001294,train,127.45972442626953,65.5604019165039,0.5143617391586304,127.459725,127.459725,127.459725,65.56040213363838,65.56040213363838,65.56040213363838,239.0,16.0,255.0
001296,train,125.27649688720703,64.2690658569336,0.5130177736282349,125.2765,125.2765,125.2765,64.26907030407395,64.26907030407395,64.26907030407395,240.0,15.0,255.0
001295,train,115.58550262451172,56.405757904052734,0.4880002737045288,115.5855,115.5855,115.5855,56.405758480406945,56.405758480406945,56.405758480406945,242.0,13.0,255.0
001297,train,44.116451263427734,20.868173599243164,0.47302475571632385,44.11645,44.11645,44.11645,20.86817288114846,20.86817288114846,20.86817288114846,106.0,0.0,106.0
001298,train,105.99502563476562,54.37480163574219,0.5129938721656799,105.995025,105.995025,105.995025,54.3748039099855,54.3748039099855,54.3748039099855,234.0,21.0,255.0
001300,train,116.96759796142578,60.955421447753906,0.5211308598518372,116.9676,116.9676,116.9676,60.95542182808679,60.95542182808679,60.95542182808679,241.0,14.0,255.0
001299,train,99.73062133789062,60.029579162597656,0.6019172072410583,99.730625,99.730625,99.730625,60.029578643443564,60.029578643443564,60.029578643443564,250.0,5.0,255.0
001301,train,151.53634643554688,52.66237258911133,0.347523033618927,151.53635,151.53635,151.53635,52.66237631058344,52.66237631058344,52.66237631058344,238.0,17.0,255.0
001305,train,160.8846435546875,54.30009841918945,0.33750951290130615,160.88465,160.88465,160.88465,54.30009939565028,54.30009939565028,54.30009939565028,233.0,22.0,255.0
001303,train,83.6456527709961,39.05739974975586,0.4669387936592102,83.64565,83.64565,83.64565,39.05739860868233,39.05739860868233,39.05739860868233,209.0,9.0,218.0
001302,train,44.19974899291992,25.12906265258789,0.5685340762138367,44.19975,44.19975,44.19975,25.12906185947856,25.12906185947856,25.12906185947856,138.0,0.0,138.0
001304,train,111.2164535522461,62.36249923706055,0.5607308745384216,111.21645,111.21645,111.21645,62.36250395387841,62.36250395387841,62.36250395387841,245.0,10.0,255.0
001306,train,176.4781036376953,59.08709716796875,0.33481261134147644,176.4781,176.4781,176.4781,59.08709224856136,59.08709224856136,59.08709224856136,233.0,22.0,255.0
001307,train,91.21504974365234,59.62025451660156,0.6536229848861694,91.21505,91.21505,91.21505,59.62025329950804,59.62025329950804,59.62025329950804,247.0,8.0,255.0
001308,train,126.00029754638672,54.31532669067383,0.43107300996780396,126.0003,126.0003,126.0003,54.31532702571163,54.31532702571163,54.31532702571163,243.0,12.0,255.0
001309,train,209.61685180664062,44.068111419677734,0.2102317214012146,209.61685,209.61685,209.61685,44.068110874843505,44.068110874843505,44.068110874843505,220.0,35.0,255.0
001314,train,49.75944900512695,26.505168914794922,0.532666027545929,49.75945,49.75945,49.75945,26.505169980543418,26.505169980543418,26.505169980543418,137.0,0.0,137.0
001311,train,77.01427459716797,36.03739929199219,0.4679314196109772,77.014275,77.014275,77.014275,36.03739961795766,36.03739961795766,36.03739961795766,188.0,0.0,188.0
001312,train,105.83992767333984,59.468990325927734,0.5618767142295837,105.839925,105.839925,105.839925,59.468991087745685,59.468991087745685,59.468991087745685,252.0,3.0,255.0
001310,train,119.06122589111328,64.51276397705078,0.5418452620506287,119.061225,119.061225,119.061225,64.51276793394759,64.51276793394759,64.51276793394759,250.0,5.0,255.0
001315,train,170.93186950683594,37.72409439086914,0.22069667279720306,170.931875,170.931875,170.931875,37.72409421025739,37.72409421025739,37.72409421025739,216.0,39.0,255.0
001313,train,62.97795104980469,26.79372215270996,0.4254460632801056,62.97795,62.97795,62.97795,26.793722469964862,26.793722469964862,26.793722469964862,156.0,0.0,156.0
001316,train,105.94819641113281,50.44482421875,0.4761272668838501,105.9482,105.9482,105.9482,50.44482695737988,50.44482695737988,50.44482695737988,243.0,12.0,255.0
001317,train,84.03285217285156,48.210601806640625,0.5737113356590271,84.03285,84.03285,84.03285,48.210599154931685,48.210599154931685,48.210599154931685,255.0,0.0,255.0
001318,train,100.48947143554688,55.63212203979492,0.5536114573478699,100.489475,100.489475,100.489475,55.632118324079435,55.632118324079435,55.632118324079435,251.0,4.0,255.0
001321,train,158.48245239257812,60.63557434082031,0.38260117173194885,158.48245,158.48245,158.48245,60.63557447569455,60.63557447569455,60.63557447569455,232.0,23.0,255.0
001323,train,51.55220031738281,35.11478805541992,0.6811501383781433,51.5522,51.5522,51.5522,35.11478499378859,35.11478499378859,35.11478499378859,218.0,0.0,218.0
001319,train,109.79777526855469,49.619384765625,0.4519161283969879,109.797775,109.797775,109.797775,49.619387642829444,49.619387642829444,49.619387642829444,255.0,0.0,255.0
001320,train,84.8634262084961,58.80827331542969,0.6929754614830017,84.863425,84.863425,84.863425,58.808272566615784,58.808272566615784,58.808272566615784,255.0,0.0,255.0
001322,train,72.1800537109375,47.2972297668457,0.6552672982215881,72.18005,72.18005,72.18005,47.29722964400241,47.29722964400241,47.29722964400241,253.0,0.0,253.0
001324,train,36.36372375488281,25.86998176574707,0.7114228010177612,36.363725,36.363725,36.363725,25.869981235485557,25.869981235485557,25.869981235485557,137.0,0.0,137.0
001325,train,117.02220153808594,64.20634460449219,0.5486680865287781,117.0222,117.0222,117.0222,64.20634125349302,64.20634125349302,64.20634125349302,242.0,13.0,255.0
001327,train,122.96732330322266,68.84204864501953,0.559840202331543,122.967325,122.967325,122.967325,68.84204752434646,68.84204752434646,68.84204752434646,248.0,7.0,255.0
001326,train,164.2081756591797,61.70429229736328,0.3757686913013458,164.208175,164.208175,164.208175,61.7042918942384,61.7042918942384,61.7042918942384,225.0,30.0,255.0
001328,train,140.8517303466797,61.461936950683594,0.43635910749435425,140.851725,140.851725,140.851725,61.46193528944866,61.46193528944866,61.46193528944866,234.0,21.0,255.0
001331,train,121.56377410888672,66.57164764404297,0.547627329826355,121.563775,121.563775,121.563775,66.57164886608544,66.57164886608544,66.57164886608544,255.0,0.0,255.0
001330,train,91.8834228515625,54.70989990234375,0.5954273343086243,91.883425,91.883425,91.883425,54.70990070608221,54.70990070608221,54.70990070608221,248.0,7.0,255.0
001329,train,145.44549560546875,69.65045166015625,0.47887665033340454,145.4455,145.4455,145.4455,69.6504542680807,69.6504542680807,69.6504542680807,224.0,31.0,255.0
001333,train,54.884849548339844,29.729768753051758,0.541675329208374,54.88485,54.88485,54.88485,29.72976859105197,29.72976859105197,29.72976859105197,158.0,0.0,158.0
001332,train,176.2448272705078,73.15443420410156,0.41507279872894287,176.244825,176.244825,176.244825,73.15443654160269,73.15443654160269,73.15443654160269,225.0,30.0,255.0
001334,train,162.5562744140625,66.02754211425781,0.4061826765537262,162.556275,162.556275,162.556275,66.02754677499668,66.02754677499668,66.02754677499668,237.0,18.0,255.0
001335,train,151.54725646972656,73.21295166015625,0.4831031262874603,151.54725,151.54725,151.54725,73.21295286653516,73.21295286653516,73.21295286653516,255.0,0.0,255.0
001337,train,140.1763458251953,62.90940856933594,0.4487876296043396,140.17635,140.17635,140.17635,62.909408681670975,62.909408681670975,62.909408681670975,231.0,24.0,255.0
001339,train,141.0230712890625,48.60387420654297,0.3446519374847412,141.023075,141.023075,141.023075,48.60387322574586,48.60387322574586,48.60387322574586,254.0,1.0,255.0
001338,train,136.96710205078125,66.18850708007812,0.48324382305145264,136.9671,136.9671,136.9671,66.18850857656486,66.18850857656486,66.18850857656486,255.0,0.0,255.0
001336,train,174.93527221679688,55.81433868408203,0.31905707716941833,174.935275,174.935275,174.935275,55.81433853119084,55.81433853119084,55.81433853119084,238.0,17.0,255.0
001340,train,139.54100036621094,54.52287292480469,0.3907301425933838,139.541,139.541,139.541,54.52287335605122,54.52287335605122,54.52287335605122,231.0,24.0,255.0
001342,train,42.44430160522461,22.762910842895508,0.536300778388977,42.4443,42.4443,42.4443,22.76291056763172,22.76291056763172,22.76291056763172,140.0,0.0,140.0
001341,train,200.54925537109375,62.82685852050781,0.31327396631240845,200.54925,200.54925,200.54925,62.8268634776359,62.8268634776359,62.8268634776359,253.0,2.0,255.0
001343,train,153.02513122558594,58.12666702270508,0.37985047698020935,153.025125,153.025125,153.025125,58.12666379325736,58.12666379325736,58.12666379325736,235.0,20.0,255.0
001346,train,171.30032348632812,64.07814025878906,0.3740690052509308,171.300325,171.300325,171.300325,64.07814120192918,64.07814120192918,64.07814120192918,224.0,31.0,255.0
001345,train,120.47027587890625,62.024818420410156,0.5148558020591736,120.470275,120.470275,120.470275,62.02481693986992,62.02481693986992,62.02481693986992,246.0,9.0,255.0
001344,train,38.74322509765625,24.599899291992188,0.6349471211433411,38.743225,38.743225,38.743225,24.599899219293054,24.599899219293054,24.599899219293054,166.0,0.0,166.0
001347,train,153.90554809570312,73.92366027832031,0.4803183674812317,153.90555,153.90555,153.90555,73.9236608211302,73.9236608211302,73.9236608211302,252.0,3.0,255.0
001349,train,59.624000549316406,42.88750457763672,0.71929931640625,59.624,59.624,59.624,42.88750487029993,42.88750487029993,42.88750487029993,234.0,0.0,234.0
001348,train,143.1187286376953,64.62939453125,0.45157888531684875,143.118725,143.118725,143.118725,64.62939524221447,64.62939524221447,64.62939524221447,255.0,0.0,255.0
001350,train,81.69920349121094,45.421241760253906,0.5559569597244263,81.6992,81.6992,81.6992,45.42124083906119,45.42124083906119,45.42124083906119,244.0,1.0,245.0
001352,train,127.58200073242188,53.57625961303711,0.4199358820915222,127.582,127.582,127.582,53.576262243646674,53.576262243646674,53.576262243646674,255.0,0.0,255.0
001351,train,150.83114624023438,58.921722412109375,0.39064690470695496,150.83115,150.83115,150.83115,58.92171916770166,58.92171916770166,58.92171916770166,255.0,0.0,255.0
001354,train,109.15370178222656,63.855831146240234,0.5850083827972412,109.1537,109.1537,109.1537,63.85583079335825,63.85583079335825,63.85583079335825,255.0,0.0,255.0
001355,train,131.3989715576172,65.6521987915039,0.4996401369571686,131.398975,131.398975,131.398975,65.65219869851562,65.65219869851562,65.65219869851562,255.0,0.0,255.0
001353,train,126.4195785522461,60.624046325683594,0.47954633831977844,126.419575,126.419575,126.419575,60.62405118283811,60.62405118283811,60.62405118283811,245.0,10.0,255.0
001356,train,136.70883178710938,58.454994201660156,0.4275875389575958,136.708825,136.708825,136.708825,58.454996297317265,58.454996297317265,58.454996297317265,255.0,0.0,255.0
001357,train,146.53384399414062,60.05614471435547,0.40984487533569336,146.53385,146.53385,146.53385,60.056144599678554,60.056144599678554,60.056144599678554,231.0,24.0,255.0
001358,train,75.45122528076172,46.76640701293945,0.6198230385780334,75.451225,75.451225,75.451225,46.76641071323921,46.76641071323921,46.76641071323921,251.0,4.0,255.0
001359,train,154.91140747070312,62.32068634033203,0.4022988975048065,154.9114,154.9114,154.9114,62.32068396640075,62.32068396640075,62.32068396640075,255.0,0.0,255.0
001360,train,58.282325744628906,40.69401931762695,0.698222279548645,58.282325,58.282325,58.282325,40.69402004710735,40.69402004710735,40.69402004710735,206.0,0.0,206.0
001361,train,157.38526916503906,60.311092376708984,0.38320672512054443,157.385275,157.385275,157.385275,60.31109465243004,60.31109465243004,60.31109465243004,248.0,7.0,255.0
001365,train,138.2030029296875,64.3717041015625,0.4657764434814453,138.203,138.203,138.203,64.3717010106149,64.3717010106149,64.3717010106149,229.0,26.0,255.0
001363,train,141.40496826171875,61.563636779785156,0.4353711009025574,141.404975,141.404975,141.404975,61.5636391894548,61.5636391894548,61.5636391894548,239.0,16.0,255.0
001362,train,89.55057525634766,46.84037399291992,0.5230605602264404,89.550575,89.550575,89.550575,46.84037299349115,46.84037299349115,46.84037299349115,251.0,0.0,251.0
001364,train,168.11070251464844,60.949066162109375,0.3625531494617462,168.1107,168.1107,168.1107,60.94906763446017,60.94906763446017,60.94906763446017,255.0,0.0,255.0
001366,train,137.67245483398438,62.15638732910156,0.4514802098274231,137.67245,137.67245,137.67245,62.156387933964595,62.156387933964595,62.156387933964595,232.0,23.0,255.0
001367,train,150.08262634277344,59.12730026245117,0.3939649760723114,150.082625,150.082625,150.082625,59.127299516461726,59.127299516461726,59.127299516461726,255.0,0.0,255.0
001369,train,144.52084350585938,55.987762451171875,0.3874026834964752,144.52085,144.52085,144.52085,55.98776397818991,55.98776397818991,55.98776397818991,255.0,0.0,255.0
001368,train,106.0323257446289,54.512596130371094,0.5141130089759827,106.032325,106.032325,106.032325,54.51259927846383,54.51259927846383,54.51259927846383,255.0,0.0,255.0
001370,train,134.62303161621094,59.216552734375,0.43986940383911133,134.623025,134.623025,134.623025,59.21655397648005,59.21655397648005,59.21655397648005,255.0,0.0,255.0
001373,train,139.5375213623047,53.23704528808594,0.3815249502658844,139.537525,139.537525,139.537525,53.237045296244375,53.237045296244375,53.237045296244375,254.0,1.0,255.0
001372,train,46.289398193359375,40.90765380859375,0.8837370276451111,46.2894,46.2894,46.2894,40.90765328932961,40.90765328932961,40.90765328932961,200.0,0.0,200.0
001371,train,132.68006896972656,63.90374755859375,0.4816378951072693,132.680075,132.680075,132.680075,63.90374459289827,63.90374459289827,63.90374459289827,255.0,0.0,255.0
001374,train,118.89434814453125,51.190181732177734,0.4305518567562103,118.89435,118.89435,118.89435,51.19017960583358,51.19017960583358,51.19017960583358,230.0,25.0,255.0
001375,train,140.9542694091797,59.90215301513672,0.42497578263282776,140.954275,140.954275,140.954275,59.90215133218818,59.90215133218818,59.90215133218818,255.0,0.0,255.0
001378,train,133.2425537109375,59.8768424987793,0.4493822753429413,133.24255,133.24255,133.24255,59.876839174237475,59.876839174237475,59.876839174237475,255.0,0.0,255.0
001381,train,138.01275634765625,57.130035400390625,0.4139474928379059,138.01275,138.01275,138.01275,57.1300327099285,57.1300327099285,57.1300327099285,255.0,0.0,255.0
001379,train,136.96954345703125,55.940067291259766,0.40841245651245117,136.96955,136.96955,136.96955,55.9400663460234,55.9400663460234,55.9400663460234,255.0,0.0,255.0
001377,train,95.45352172851562,47.81272888183594,0.5009006261825562,95.453525,95.453525,95.453525,47.81273094139651,47.81273094139651,47.81273094139651,249.0,6.0,255.0
001380,train,126.99140167236328,65.32119750976562,0.5143749713897705,126.9914,126.9914,126.9914,65.32119392693309,65.32119392693309,65.32119392693309,255.0,0.0,255.0
001376,train,84.84335327148438,46.633033752441406,0.5496368408203125,84.84335,84.84335,84.84335,46.633036688355396,46.633036688355396,46.633036688355396,240.0,6.0,246.0
001382,train,139.9971923828125,61.63506317138672,0.44025927782058716,139.9972,139.9972,139.9972,61.63506260368363,61.63506260368363,61.63506260368363,255.0,0.0,255.0
001383,train,73.12232208251953,50.91476058959961,0.6962957382202148,73.122325,73.122325,73.122325,50.91476123477724,50.91476123477724,50.91476123477724,255.0,0.0,255.0
001386,train,133.8306427001953,60.44765090942383,0.4516727328300476,133.83065,133.83065,133.83065,60.44764735353643,60.44764735353643,60.44764735353643,255.0,0.0,255.0
001388,train,65.60907745361328,45.934757232666016,0.7001280784606934,65.609075,65.609075,65.609075,45.93475702171913,45.93475702171913,45.93475702171913,244.0,0.0,244.0
001384,train,136.09457397460938,57.836143493652344,0.42497023940086365,136.094575,136.094575,136.094575,57.836143807911114,57.836143807911114,57.836143807911114,255.0,0.0,255.0
001389,train,92.66427612304688,45.39997863769531,0.48994046449661255,92.664275,92.664275,92.664275,45.399980327356694,45.399980327356694,45.399980327356694,255.0,0.0,255.0
001390,train,108.64459991455078,45.156368255615234,0.41563379764556885,108.6446,108.6446,108.6446,45.156366559323615,45.156366559323615,45.156366559323615,251.0,4.0,255.0
001385,train,63.94245147705078,38.27143478393555,0.5985293388366699,63.94245,63.94245,63.94245,38.27143305387845,38.27143305387845,38.27143305387845,222.0,0.0,222.0
001387,train,64.5385971069336,36.62266540527344,0.5674536824226379,64.5386,64.5386,64.5386,36.62266525036102,36.62266525036102,36.62266525036102,222.0,0.0,222.0
001391,train,130.42759704589844,50.602752685546875,0.387975811958313,130.4276,130.4276,130.4276,50.60275099478288,50.60275099478288,50.60275099478288,251.0,4.0,255.0
001393,train,62.444923400878906,34.073394775390625,0.5456551909446716,62.444925,62.444925,62.444925,34.07339675970647,34.07339675970647,34.07339675970647,198.0,0.0,198.0
001392,train,146.42848205566406,62.98696517944336,0.4301551580429077,146.428475,146.428475,146.428475,62.98696201734431,62.98696201734431,62.98696201734431,252.0,3.0,255.0
001395,train,105.67449951171875,45.497074127197266,0.4305397570133209,105.6745,105.6745,105.6745,45.49707682642919,45.49707682642919,45.49707682642919,255.0,0.0,255.0
001394,train,39.30590057373047,24.444734573364258,0.621910035610199,39.3059,39.3059,39.3059,24.444734099392452,24.444734099392452,24.444734099392452,135.0,0.0,135.0
001397,train,153.78399658203125,59.67008590698242,0.3880123198032379,153.784,153.784,153.784,59.670085838718215,59.670085838718215,59.670085838718215,255.0,0.0,255.0
001398,train,35.55039978027344,27.609548568725586,0.7766311764717102,35.5504,35.5504,35.5504,27.609549250938528,27.609549250938528,27.609549250938528,178.0,0.0,178.0
001396,train,138.21229553222656,56.842498779296875,0.41126948595046997,138.2123,138.2123,138.2123,56.84249755869283,56.84249755869283,56.84249755869283,233.0,22.0,255.0
001401,train,150.37289428710938,63.30967712402344,0.4210178852081299,150.3729,150.3729,150.3729,63.30967616083658,63.30967616083658,63.30967616083658,247.0,8.0,255.0
001400,train,124.94014739990234,60.801815032958984,0.4866475462913513,124.94015,124.94015,124.94015,60.80181591019712,60.80181591019712,60.80181591019712,243.0,12.0,255.0
001399,train,44.12165069580078,28.37805938720703,0.6431776285171509,44.12165,44.12165,44.12165,28.378058447989357,28.378058447989357,28.378058447989357,155.0,0.0,155.0
001404,train,152.0059051513672,67.53779602050781,0.44431033730506897,152.0059,152.0059,152.0059,67.53779582715148,67.53779582715148,67.53779582715148,255.0,0.0,255.0
001405,train,88.12284851074219,40.46504592895508,0.4591890275478363,88.12285,88.12285,88.12285,40.46504488910768,40.46504488910768,40.46504488910768,255.0,0.0,255.0
001403,train,175.41204833984375,67.03533172607422,0.3821592330932617,175.41205,175.41205,175.41205,67.03532810986681,67.03532810986681,67.03532810986681,225.0,30.0,255.0
001402,train,153.38307189941406,60.64057540893555,0.395353764295578,153.383075,153.383075,153.383075,60.64057287447386,60.64057287447386,60.64057287447386,242.0,13.0,255.0
001406,train,68.60362243652344,30.046079635620117,0.43796637654304504,68.603625,68.603625,68.603625,30.046079808510378,30.046079808510378,30.046079808510378,182.0,0.0,182.0
001410,train,144.49365234375,58.54053497314453,0.405142605304718,144.49365,144.49365,144.49365,58.540535184413024,58.540535184413024,58.540535184413024,244.0,11.0,255.0
001407,train,162.58392333984375,63.11481475830078,0.3881983757019043,162.583925,162.583925,162.583925,63.114815270223005,63.114815270223005,63.114815270223005,249.0,6.0,255.0
001408,train,148.3439178466797,55.14448928833008,0.371734082698822,148.343925,148.343925,148.343925,55.14449011999635,55.14449011999635,55.14449011999635,240.0,15.0,255.0
001413,train,59.09144973754883,32.32304382324219,0.5470003485679626,59.09145,59.09145,59.09145,32.32304111462131,32.32304111462131,32.32304111462131,195.0,0.0,195.0
001411,train,153.0529022216797,59.149898529052734,0.38646700978279114,153.0529,153.0529,153.0529,59.14990026694889,59.14990026694889,59.14990026694889,251.0,4.0,255.0
001412,train,73.81107330322266,35.7957878112793,0.4849649965763092,73.811075,73.811075,73.811075,35.79578861185174,35.79578861185174,35.79578861185174,218.0,0.0,218.0
001409,train,174.93836975097656,65.46833801269531,0.3742365837097168,174.938375,174.938375,174.938375,65.46833377564589,65.46833377564589,65.46833377564589,234.0,21.0,255.0
001414,train,149.18801879882812,63.963722229003906,0.42874571681022644,149.188025,149.188025,149.188025,63.963722308816386,63.963722308816386,63.963722308816386,252.0,3.0,255.0
001415,train,176.8961944580078,66.4018325805664,0.3753717541694641,176.8962,176.8962,176.8962,66.4018352574686,66.4018352574686,66.4018352574686,246.0,9.0,255.0
001416,train,174.4373321533203,71.62655639648438,0.41061484813690186,174.437325,174.437325,174.437325,71.62655982137056,71.62655982137056,71.62655982137056,238.0,17.0,255.0
001417,train,162.56907653808594,70.91388702392578,0.43620771169662476,162.569075,162.569075,162.569075,70.91389164785961,70.91389164785961,70.91389164785961,220.0,35.0,255.0
001418,train,139.618896484375,62.9490966796875,0.45086371898651123,139.6189,139.6189,139.6189,62.9490969974153,62.9490969974153,62.9490969974153,235.0,20.0,255.0
001419,train,117.32807159423828,50.14868927001953,0.42742276191711426,117.328075,117.328075,117.328075,50.148688335731926,50.148688335731926,50.148688335731926,242.0,13.0,255.0
001421,train,213.03512573242188,55.75,0.26169392466545105,213.035125,213.035125,213.035125,55.74999902452353,55.74999902452353,55.74999902452353,239.0,16.0,255.0
001420,train,99.64177703857422,35.85184860229492,0.35980740189552307,99.641775,99.641775,99.641775,35.8518486252714,35.8518486252714,35.8518486252714,245.0,7.0,252.0
001422,train,173.7882537841797,61.993839263916016,0.35672053694725037,173.78825,173.78825,173.78825,61.99383890305149,61.99383890305149,61.99383890305149,249.0,6.0,255.0
001424,train,90.2718505859375,43.48270034790039,0.48168614506721497,90.27185,90.27185,90.27185,43.48269998030826,43.48269998030826,43.48269998030826,245.0,3.0,248.0
001423,train,171.9379425048828,63.44252395629883,0.36898502707481384,171.93795,171.93795,171.93795,63.44252201636927,63.44252201636927,63.44252201636927,216.0,39.0,255.0
001425,train,156.03665161132812,59.426273345947266,0.3808481693267822,156.03665,156.03665,156.03665,59.42627202490073,59.42627202490073,59.42627202490073,255.0,0.0,255.0
001427,train,172.929931640625,68.35436248779297,0.39527201652526855,172.929925,172.929925,172.929925,68.35436646253386,68.35436646253386,68.35436646253386,254.0,1.0,255.0
001428,train,179.51722717285156,65.19307708740234,0.3631577789783478,179.517225,179.517225,179.517225,65.19308094651898,65.19308094651898,65.19308094651898,252.0,3.0,255.0
001429,train,188.90255737304688,68.22040557861328,0.36114072799682617,188.90255,188.90255,188.90255,68.2204053307916,68.2204053307916,68.2204053307916,255.0,0.0,255.0
001430,train,129.95211791992188,62.667808532714844,0.48223769664764404,129.952125,129.952125,129.952125,62.66781018181802,62.66781018181802,62.66781018181802,255.0,0.0,255.0
001426,train,156.8980255126953,61.903099060058594,0.39454352855682373,156.898025,156.898025,156.898025,61.90309706387375,61.90309706387375,61.90309706387375,241.0,14.0,255.0
001431,train,172.0259552001953,57.35955047607422,0.33343544602394104,172.02595,172.02595,172.02595,57.359547824207084,57.359547824207084,57.359547824207084,228.0,27.0,255.0
001432,train,115.54920196533203,45.13307189941406,0.3905961513519287,115.5492,115.5492,115.5492,45.133070240789074,45.133070240789074,45.133070240789074,245.0,10.0,255.0
001433,train,64.85187530517578,32.06278610229492,0.494400292634964,64.851875,64.851875,64.851875,32.0627873707882,32.0627873707882,32.0627873707882,193.0,0.0,193.0
001434,train,161.33682250976562,66.37006378173828,0.4113757908344269,161.336825,161.336825,161.336825,66.37006459179752,66.37006459179752,66.37006459179752,227.0,28.0,255.0
001435,train,97.3165283203125,41.518001556396484,0.4266284704208374,97.316525,97.316525,97.316525,41.5180019620932,41.5180019620932,41.5180019620932,252.0,3.0,255.0
001438,train,106.41835021972656,43.61090087890625,0.4098062217235565,106.41835,106.41835,106.41835,43.61090326142649,43.61090326142649,43.61090326142649,246.0,9.0,255.0
001436,train,189.23265075683594,66.64517211914062,0.3521864414215088,189.23265,189.23265,189.23265,66.6451695472185,66.6451695472185,66.6451695472185,255.0,0.0,255.0
001437,train,130.97207641601562,63.666831970214844,0.48610997200012207,130.972075,130.972075,130.972075,63.66683316448507,63.66683316448507,63.66683316448507,255.0,0.0,255.0
001439,train,170.0585174560547,56.641014099121094,0.33306777477264404,170.058525,170.058525,170.058525,56.64101561434413,56.64101561434413,56.64101561434413,255.0,0.0,255.0
001440,train,165.20700073242188,67.92069244384766,0.4111247956752777,165.207,165.207,165.207,67.92068794557369,67.92068794557369,67.92068794557369,255.0,0.0,255.0
001443,train,116.14087677001953,60.061397552490234,0.5171425938606262,116.140875,116.140875,116.140875,60.061398828485295,60.061398828485295,60.061398828485295,247.0,8.0,255.0
001445,train,180.80992126464844,63.32245635986328,0.3502156138420105,180.809925,180.809925,180.809925,63.32245807369116,63.32245807369116,63.32245807369116,255.0,0.0,255.0
001442,train,109.97599792480469,56.13889694213867,0.5104649662971497,109.976,109.976,109.976,56.13889403969408,56.13889403969408,56.13889403969408,250.0,5.0,255.0
001441,train,48.39152526855469,23.306955337524414,0.4816330075263977,48.391525,48.391525,48.391525,23.30695460960902,23.30695460960902,23.30695460960902,158.0,0.0,158.0
001446,train,96.0938720703125,42.96015930175781,0.44706451892852783,96.093875,96.093875,96.093875,42.960160759526666,42.960160759526666,42.960160759526666,247.0,0.0,247.0
001444,train,38.28950119018555,24.21112060546875,0.6323174834251404,38.2895,38.2895,38.2895,24.21112223235429,24.21112223235429,24.21112223235429,128.0,0.0,128.0
001447,train,167.47442626953125,72.69348907470703,0.4340572655200958,167.474425,167.474425,167.474425,72.6934893640371,72.6934893640371,72.6934893640371,255.0,0.0,255.0
001448,train,186.82427978515625,64.65194702148438,0.3460575342178345,186.824275,186.824275,186.824275,64.65194463992846,64.65194463992846,64.65194463992846,255.0,0.0,255.0
001449,train,129.39892578125,64.99085998535156,0.502251923084259,129.398925,129.398925,129.398925,64.99085807899736,64.99085807899736,64.99085807899736,255.0,0.0,255.0
001453,train,185.32667541503906,63.8469123840332,0.34451010823249817,185.326675,185.326675,185.326675,63.84691189434595,63.84691189434595,63.84691189434595,209.0,46.0,255.0
001451,train,117.36177825927734,47.54853439331055,0.40514495968818665,117.361775,117.361775,117.361775,47.548533035724404,47.548533035724404,47.548533035724404,238.0,17.0,255.0
001450,train,213.84774780273438,58.35188674926758,0.27286648750305176,213.84775,213.84775,213.84775,58.351886601355915,58.351886601355915,58.351886601355915,212.0,43.0,255.0
001454,train,195.1778564453125,48.479793548583984,0.24838776886463165,195.17785,195.17785,195.17785,48.47979496014293,48.47979496014293,48.47979496014293,255.0,0.0,255.0
001455,train,54.08184814453125,27.190610885620117,0.50276780128479,54.08185,54.08185,54.08185,27.190610522338403,27.190610522338403,27.190610522338403,140.0,0.0,140.0
001456,train,178.578369140625,63.68968963623047,0.35664838552474976,178.578375,178.578375,178.578375,63.689690353772136,63.689690353772136,63.689690353772136,245.0,10.0,255.0
001452,train,154.4488525390625,59.49403381347656,0.38520216941833496,154.44885,154.44885,154.44885,59.49403317709684,59.49403317709684,59.49403317709684,233.0,22.0,255.0
001458,train,43.24224853515625,28.37435531616211,0.6561720371246338,43.24225,43.24225,43.24225,28.374355762510273,28.374355762510273,28.374355762510273,139.0,0.0,139.0
001457,train,154.5093994140625,56.78680419921875,0.3675297796726227,154.5094,154.5094,154.5094,56.78680622855981,56.78680622855981,56.78680622855981,235.0,20.0,255.0
001461,train,142.14089965820312,58.853023529052734,0.4140470623970032,142.1409,142.1409,142.1409,58.85302623646468,58.85302623646468,58.85302623646468,233.0,22.0,255.0
001462,train,149.41427612304688,66.09153747558594,0.4423375129699707,149.414275,149.414275,149.414275,66.09153993685104,66.09153993685104,66.09153993685104,243.0,12.0,255.0
001460,train,147.99478149414062,63.90040588378906,0.43177473545074463,147.994775,147.994775,147.994775,63.90040217165597,63.90040217165597,63.90040217165597,230.0,25.0,255.0
001463,train,44.18812561035156,25.869966506958008,0.5854506492614746,44.188125,44.188125,44.188125,25.869967800219136,25.869967800219136,25.869967800219136,136.0,0.0,136.0
001459,train,116.23872375488281,43.08174514770508,0.370631605386734,116.238725,116.238725,116.238725,43.08174712537057,43.08174712537057,43.08174712537057,242.0,13.0,255.0
001465,train,131.51295471191406,62.707176208496094,0.4768136739730835,131.51295,131.51295,131.51295,62.70717807633748,62.70717807633748,62.70717807633748,255.0,0.0,255.0
001466,train,121.52884674072266,63.80184555053711,0.5249934196472168,121.52885,121.52885,121.52885,63.80184415577264,63.80184415577264,63.80184415577264,255.0,0.0,255.0
001464,train,123.37550354003906,60.29958724975586,0.4887484610080719,123.3755,123.3755,123.3755,60.2995878903828,60.2995878903828,60.2995878903828,234.0,21.0,255.0
001468,train,113.36795043945312,40.242671966552734,0.3549739718437195,113.36795,113.36795,113.36795,40.242670299043276,40.242670299043276,40.242670299043276,250.0,5.0,255.0
001467,train,141.41334533691406,66.20899963378906,0.468194842338562,141.41335,141.41335,141.41335,66.20899743824475,66.20899743824475,66.20899743824475,253.0,2.0,255.0
001469,train,63.71794891357422,37.221229553222656,0.5841560959815979,63.71795,63.71795,63.71795,37.22123114295791,37.22123114295791,37.22123114295791,189.0,0.0,189.0
001471,train,149.20472717285156,69.84330749511719,0.4681038558483124,149.204725,149.204725,149.204725,69.84331150993899,69.84331150993899,69.84331150993899,253.0,2.0,255.0
001470,train,148.08888244628906,68.14096069335938,0.4601355493068695,148.088875,148.088875,148.088875,68.14096070818474,68.14096070818474,68.14096070818474,255.0,0.0,255.0
001473,train,145.85142517089844,52.83499526977539,0.3622521758079529,145.851425,145.851425,145.851425,52.834993616630406,52.834993616630406,52.834993616630406,215.0,40.0,255.0
001474,train,135.03453063964844,68.119873046875,0.5044625997543335,135.034525,135.034525,135.034525,68.1198714254833,68.1198714254833,68.1198714254833,247.0,8.0,255.0
001472,train,186.41925048828125,60.50603485107422,0.3245696723461151,186.41925,186.41925,186.41925,60.50603589260744,60.50603589260744,60.50603589260744,239.0,16.0,255.0
001476,train,138.36245727539062,58.6981315612793,0.424234539270401,138.36245,138.36245,138.36245,58.69812969761047,58.69812969761047,58.69812969761047,239.0,16.0,255.0
001475,train,146.14755249023438,70.09683990478516,0.47963061928749084,146.14755,146.14755,146.14755,70.09684321706293,70.09684321706293,70.09684321706293,255.0,0.0,255.0
001477,train,127.0250473022461,72.73072814941406,0.5725699663162231,127.02505,127.02505,127.02505,72.7307302486198,72.7307302486198,72.7307302486198,255.0,0.0,255.0
001478,train,95.15650177001953,43.43836212158203,0.45649388432502747,95.1565,95.1565,95.1565,43.43836101592693,43.43836101592693,43.43836101592693,253.0,2.0,255.0
001479,train,52.23457336425781,38.0158805847168,0.7277915477752686,52.234575,52.234575,52.234575,38.01588154402545,38.01588154402545,38.01588154402545,213.0,0.0,213.0
001480,train,91.99882507324219,44.81038284301758,0.4870755970478058,91.998825,91.998825,91.998825,44.81038243107701,44.81038243107701,44.81038243107701,246.0,0.0,246.0
001481,train,103.68379974365234,11.164724349975586,0.10768050700426102,103.6838,103.6838,103.6838,11.164724249169794,11.164724249169794,11.164724249169794,164.0,75.0,239.0
001483,train,97.93687438964844,15.701642990112305,0.1603241115808487,97.936875,97.936875,97.936875,15.701642915133913,15.701642915133913,15.701642915133913,184.0,71.0,255.0
001482,train,97.39720153808594,13.407233238220215,0.13765521347522736,97.3972,97.3972,97.3972,13.407232457147895,13.407232457147895,13.407232457147895,183.0,67.0,250.0
001484,train,104.27754974365234,26.60374641418457,0.25512439012527466,104.27755,104.27755,104.27755,26.60374721721547,26.60374721721547,26.60374721721547,187.0,68.0,255.0
001486,train,119.45777130126953,30.385608673095703,0.2543627619743347,119.457775,119.457775,119.457775,30.38560789336582,30.38560789336582,30.38560789336582,185.0,70.0,255.0
001485,train,108.24314880371094,28.593921661376953,0.2641637921333313,108.24315,108.24315,108.24315,28.59392204783212,28.59392204783212,28.59392204783212,188.0,67.0,255.0
001487,train,132.1501007080078,26.093303680419922,0.19745200872421265,132.1501,132.1501,132.1501,26.09330507984759,26.09330507984759,26.09330507984759,184.0,71.0,255.0
001488,train,107.5187759399414,25.77899742126465,0.23976275324821472,107.518775,107.518775,107.518775,25.77899721671452,25.77899721671452,25.77899721671452,186.0,69.0,255.0
001489,train,113.09762573242188,28.34292221069336,0.25060582160949707,113.097625,113.097625,113.097625,28.342922297451526,28.342922297451526,28.342922297451526,185.0,70.0,255.0
001492,train,135.8990936279297,10.970641136169434,0.08072637766599655,135.8991,135.8991,135.8991,10.970641238779072,10.970641238779072,10.970641238779072,160.0,95.0,255.0
001491,train,136.42315673828125,18.962512969970703,0.13899776339530945,136.42315,136.42315,136.42315,18.962512862948834,18.962512862948834,18.962512862948834,166.0,89.0,255.0
001490,train,124.01092529296875,24.425743103027344,0.19696444272994995,124.010925,124.010925,124.010925,24.42574268357822,24.42574268357822,24.42574268357822,184.0,71.0,255.0
001493,train,112.4582748413086,16.32818031311035,0.14519323408603668,112.458275,112.458275,112.458275,16.328181436534045,16.328181436534045,16.328181436534045,190.0,65.0,255.0
001494,train,127.29547119140625,13.998035430908203,0.10996491461992264,127.295475,127.295475,127.295475,13.998036273862667,13.998036273862667,13.998036273862667,165.0,90.0,255.0
001495,train,138.70468139648438,14.403151512145996,0.1038404107093811,138.704675,138.704675,138.704675,14.40315097971187,14.40315097971187,14.40315097971187,150.0,105.0,255.0
001497,train,115.99800109863281,16.184967041015625,0.13952797651290894,115.998,115.998,115.998,16.184968211275546,16.184968211275546,16.184968211275546,174.0,81.0,255.0
001496,train,144.38150024414062,8.578887939453125,0.059418193995952606,144.3815,144.3815,144.3815,8.578887325871577,8.578887325871577,8.578887325871577,133.0,117.0,250.0
001499,train,121.72272491455078,15.820831298828125,0.1299743503332138,121.722725,121.722725,121.722725,15.820831001384693,15.820831001384693,15.820831001384693,167.0,88.0,255.0
001498,train,108.0949478149414,13.726876258850098,0.12698906660079956,108.09495,108.09495,108.09495,13.726876356167123,13.726876356167123,13.726876356167123,174.0,81.0,255.0
001501,train,81.581298828125,16.064210891723633,0.19691045582294464,81.5813,81.5813,81.5813,16.06421147489039,16.06421147489039,16.06421147489039,193.0,50.0,243.0
001500,train,64.32649993896484,15.00137996673584,0.2332068383693695,64.3265,64.3265,64.3265,15.001379861532739,15.001379861532739,15.001379861532739,155.0,39.0,194.0
001502,train,79.88860321044922,19.53266143798828,0.24449872970581055,79.8886,79.8886,79.8886,19.532660854066965,19.532660854066965,19.532660854066965,194.0,50.0,244.0
001503,train,102.81195068359375,21.731563568115234,0.21137195825576782,102.81195,102.81195,102.81195,21.73156315586847,21.73156315586847,21.73156315586847,183.0,72.0,255.0
001506,train,93.69730377197266,25.186403274536133,0.2688060700893402,93.6973,93.6973,93.6973,25.18640352868984,25.18640352868984,25.18640352868984,198.0,57.0,255.0
001505,train,111.43810272216797,25.749755859375,0.23106779158115387,111.4381,111.4381,111.4381,25.74975472485126,25.74975472485126,25.74975472485126,182.0,73.0,255.0
001504,train,89.67050170898438,24.344867706298828,0.27149248123168945,89.6705,89.6705,89.6705,24.344867626462875,24.344867626462875,24.344867626462875,201.0,54.0,255.0
001507,train,114.03097534179688,25.645523071289062,0.22489961981773376,114.030975,114.030975,114.030975,25.645523304260628,25.645523304260628,25.645523304260628,178.0,77.0,255.0
001508,train,86.27030181884766,18.845020294189453,0.21844157576560974,86.2703,86.2703,86.2703,18.845021568308166,18.845021568308166,18.845021568308166,192.0,55.0,247.0
001509,train,106.11782836914062,18.99814224243164,0.17902874946594238,106.117825,106.117825,106.117825,18.99814181096075,18.99814181096075,18.99814181096075,181.0,74.0,255.0
001511,train,109.93599700927734,13.576051712036133,0.12349050492048264,109.936,109.936,109.936,13.576052592708972,13.576052592708972,13.576052592708972,175.0,80.0,255.0
001510,train,111.85277557373047,20.062942504882812,0.17936919629573822,111.852775,111.852775,111.852775,20.06294220196467,20.06294220196467,20.06294220196467,171.0,84.0,255.0
001516,train,113.48294830322266,21.844329833984375,0.19248998165130615,113.48295,113.48295,113.48295,21.844330140736748,21.844330140736748,21.844330140736748,162.0,76.0,238.0
001513,train,70.66130065917969,13.22270679473877,0.1871279776096344,70.6613,70.6613,70.6613,13.222707071927443,13.222707071927443,13.222707071927443,76.0,47.0,123.0
001515,train,123.41819763183594,20.396207809448242,0.1652609407901764,123.4182,123.4182,123.4182,20.39620819564264,20.39620819564264,20.39620819564264,151.0,86.0,237.0
001514,train,120.26954650878906,18.325786590576172,0.15237262845039368,120.26955,120.26955,120.26955,18.325786280471025,18.325786280471025,18.325786280471025,140.0,84.0,224.0
001512,train,88.3259506225586,15.94095516204834,0.18047872185707092,88.32595,88.32595,88.32595,15.940955322611629,15.940955322611629,15.940955322611629,192.0,52.0,244.0
001517,train,149.22344970703125,15.890580177307129,0.10648848861455917,149.22345,149.22345,149.22345,15.8905796023147,15.8905796023147,15.8905796023147,124.0,118.0,242.0
001518,train,143.1549072265625,19.597557067871094,0.13689756393432617,143.1549,143.1549,143.1549,19.597556122894506,19.597556122894506,19.597556122894506,137.0,108.0,245.0
001520,train,152.65711975097656,15.924239158630371,0.10431376844644547,152.657125,152.657125,152.657125,15.924239753733143,15.924239753733143,15.924239753733143,127.0,116.0,243.0
001519,train,128.2064208984375,23.15040397644043,0.18057133257389069,128.206425,128.206425,128.206425,23.150403100580668,23.150403100580668,23.150403100580668,151.0,91.0,242.0
001525,train,141.608642578125,21.976625442504883,0.15519268810749054,141.60865,141.60865,141.60865,21.97662497239965,21.97662497239965,21.97662497239965,149.0,106.0,255.0
001524,train,76.33374786376953,13.635919570922852,0.17863553762435913,76.33375,76.33375,76.33375,13.63591987866972,13.63591987866972,13.63591987866972,63.0,50.0,113.0
001522,train,116.25409698486328,18.6205997467041,0.16017155349254608,116.2541,116.2541,116.2541,18.62059970006337,18.62059970006337,18.62059970006337,149.0,82.0,231.0
001521,train,132.4678955078125,24.123830795288086,0.1821107715368271,132.4679,132.4679,132.4679,24.123829911313834,24.123829911313834,24.123829911313834,159.0,96.0,255.0
001523,train,77.32887268066406,13.570737838745117,0.17549380660057068,77.328875,77.328875,77.328875,13.570737497806633,13.570737497806633,13.570737497806633,64.0,51.0,115.0
001526,train,157.08755493164062,13.99316692352295,0.08907877653837204,157.08755,157.08755,157.08755,13.993167439772169,13.993167439772169,13.993167439772169,123.0,126.0,249.0
001527,train,105.64250183105469,22.915721893310547,0.21691763401031494,105.6425,105.6425,105.6425,22.9157215411167,22.9157215411167,22.9157215411167,183.0,72.0,255.0
001528,train,126.75552368164062,20.200754165649414,0.15936784446239471,126.755525,126.755525,126.755525,20.200755109014487,20.200755109014487,20.200755109014487,166.0,89.0,255.0
001529,train,120.39099884033203,23.524131774902344,0.1953977644443512,120.391,120.391,120.391,23.52413056841846,23.52413056841846,23.52413056841846,175.0,80.0,255.0
001530,train,139.31011962890625,28.83472442626953,0.20698226988315582,139.310125,139.310125,139.310125,28.83472381494879,28.83472381494879,28.83472381494879,156.0,99.0,255.0
001531,train,150.54354858398438,22.573781967163086,0.14994852244853973,150.54355,150.54355,150.54355,22.573782434441508,22.573782434441508,22.573782434441508,142.0,113.0,255.0
001532,train,156.280517578125,23.325302124023438,0.149252787232399,156.280525,156.280525,156.280525,23.32530344335042,23.32530344335042,23.32530344335042,141.0,114.0,255.0
001533,train,164.3230438232422,19.306303024291992,0.11748993396759033,164.32305,164.32305,164.32305,19.306304377003382,19.306304377003382,19.306304377003382,122.0,133.0,255.0
001535,train,142.23704528808594,26.091999053955078,0.18344025313854218,142.23705,142.23705,142.23705,26.091997955263988,26.091997955263988,26.091997955263988,159.0,96.0,255.0
001536,train,130.55886840820312,22.022090911865234,0.16867557168006897,130.558875,130.558875,130.558875,22.022090812054493,22.022090812054493,22.022090812054493,165.0,90.0,255.0
001537,train,107.01554870605469,19.837594985961914,0.18537114560604095,107.01555,107.01555,107.01555,19.837594566819334,19.837594566819334,19.837594566819334,158.0,75.0,233.0
001534,train,146.4395294189453,28.50433921813965,0.19464921951293945,146.439525,146.439525,146.439525,28.50433901661947,28.50433901661947,28.50433901661947,153.0,102.0,255.0
001538,train,104.4686508178711,22.591602325439453,0.21625246107578278,104.46865,104.46865,104.46865,22.591601695707634,22.591601695707634,22.591601695707634,170.0,72.0,242.0
001540,train,165.1242218017578,18.74285125732422,0.11350758373737335,165.124225,165.124225,165.124225,18.742850454223206,18.742850454223206,18.742850454223206,119.0,136.0,255.0
001539,train,154.348876953125,25.045991897583008,0.16226869821548462,154.348875,154.348875,154.348875,25.045990921390494,25.045990921390494,25.045990921390494,144.0,111.0,255.0
001541,train,145.38955688476562,28.266223907470703,0.19441714882850647,145.38955,145.38955,145.38955,28.266224558605273,28.266224558605273,28.266224558605273,147.0,108.0,255.0
001542,train,109.38839721679688,24.24656867980957,0.22165575623512268,109.3884,109.3884,109.3884,24.246568735390166,24.246568735390166,24.246568735390166,177.0,72.0,249.0
001543,train,127.45465087890625,21.420597076416016,0.16806446015834808,127.45465,127.45465,127.45465,21.42059624234349,21.42059624234349,21.42059624234349,170.0,85.0,255.0
001544,train,118.37702178955078,27.076393127441406,0.22873014211654663,118.377025,118.377025,118.377025,27.076394278954037,27.076394278954037,27.076394278954037,180.0,75.0,255.0
001546,train,138.49549865722656,20.348636627197266,0.14692634344100952,138.4955,138.4955,138.4955,20.348637048952444,20.348637048952444,20.348637048952444,160.0,95.0,255.0
001545,train,162.7052459716797,20.275012969970703,0.12461192160844803,162.70525,162.70525,162.70525,20.275013500303764,20.275013500303764,20.275013500303764,124.0,131.0,255.0
001547,train,140.61749267578125,20.343490600585938,0.14467254281044006,140.6175,140.6175,140.6175,20.343491434608758,20.343491434608758,20.343491434608758,147.0,108.0,255.0
001548,train,127.57317352294922,29.92015266418457,0.23453326523303986,127.573175,127.573175,127.573175,29.92015366637302,29.92015366637302,29.92015366637302,181.0,74.0,255.0
001549,train,101.22687530517578,15.078126907348633,0.14895379543304443,101.226875,101.226875,101.226875,15.078126632124265,15.078126632124265,15.078126632124265,80.0,67.0,147.0
001550,train,143.68511962890625,14.779274940490723,0.1028587743639946,143.685125,143.685125,143.685125,14.77927531154268,14.77927531154268,14.77927531154268,114.0,104.0,218.0
001551,train,113.93602752685547,17.67885971069336,0.15516479313373566,113.936025,113.936025,113.936025,17.678859753937044,17.678859753937044,17.678859753937044,121.0,68.0,189.0
001553,train,106.8436279296875,17.86965560913086,0.16725054383277893,106.843625,106.843625,106.843625,17.869655057089798,17.869655057089798,17.869655057089798,124.0,63.0,187.0
001552,train,129.16201782226562,14.882603645324707,0.11522430181503296,129.162025,129.162025,129.162025,14.882603028347393,14.882603028347393,14.882603028347393,137.0,73.0,210.0
001555,train,51.19102478027344,13.517500877380371,0.26405999064445496,51.191025,51.191025,51.191025,13.51750104306913,13.51750104306913,13.51750104306913,98.0,26.0,124.0
001554,train,80.10232543945312,19.899389266967773,0.24842461943626404,80.102325,80.102325,80.102325,19.899388296989812,19.899388296989812,19.899388296989812,104.0,34.0,138.0
001557,train,103.70514678955078,24.253063201904297,0.23386557400226593,103.70515,103.70515,103.70515,24.25306400184315,24.25306400184315,24.25306400184315,199.0,56.0,255.0
001556,train,90.15769958496094,18.83212661743164,0.20887984335422516,90.1577,90.1577,90.1577,18.832127620372585,18.832127620372585,18.832127620372585,123.0,50.0,173.0
001558,train,112.36392211914062,24.877742767333984,0.2214033007621765,112.363925,112.363925,112.363925,24.87774374002544,24.87774374002544,24.87774374002544,194.0,61.0,255.0
001559,train,122.64897155761719,26.04448127746582,0.2123497724533081,122.648975,122.648975,122.648975,26.0444813050553,26.0444813050553,26.0444813050553,194.0,61.0,255.0
001560,train,103.96199798583984,19.25917625427246,0.1852520853281021,103.962,103.962,103.962,19.259177189070147,19.259177189070147,19.259177189070147,111.0,65.0,176.0
001562,train,128.44271850585938,18.085620880126953,0.1408068984746933,128.442725,128.442725,128.442725,18.085620519472783,18.085620519472783,18.085620519472783,151.0,79.0,230.0
001561,train,118.67015075683594,19.111177444458008,0.16104452311992645,118.67015,118.67015,118.67015,19.111177331014957,19.111177331014957,19.111177331014957,159.0,76.0,235.0
001563,train,133.48770141601562,16.856170654296875,0.12627507746219635,133.4877,133.4877,133.4877,16.85617093856134,16.85617093856134,16.85617093856134,146.0,71.0,217.0
001565,train,79.68617248535156,18.617095947265625,0.2336301952600479,79.686175,79.686175,79.686175,18.61709533921377,18.61709533921377,18.61709533921377,99.0,41.0,140.0
001564,train,86.9112777709961,19.996259689331055,0.23007670044898987,86.911275,86.911275,86.911275,19.996259722117408,19.996259722117408,19.996259722117408,92.0,47.0,139.0
001566,train,63.64167404174805,16.742063522338867,0.2630676031112671,63.641675,63.641675,63.641675,16.742063140317413,16.742063140317413,16.742063140317413,104.0,34.0,138.0
001567,train,95.30374908447266,20.959819793701172,0.21992649137973785,95.30375,95.30375,95.30375,20.959819558801073,20.959819558801073,20.959819558801073,106.0,48.0,154.0
001570,train,135.6289825439453,16.714975357055664,0.12324044108390808,135.628975,135.628975,135.628975,16.71497428802614,16.71497428802614,16.71497428802614,134.0,95.0,229.0
001568,train,79.87684631347656,16.892627716064453,0.2114834040403366,79.87685,79.87685,79.87685,16.892626618661172,16.892626618661172,16.892626618661172,93.0,49.0,142.0
001569,train,53.75809860229492,13.260907173156738,0.24667738378047943,53.7581,53.7581,53.7581,13.260908128405083,13.260908128405083,13.260908128405083,86.0,29.0,115.0
001571,train,136.65988159179688,20.327289581298828,0.1487436443567276,136.659875,136.659875,136.659875,20.32729052245712,20.32729052245712,20.32729052245712,157.0,93.0,250.0
001573,train,137.91941833496094,20.847434997558594,0.15115663409233093,137.919425,137.919425,137.919425,20.847434678381294,20.847434678381294,20.847434678381294,176.0,79.0,255.0
001572,train,129.92703247070312,22.480865478515625,0.17302685976028442,129.927025,129.927025,129.927025,22.480865189075242,22.480865189075242,22.480865189075242,196.0,56.0,252.0
001575,train,128.07049560546875,17.614477157592773,0.13753736019134521,128.0705,128.0705,128.0705,17.614476425656257,17.614476425656257,17.614476425656257,181.0,74.0,255.0
001574,train,148.3699188232422,22.645198822021484,0.1526266187429428,148.369925,148.369925,148.369925,22.64519883980653,22.64519883980653,22.64519883980653,157.0,91.0,248.0
001576,train,90.74502563476562,17.067983627319336,0.18808726966381073,90.745025,90.745025,90.745025,17.067983558387176,17.067983558387176,17.067983558387176,112.0,55.0,167.0
001578,train,82.756103515625,16.885663986206055,0.20404131710529327,82.7561,82.7561,82.7561,16.88566441659907,16.88566441659907,16.88566441659907,188.0,49.0,237.0
001577,train,142.4584197998047,22.60413932800293,0.15867184102535248,142.458425,142.458425,142.458425,22.604139477524352,22.604139477524352,22.604139477524352,181.0,74.0,255.0
001580,train,119.90135192871094,28.282407760620117,0.23588064312934875,119.90135,119.90135,119.90135,28.28240739713471,28.28240739713471,28.28240739713471,178.0,77.0,255.0
001579,train,113.29032135009766,26.06995964050293,0.23011638224124908,113.290325,113.290325,113.290325,26.069960421803003,26.069960421803003,26.069960421803003,186.0,69.0,255.0
001582,train,72.28832244873047,29.38945770263672,0.4065588414669037,72.288325,72.288325,72.288325,29.389458036758267,29.389458036758267,29.389458036758267,219.0,36.0,255.0
001583,train,40.79692459106445,12.308906555175781,0.3017116189002991,40.796925,40.796925,40.796925,12.308906756669133,12.308906756669133,12.308906756669133,100.0,23.0,123.0
001581,train,102.82620239257812,32.60411071777344,0.3170797824859619,102.8262,102.8262,102.8262,32.60411160513348,32.60411160513348,32.60411160513348,199.0,56.0,255.0
001584,train,103.44445037841797,27.03897476196289,0.2613864243030548,103.44445,103.44445,103.44445,27.03897583484811,27.03897583484811,27.03897583484811,187.0,68.0,255.0
001586,train,99.56627655029297,24.79668617248535,0.24904704093933105,99.566275,99.566275,99.566275,24.796686424286108,24.796686424286108,24.796686424286108,196.0,59.0,255.0
001587,train,86.19450378417969,32.7479133605957,0.37993040680885315,86.1945,86.1945,86.1945,32.74791168532735,32.74791168532735,32.74791168532735,207.0,48.0,255.0
001588,train,81.94157409667969,27.700393676757812,0.3380505442619324,81.941575,81.941575,81.941575,27.70039280442382,27.70039280442382,27.70039280442382,215.0,40.0,255.0
001585,train,117.00064849853516,29.659832000732422,0.25350144505500793,117.00065,117.00065,117.00065,29.65983141519014,29.65983141519014,29.65983141519014,178.0,77.0,255.0
001589,train,86.03887176513672,25.66573143005371,0.29830390214920044,86.038875,86.038875,86.038875,25.665734233299755,25.665734233299755,25.665734233299755,209.0,46.0,255.0
001590,train,100.44850158691406,37.72202682495117,0.3755359947681427,100.4485,100.4485,100.4485,37.722028680202236,37.722028680202236,37.722028680202236,206.0,49.0,255.0
001591,train,110.16329956054688,37.715415954589844,0.34235918521881104,110.1633,110.1633,110.1633,37.71541572235417,37.71541572235417,37.71541572235417,206.0,49.0,255.0
001595,train,125.6104507446289,41.73820114135742,0.3322828710079193,125.61045,125.61045,125.61045,41.73820073742398,41.73820073742398,41.73820073742398,186.0,69.0,255.0
001592,train,109.11019897460938,42.32262420654297,0.3878887891769409,109.1102,109.1102,109.1102,42.32262581598641,42.32262581598641,42.32262581598641,205.0,50.0,255.0
001594,train,135.5769805908203,36.042362213134766,0.2658442556858063,135.576975,135.576975,135.576975,36.042361532637884,36.042361532637884,36.042361532637884,176.0,79.0,255.0
001596,train,134.4654541015625,35.86239242553711,0.26670339703559875,134.46545,134.46545,134.46545,35.86239334313174,35.86239334313174,35.86239334313174,176.0,79.0,255.0
001593,train,123.01315307617188,40.0977897644043,0.32596343755722046,123.01315,123.01315,123.01315,40.09778955350906,40.09778955350906,40.09778955350906,195.0,60.0,255.0
001598,train,128.03782653808594,38.01585006713867,0.2969110906124115,128.037825,128.037825,128.037825,38.01585253903133,38.01585253903133,38.01585253903133,204.0,51.0,255.0
001597,train,137.85987854003906,35.71337890625,0.25905564427375793,137.859875,137.859875,137.859875,35.71338040544993,35.71338040544993,35.71338040544993,163.0,92.0,255.0
001599,train,133.33607482910156,35.08949279785156,0.26316577196121216,133.336075,133.336075,133.336075,35.08949456168292,35.08949456168292,35.08949456168292,169.0,86.0,255.0
001602,train,113.5603256225586,38.79311752319336,0.3416080176830292,113.560325,113.560325,113.560325,38.793119375662165,38.793119375662165,38.793119375662165,193.0,62.0,255.0
001600,train,132.99264526367188,32.08625411987305,0.24126337468624115,132.99265,132.99265,132.99265,32.086253224356064,32.086253224356064,32.086253224356064,188.0,67.0,255.0
001605,train,64.39092254638672,19.91164779663086,0.30923065543174744,64.390925,64.390925,64.390925,19.911647411612506,19.911647411612506,19.911647411612506,194.0,31.0,225.0
001603,train,120.65139770507812,33.56230545043945,0.27817586064338684,120.6514,120.6514,120.6514,33.56230442088267,33.56230442088267,33.56230442088267,190.0,65.0,255.0
001601,train,118.27005004882812,38.54264831542969,0.3258868157863617,118.27005,118.27005,118.27005,38.54264615977346,38.54264615977346,38.54264615977346,203.0,52.0,255.0
001604,train,100.0646743774414,16.575824737548828,0.1656511127948761,100.064675,100.064675,100.064675,16.575825534324828,16.575825534324828,16.575825534324828,168.0,70.0,238.0
001606,train,38.12142562866211,12.093488693237305,0.3172360062599182,38.121425,38.121425,38.121425,12.093489197472126,12.093489197472126,12.093489197472126,107.0,20.0,127.0
001607,train,74.24007415771484,21.601110458374023,0.29096293449401855,74.240075,74.240075,74.240075,21.601109670439964,21.601109670439964,21.601109670439964,166.0,29.0,195.0
001609,train,68.35030364990234,24.00117301940918,0.35114946961402893,68.3503,68.3503,68.3503,24.001171636193096,24.001171636193096,24.001171636193096,168.0,28.0,196.0
001608,train,53.20767593383789,21.86526870727539,0.4109419882297516,53.207675,53.207675,53.207675,21.86526917498102,21.86526917498102,21.86526917498102,171.0,26.0,197.0
001611,train,90.54087829589844,21.778486251831055,0.2405376136302948,90.540875,90.540875,90.540875,21.77848776279875,21.77848776279875,21.77848776279875,170.0,30.0,200.0
001610,train,62.719974517822266,22.959110260009766,0.3660573959350586,62.719975,62.719975,62.719975,22.95910954282363,22.95910954282363,22.95910954282363,167.0,31.0,198.0
001613,train,80.62212371826172,23.513578414916992,0.2916516959667206,80.622125,80.622125,80.622125,23.513577683635788,23.513577683635788,23.513577683635788,168.0,40.0,208.0
001612,train,54.25077438354492,17.472150802612305,0.3220627009868622,54.250775,54.250775,54.250775,17.472151753558432,17.472151753558432,17.472151753558432,156.0,23.0,179.0
001614,train,92.05760192871094,30.955707550048828,0.33626455068588257,92.0576,92.0576,92.0576,30.955708395060192,30.955708395060192,30.955708395060192,212.0,43.0,255.0
001615,train,109.34767150878906,29.977764129638672,0.27415090799331665,109.347675,109.347675,109.347675,29.97776254316481,29.97776254316481,29.97776254316481,196.0,59.0,255.0
001616,train,114.25232696533203,38.42253875732422,0.3362954556941986,114.252325,114.252325,114.252325,38.422537749273864,38.422537749273864,38.422537749273864,197.0,58.0,255.0
001617,train,123.1240234375,38.65131378173828,0.3139217793941498,123.124025,123.124025,123.124025,38.65131618456705,38.65131618456705,38.65131618456705,183.0,72.0,255.0
001619,train,128.08555603027344,48.91809844970703,0.3819173574447632,128.08555,128.08555,128.08555,48.91809666368368,48.91809666368368,48.91809666368368,193.0,62.0,255.0
001622,train,137.5333251953125,42.292579650878906,0.30750787258148193,137.533325,137.533325,137.533325,42.29257782926426,42.29257782926426,42.29257782926426,193.0,62.0,255.0
001618,train,128.66432189941406,37.808929443359375,0.2938571274280548,128.664325,128.664325,128.664325,37.80892814262757,37.80892814262757,37.80892814262757,183.0,72.0,255.0
001620,train,138.10459899902344,46.52790069580078,0.33690333366394043,138.1046,138.1046,138.1046,46.52790355088009,46.52790355088009,46.52790355088009,201.0,54.0,255.0
001621,train,144.14715576171875,44.18863296508789,0.3065522313117981,144.14715,144.14715,144.14715,44.1886319869432,44.1886319869432,44.1886319869432,203.0,52.0,255.0
001623,train,126.71595001220703,47.12604904174805,0.37190306186676025,126.71595,126.71595,126.71595,47.126049225428396,47.126049225428396,47.126049225428396,185.0,70.0,255.0
001624,train,140.967529296875,38.124019622802734,0.27044540643692017,140.967525,140.967525,140.967525,38.12401894310692,38.12401894310692,38.12401894310692,168.0,87.0,255.0
001625,train,124.2095718383789,38.256263732910156,0.3079977035522461,124.209575,124.209575,124.209575,38.256263582835366,38.256263582835366,38.256263582835366,195.0,60.0,255.0
001629,train,76.7188491821289,21.991500854492188,0.28665056824684143,76.71885,76.71885,76.71885,21.99150073727348,21.99150073727348,21.99150073727348,161.0,47.0,208.0
001626,train,106.64832305908203,34.16739273071289,0.32037439942359924,106.648325,106.648325,106.648325,34.16739454061979,34.16739454061979,34.16739454061979,210.0,45.0,255.0
001628,train,116.07675170898438,31.91252899169922,0.274926096200943,116.07675,116.07675,116.07675,31.912528252043895,31.912528252043895,31.912528252043895,187.0,68.0,255.0
001631,train,68.69750213623047,17.600980758666992,0.2562099099159241,68.6975,68.6975,68.6975,17.600979908800532,17.600979908800532,17.600979908800532,178.0,45.0,223.0
001630,train,51.46422576904297,12.779267311096191,0.24831360578536987,51.464225,51.464225,51.464225,12.779267199232319,12.779267199232319,12.779267199232319,112.0,22.0,134.0
001627,train,105.425048828125,31.697025299072266,0.30065932869911194,105.42505,105.42505,105.42505,31.69702482091182,31.69702482091182,31.69702482091182,209.0,46.0,255.0
001633,train,80.61627197265625,15.630605697631836,0.19388896226882935,80.616275,80.616275,80.616275,15.630605558466856,15.630605558466856,15.630605558466856,201.0,54.0,255.0
001632,train,72.37944793701172,20.620664596557617,0.2848966717720032,72.37945,72.37945,72.37945,20.620664821908626,20.620664821908626,20.620664821908626,212.0,42.0,254.0
001634,train,92.53849792480469,19.576051712036133,0.2115449458360672,92.5385,92.5385,92.5385,19.57605087217542,19.57605087217542,19.57605087217542,193.0,62.0,255.0
001636,train,83.63947296142578,24.152456283569336,0.28876861929893494,83.639475,83.639475,83.639475,24.15245736409393,24.15245736409393,24.15245736409393,200.0,55.0,255.0
001637,train,96.30709838867188,26.677148818969727,0.2770008444786072,96.3071,96.3071,96.3071,26.677149202829003,26.677149202829003,26.677149202829003,200.0,55.0,255.0
001635,train,92.82457733154297,27.185630798339844,0.29287105798721313,92.824575,92.824575,92.824575,27.185630415154527,27.185630415154527,27.185630415154527,195.0,60.0,255.0
001638,train,100.6396255493164,23.13135528564453,0.22984342277050018,100.639625,100.639625,100.639625,23.13135436716525,23.13135436716525,23.13135436716525,191.0,64.0,255.0
001639,train,97.49127197265625,29.179889678955078,0.2993077039718628,97.491275,97.491275,97.491275,29.179889887975502,29.179889887975502,29.179889887975502,207.0,48.0,255.0
001640,train,94.29292297363281,26.924135208129883,0.2855371832847595,94.292925,94.292925,94.292925,26.924135453982082,26.924135453982082,26.924135453982082,197.0,58.0,255.0
001641,train,79.7332992553711,17.31694984436035,0.21718591451644897,79.7333,79.7333,79.7333,17.316948954997816,17.316948954997816,17.316948954997816,161.0,53.0,214.0
001642,train,102.5802001953125,29.593870162963867,0.28849494457244873,102.5802,102.5802,102.5802,29.593869600983243,29.593869600983243,29.593869600983243,198.0,57.0,255.0
001644,train,94.47937774658203,26.39992904663086,0.2794252932071686,94.479375,94.479375,94.479375,26.3999303902373,26.3999303902373,26.3999303902373,193.0,62.0,255.0
001648,train,64.18855285644531,15.72334098815918,0.24495552480220795,64.18855,64.18855,64.18855,15.723340894908434,15.723340894908434,15.723340894908434,151.0,34.0,185.0
001643,train,104.27847290039062,28.555797576904297,0.2738417387008667,104.278475,104.278475,104.278475,28.555796726310664,28.555796726310664,28.555796726310664,189.0,66.0,255.0
001646,train,92.35222625732422,27.349332809448242,0.2961415648460388,92.352225,92.352225,92.352225,27.34933385933513,27.34933385933513,27.34933385933513,197.0,53.0,250.0
001645,train,90.89207458496094,23.608074188232422,0.25973743200302124,90.892075,90.892075,90.892075,23.608074406744294,23.608074406744294,23.608074406744294,172.0,57.0,229.0
001647,train,67.56722259521484,17.637144088745117,0.26103106141090393,67.567225,67.567225,67.567225,17.637144916322907,17.637144916322907,17.637144916322907,126.0,32.0,158.0
001649,train,42.32062530517578,11.717707633972168,0.27687937021255493,42.320625,42.320625,42.320625,11.717707736984014,11.717707736984014,11.717707736984014,126.0,23.0,149.0
001651,train,38.249324798583984,9.725859642028809,0.2542753219604492,38.249325,38.249325,38.249325,9.725860478352288,9.725860478352288,9.725860478352288,115.0,24.0,139.0
001653,train,34.88589859008789,10.315227508544922,0.29568472504615784,34.8859,34.8859,34.8859,10.315228121083896,10.315228121083896,10.315228121083896,126.0,21.0,147.0
001652,train,50.34702682495117,16.137981414794922,0.32053494453430176,50.347025,50.347025,50.347025,16.137981554375845,16.137981554375845,16.137981554375845,132.0,27.0,159.0
001650,train,37.52312469482422,11.789093017578125,0.3141820728778839,37.523125,37.523125,37.523125,11.789093062418967,11.789093062418967,11.789093062418967,105.0,22.0,127.0
001655,train,66.56732177734375,17.582212448120117,0.2641267776489258,66.567325,66.567325,66.567325,17.582211673858755,17.582211673858755,17.582211673858755,179.0,41.0,220.0
001654,train,77.6196517944336,21.04447364807129,0.2711230218410492,77.61965,77.61965,77.61965,21.044473951075613,21.044473951075613,21.044473951075613,201.0,39.0,240.0
001656,train,75.73677825927734,22.872432708740234,0.301999032497406,75.736775,75.736775,75.736775,22.872432918239696,22.872432918239696,22.872432918239696,198.0,48.0,246.0
001658,train,94.14892578125,34.22942352294922,0.3635667860507965,94.148925,94.148925,94.148925,34.22942223211451,34.22942223211451,34.22942223211451,194.0,61.0,255.0
001657,train,80.18164825439453,27.8088436126709,0.3468230366706848,80.18165,80.18165,80.18165,27.808843076933282,27.808843076933282,27.808843076933282,201.0,54.0,255.0
001659,train,92.94905090332031,35.95852279663086,0.38686272501945496,92.94905,92.94905,92.94905,35.95852269069879,35.95852269069879,35.95852269069879,194.0,61.0,255.0
001661,train,91.36930084228516,34.803775787353516,0.38091322779655457,91.3693,91.3693,91.3693,34.80377447217471,34.80377447217471,34.80377447217471,194.0,61.0,255.0
001660,train,98.27717590332031,34.95084762573242,0.35563546419143677,98.277175,98.277175,98.277175,34.95084618459724,34.95084618459724,34.95084618459724,190.0,65.0,255.0
001666,train,93.45645141601562,39.306705474853516,0.4205884635448456,93.45645,93.45645,93.45645,39.3067074860958,39.3067074860958,39.3067074860958,200.0,55.0,255.0
001662,train,80.29517364501953,34.65565490722656,0.43160322308540344,80.295175,80.295175,80.295175,34.65565389253787,34.65565389253787,34.65565389253787,204.0,51.0,255.0
001663,train,69.6240234375,31.183595657348633,0.44788557291030884,69.624025,69.624025,69.624025,31.183596133213612,31.183596133213612,31.183596133213612,217.0,38.0,255.0
001668,train,83.09980010986328,21.419923782348633,0.2577614486217499,83.0998,83.0998,83.0998,21.419922734687912,21.419922734687912,21.419922734687912,202.0,53.0,255.0
001665,train,93.27397155761719,33.805328369140625,0.3624304533004761,93.273975,93.273975,93.273975,33.80533038885103,33.80533038885103,33.80533038885103,194.0,61.0,255.0
001664,train,66.83977508544922,25.313318252563477,0.378716379404068,66.839775,66.839775,66.839775,25.313318686995096,25.313318686995096,25.313318686995096,201.0,39.0,240.0
001667,train,83.41342163085938,20.92270278930664,0.25083136558532715,83.413425,83.413425,83.413425,20.92270189935743,20.92270189935743,20.92270189935743,203.0,52.0,255.0
001669,train,84.47615051269531,20.36530113220215,0.24107752740383148,84.47615,84.47615,84.47615,20.36530091055617,20.36530091055617,20.36530091055617,201.0,54.0,255.0
001670,train,81.83777618408203,21.2265625,0.25937363505363464,81.837775,81.837775,81.837775,21.226562558487302,21.226562558487302,21.226562558487302,200.0,55.0,255.0
001671,train,77.45545196533203,21.280458450317383,0.2747444808483124,77.45545,77.45545,77.45545,21.280457356398617,21.280457356398617,21.280457356398617,207.0,48.0,255.0
001672,train,75.54434967041016,18.563508987426758,0.2457299530506134,75.54435,75.54435,75.54435,18.56350810265937,18.56350810265937,18.56350810265937,205.0,50.0,255.0
001675,train,60.62907409667969,11.055400848388672,0.18234486877918243,60.629075,60.629075,60.629075,11.055400926442017,11.055400926442017,11.055400926442017,119.0,40.0,159.0
001674,train,66.78404998779297,13.470629692077637,0.20170429348945618,66.78405,66.78405,66.78405,13.470629740197747,13.470629740197747,13.470629740197747,210.0,45.0,255.0
001673,train,66.01014709472656,11.690835952758789,0.17710664868354797,66.01015,66.01015,66.01015,11.69083602560142,11.69083602560142,11.69083602560142,209.0,46.0,255.0
001676,train,67.2083740234375,11.112000465393066,0.16533654928207397,67.208375,67.208375,67.208375,11.112000488632773,11.112000488632773,11.112000488632773,125.0,44.0,169.0
001677,train,66.30177307128906,12.30685806274414,0.1856188327074051,66.301775,66.301775,66.301775,12.306858122582506,12.306858122582506,12.306858122582506,161.0,41.0,202.0
001679,train,57.69485092163086,13.198465347290039,0.22876331210136414,57.69485,57.69485,57.69485,13.198465194010248,13.198465194010248,13.198465194010248,151.0,30.0,181.0
001681,train,49.26074981689453,11.851778030395508,0.24059271812438965,49.26075,49.26075,49.26075,11.851778745719985,11.851778745719985,11.851778745719985,151.0,31.0,182.0
001680,train,51.94205093383789,12.89384937286377,0.24823527038097382,51.94205,51.94205,51.94205,12.893848990797899,12.893848990797899,12.893848990797899,145.0,30.0,175.0
001684,train,64.3938980102539,9.087130546569824,0.1411178857088089,64.3939,64.3939,64.3939,9.087130613675583,9.087130613675583,9.087130613675583,127.0,43.0,170.0
001682,train,70.01017761230469,8.544663429260254,0.12204887717962265,70.010175,70.010175,70.010175,8.54466333271095,8.54466333271095,8.54466333271095,102.0,49.0,151.0
001678,train,62.87704849243164,11.023468017578125,0.17531783878803253,62.87705,62.87705,62.87705,11.023467389959478,11.023467389959478,11.023467389959478,141.0,41.0,182.0
001683,train,70.85265350341797,10.99487590789795,0.1551794558763504,70.85265,70.85265,70.85265,10.994875532606088,10.994875532606088,10.994875532606088,154.0,43.0,197.0
001685,train,67.24687194824219,7.584255218505859,0.11278227716684341,67.246875,67.246875,67.246875,7.584255252453929,7.584255252453929,7.584255252453929,89.0,42.0,131.0
001688,train,75.79139709472656,9.633964538574219,0.12711158394813538,75.7914,75.7914,75.7914,9.633965229333143,9.633965229333143,9.633965229333143,111.0,51.0,162.0
001689,train,83.62174987792969,15.98674488067627,0.19117926061153412,83.62175,83.62175,83.62175,15.986745351618632,15.986745351618632,15.986745351618632,195.0,56.0,251.0
001686,train,83.9217758178711,18.01985740661621,0.21472206711769104,83.921775,83.921775,83.921775,18.019857264955654,18.019857264955654,18.019857264955654,205.0,47.0,252.0
001690,train,83.36814880371094,16.991294860839844,0.20381039381027222,83.36815,83.36815,83.36815,16.991295288396937,16.991295288396937,16.991295288396937,171.0,55.0,226.0
001691,train,87.1239242553711,19.28877830505371,0.22139473259449005,87.123925,87.123925,87.123925,19.288778281539113,19.288778281539113,19.288778281539113,199.0,56.0,255.0
001687,train,82.06285095214844,15.796567916870117,0.1924935281276703,82.06285,82.06285,82.06285,15.796567661283259,15.796567661283259,15.796567661283259,200.0,49.0,249.0
001692,train,84.74829864501953,17.756948471069336,0.2095257192850113,84.7483,84.7483,84.7483,17.756947854572307,17.756947854572307,17.756947854572307,195.0,53.0,248.0
001693,train,87.47457122802734,17.470251083374023,0.19971805810928345,87.474575,87.474575,87.474575,17.470250529668284,17.470250529668284,17.470250529668284,196.0,59.0,255.0
001695,train,76.0300521850586,14.487591743469238,0.19055086374282837,76.03005,76.03005,76.03005,14.487591138539905,14.487591138539905,14.487591138539905,191.0,52.0,243.0
001694,train,80.81690216064453,15.617629051208496,0.19324706494808197,80.8169,80.8169,80.8169,15.617628641698458,15.617628641698458,15.617628641698458,199.0,56.0,255.0
001697,train,58.3416748046875,13.993629455566406,0.23985649645328522,58.341675,58.341675,58.341675,13.993630093523802,13.993630093523802,13.993630093523802,158.0,36.0,194.0
001696,train,61.90302658081055,12.843273162841797,0.20747406780719757,61.903025,61.903025,61.903025,12.843273369720626,12.843273369720626,12.843273369720626,151.0,42.0,193.0
001699,train,81.37307739257812,15.66253662109375,0.19247812032699585,81.373075,81.373075,81.373075,15.662536194511251,15.662536194511251,15.662536194511251,169.0,53.0,222.0
001700,train,67.1709213256836,12.79773998260498,0.19052501022815704,67.170925,67.170925,67.170925,12.797740411665451,12.797740411665451,12.797740411665451,175.0,32.0,207.0
001698,train,57.56719970703125,9.807832717895508,0.1703718900680542,57.5672,57.5672,57.5672,9.807832796290931,9.807832796290931,9.807832796290931,131.0,37.0,168.0
001702,train,39.72202682495117,7.354274749755859,0.18514348566532135,39.722025,39.722025,39.722025,7.354274600487461,7.354274600487461,7.354274600487461,84.0,25.0,109.0
001701,train,73.6470718383789,14.337020874023438,0.19467197358608246,73.647075,73.647075,73.647075,14.337020922924504,14.337020922924504,14.337020922924504,146.0,32.0,178.0
001703,train,62.31330108642578,14.316610336303711,0.2297520786523819,62.3133,62.3133,62.3133,14.316610741023867,14.316610741023867,14.316610741023867,133.0,26.0,159.0
001706,train,84.67794799804688,18.06653594970703,0.21335585415363312,84.67795,84.67795,84.67795,18.066536297738423,18.066536297738423,18.066536297738423,205.0,46.0,251.0
001705,train,70.76734924316406,11.122516632080078,0.15717017650604248,70.76735,70.76735,70.76735,11.122516530781153,11.122516530781153,11.122516530781153,152.0,46.0,198.0
001707,train,80.90104675292969,12.28732967376709,0.15188097953796387,80.90105,80.90105,80.90105,12.287329201152707,12.287329201152707,12.287329201152707,173.0,51.0,224.0
001710,train,60.56465148925781,13.767279624938965,0.22731542587280273,60.56465,60.56465,60.56465,13.767278975073468,13.767278975073468,13.767278975073468,161.0,37.0,198.0
001709,train,82.69730377197266,16.09926414489746,0.19467701017856598,82.6973,82.6973,82.6973,16.09926311077622,16.09926311077622,16.09926311077622,198.0,57.0,255.0
001704,train,59.078399658203125,12.953471183776855,0.21925900876522064,59.0784,59.0784,59.0784,12.95347071019964,12.95347071019964,12.95347071019964,151.0,33.0,184.0
001708,train,89.79125213623047,19.88130760192871,0.22141698002815247,89.79125,89.79125,89.79125,19.88130839350117,19.88130839350117,19.88130839350117,201.0,54.0,255.0
001712,train,73.34502410888672,11.977703094482422,0.16330628097057343,73.345025,73.345025,73.345025,11.977703567436247,11.977703567436247,11.977703567436247,176.0,41.0,217.0
001711,train,84.52167510986328,17.705429077148438,0.2094779759645462,84.521675,84.521675,84.521675,17.70542939875718,17.70542939875718,17.70542939875718,201.0,53.0,254.0
001715,train,58.449100494384766,14.578381538391113,0.24942012131214142,58.4491,58.4491,58.4491,14.57838156963934,14.57838156963934,14.57838156963934,183.0,23.0,206.0
001713,train,57.74202346801758,13.959847450256348,0.24176235496997833,57.742025,57.742025,57.742025,13.959846843693343,13.959846843693343,13.959846843693343,164.0,34.0,198.0
001718,train,70.94512176513672,11.463129043579102,0.16157740354537964,70.945125,70.945125,70.945125,11.46312844446816,11.46312844446816,11.46312844446816,201.0,48.0,249.0
001714,train,58.853599548339844,13.485244750976562,0.2291320264339447,58.8536,58.8536,58.8536,13.485244418993672,13.485244418993672,13.485244418993672,173.0,31.0,204.0
001716,train,66.02277374267578,8.462868690490723,0.12818105518817902,66.022775,66.022775,66.022775,8.462869271079105,8.462869271079105,8.462869271079105,91.0,37.0,128.0
001717,train,39.78107452392578,7.319368362426758,0.1839912235736847,39.781075,39.781075,39.781075,7.319367926561351,7.319367926561351,7.319367926561351,85.0,25.0,110.0
001720,train,75.99024963378906,19.741132736206055,0.25978508591651917,75.99025,75.99025,75.99025,19.7411323114329,19.7411323114329,19.7411323114329,207.0,48.0,255.0
001719,train,71.58662414550781,15.533291816711426,0.21698595583438873,71.586625,71.586625,71.586625,15.533291541375736,15.533291541375736,15.533291541375736,209.0,46.0,255.0
001726,train,64.67160034179688,27.105649948120117,0.41912755370140076,64.6716,64.6716,64.6716,27.105648921211976,27.105648921211976,27.105648921211976,201.0,40.0,241.0
001721,train,84.46572875976562,19.139123916625977,0.22659040987491608,84.465725,84.465725,84.465725,19.1391228959003,19.1391228959003,19.1391228959003,213.0,39.0,252.0
001723,train,82.78172302246094,21.217363357543945,0.25630491971969604,82.781725,82.781725,82.781725,21.21736390375522,21.21736390375522,21.21736390375522,200.0,55.0,255.0
001724,train,75.86752319335938,17.88612174987793,0.23575465381145477,75.867525,75.867525,75.867525,17.886122424225295,17.886122424225295,17.886122424225295,204.0,51.0,255.0
001722,train,84.06622314453125,20.42436981201172,0.24295571446418762,84.066225,84.066225,84.066225,20.424369984148225,20.424369984148225,20.424369984148225,216.0,39.0,255.0
001725,train,60.525848388671875,22.311275482177734,0.36862391233444214,60.52585,60.52585,60.52585,22.311275888606193,22.311275888606193,22.311275888606193,187.0,35.0,222.0
001731,train,82.83562469482422,22.93796157836914,0.27690938115119934,82.835625,82.835625,82.835625,22.937962112170624,22.937962112170624,22.937962112170624,197.0,49.0,246.0
001728,train,93.56244659423828,34.11684799194336,0.36464253067970276,93.56245,93.56245,93.56245,34.1168462785982,34.1168462785982,34.1168462785982,194.0,61.0,255.0
001733,train,65.48370361328125,19.80324363708496,0.30241483449935913,65.4837,65.4837,65.4837,19.80324302507041,19.80324302507041,19.80324302507041,175.0,43.0,218.0
001729,train,96.25920104980469,35.27519226074219,0.3664604723453522,96.2592,96.2592,96.2592,35.275192633917676,35.275192633917676,35.275192633917676,193.0,62.0,255.0
001727,train,73.30587768554688,32.23965072631836,0.4397962689399719,73.305875,73.305875,73.305875,32.23965206828968,32.23965206828968,32.23965206828968,210.0,45.0,255.0
001732,train,69.61415100097656,19.491485595703125,0.2799931466579437,69.61415,69.61415,69.61415,19.491484545244365,19.491484545244365,19.491484545244365,177.0,44.0,221.0
001730,train,88.09512329101562,34.049583435058594,0.3865092992782593,88.095125,88.095125,88.095125,34.04958041201646,34.04958041201646,34.04958041201646,195.0,60.0,255.0
001734,train,91.60075378417969,25.905784606933594,0.2828119099140167,91.60075,91.60075,91.60075,25.905786022383108,25.905786022383108,25.905786022383108,200.0,55.0,255.0
001735,train,105.76262664794922,27.003923416137695,0.2553257644176483,105.762625,105.762625,105.762625,27.003923383637698,27.003923383637698,27.003923383637698,192.0,63.0,255.0
001737,train,95.28947448730469,15.139275550842285,0.1588766872882843,95.289475,95.289475,95.289475,15.139276046904456,15.139276046904456,15.139276046904456,191.0,64.0,255.0
001738,train,82.13524627685547,14.375908851623535,0.1750272810459137,82.13525,82.13525,82.13525,14.375908925612322,14.375908925612322,14.375908925612322,202.0,53.0,255.0
001736,train,100.76100158691406,18.383588790893555,0.18244746327400208,100.761,100.761,100.761,18.38358993776787,18.38358993776787,18.38358993776787,184.0,71.0,255.0
001740,train,99.79080200195312,18.889684677124023,0.18929284811019897,99.7908,99.7908,99.7908,18.889683304915412,18.889683304915412,18.889683304915412,192.0,63.0,255.0
001739,train,93.46502685546875,19.511764526367188,0.20876005291938782,93.465025,93.465025,93.465025,19.511763804161195,19.511763804161195,19.511763804161195,193.0,62.0,255.0
001741,train,103.2541732788086,27.08538246154785,0.26231756806373596,103.254175,103.254175,103.254175,27.08538111360767,27.08538111360767,27.08538111360767,191.0,64.0,255.0
001742,train,84.94625091552734,22.554996490478516,0.2655208110809326,84.94625,84.94625,84.94625,22.554997471458513,22.554997471458513,22.554997471458513,199.0,56.0,255.0
001743,train,98.05182647705078,26.917434692382812,0.2745225131511688,98.051825,98.051825,98.051825,26.91743559794237,26.91743559794237,26.91743559794237,199.0,56.0,255.0
001744,train,103.25714874267578,25.505281448364258,0.24700741469860077,103.25715,103.25715,103.25715,25.505282274021198,25.505282274021198,25.505282274021198,182.0,64.0,246.0
001747,train,73.26262664794922,21.673635482788086,0.29583480954170227,73.262625,73.262625,73.262625,21.67363497684168,21.67363497684168,21.67363497684168,213.0,42.0,255.0
001745,train,98.54157257080078,25.848533630371094,0.2623109519481659,98.541575,98.541575,98.541575,25.848533256635182,25.848533256635182,25.848533256635182,193.0,62.0,255.0
001746,train,69.11532592773438,17.56768226623535,0.2541792690753937,69.115325,69.115325,69.115325,17.56768269136186,17.56768269136186,17.56768269136186,204.0,43.0,247.0
001748,train,81.56302642822266,26.654996871948242,0.32680246233940125,81.563025,81.563025,81.563025,26.654997239718014,26.654997239718014,26.654997239718014,209.0,46.0,255.0
001749,train,94.05562591552734,25.965028762817383,0.2760603427886963,94.055625,94.055625,94.055625,25.965027072186444,25.965027072186444,25.965027072186444,199.0,54.0,253.0
001750,train,94.05567169189453,26.864356994628906,0.28562188148498535,94.055675,94.055675,94.055675,26.864356967818438,26.864356967818438,26.864356967818438,194.0,52.0,246.0
001751,train,69.0593032836914,18.113597869873047,0.26229047775268555,69.0593,69.0593,69.0593,18.113598027724915,18.113598027724915,18.113598027724915,188.0,40.0,228.0
001752,train,47.743751525878906,14.146512031555176,0.2963007986545563,47.74375,47.74375,47.74375,14.14651144054604,14.14651144054604,14.14651144054604,120.0,26.0,146.0
001753,train,48.23640060424805,16.041948318481445,0.3325693607330322,48.2364,48.2364,48.2364,16.041948604829777,16.041948604829777,16.041948604829777,134.0,27.0,161.0
001754,train,42.754600524902344,13.346424102783203,0.31216347217559814,42.7546,42.7546,42.7546,13.34642382213303,13.34642382213303,13.34642382213303,120.0,22.0,142.0
001755,train,34.314048767089844,11.770136833190918,0.3430121839046478,34.31405,34.31405,34.31405,11.770136897993158,11.770136897993158,11.770136897993158,108.0,19.0,127.0
001756,train,36.50910186767578,10.5913724899292,0.2901022434234619,36.5091,36.5091,36.5091,10.591372299659756,10.591372299659756,10.591372299659756,130.0,19.0,149.0
001758,train,67.68180084228516,23.514320373535156,0.34742456674575806,67.6818,67.6818,67.6818,23.514321141806327,23.514321141806327,23.514321141806327,189.0,31.0,220.0
001759,train,89.34172821044922,21.264944076538086,0.23801805078983307,89.341725,89.341725,89.341725,21.26494295840868,21.26494295840868,21.26494295840868,199.0,56.0,255.0
001757,train,83.40534973144531,32.326171875,0.3875791132450104,83.40535,83.40535,83.40535,32.326174245918736,32.326174245918736,32.326174245918736,209.0,46.0,255.0
001760,train,133.5623016357422,22.243684768676758,0.16654163599014282,133.5623,133.5623,133.5623,22.243684917522096,22.243684917522096,22.243684917522096,203.0,52.0,255.0
001763,train,128.38975524902344,17.40456199645996,0.13556036353111267,128.38975,128.38975,128.38975,17.404562474750694,17.404562474750694,17.404562474750694,169.0,86.0,255.0
001761,train,144.29103088378906,18.200515747070312,0.12613753974437714,144.291025,144.291025,144.291025,18.200515911626653,18.200515911626653,18.200515911626653,157.0,98.0,255.0
001762,train,120.77592468261719,31.248985290527344,0.25873520970344543,120.775925,120.775925,120.775925,31.24898342977536,31.24898342977536,31.24898342977536,185.0,70.0,255.0
001764,train,105.92729949951172,26.571882247924805,0.2508501708507538,105.9273,105.9273,105.9273,26.57188203176433,26.57188203176433,26.57188203176433,183.0,72.0,255.0
001765,train,112.79115295410156,25.839920043945312,0.22909528017044067,112.79115,112.79115,112.79115,25.839920310974257,25.839920310974257,25.839920310974257,181.0,74.0,255.0
001767,train,107.93512725830078,12.822721481323242,0.11880026012659073,107.935125,107.935125,107.935125,12.82272265294602,12.82272265294602,12.82272265294602,178.0,77.0,255.0
001768,train,89.54037475585938,25.80336570739746,0.2881757616996765,89.540375,89.540375,89.540375,25.80336547544477,25.80336547544477,25.80336547544477,200.0,55.0,255.0
001766,train,116.74745178222656,24.542001724243164,0.21021445095539093,116.74745,116.74745,116.74745,24.542003147614093,24.542003147614093,24.542003147614093,169.0,86.0,255.0
001770,train,88.74434661865234,25.684072494506836,0.28941643238067627,88.74435,88.74435,88.74435,25.684072750977403,25.684072750977403,25.684072750977403,202.0,53.0,255.0
001769,train,112.506103515625,29.514915466308594,0.26234057545661926,112.5061,112.5061,112.5061,29.514914243310958,29.514914243310958,29.514914243310958,186.0,69.0,255.0
001771,train,82.47930145263672,8.588376998901367,0.1041276678442955,82.4793,82.4793,82.4793,8.588377117360416,8.588377117360416,8.588377117360416,50.0,62.0,112.0
001772,train,101.35987854003906,10.3897123336792,0.102503202855587,101.359875,101.359875,101.359875,10.389711977931583,10.389711977931583,10.389711977931583,62.0,72.0,134.0
001773,train,97.66487121582031,10.164615631103516,0.10407647490501404,97.664875,97.664875,97.664875,10.164615892121796,10.164615892121796,10.164615892121796,63.0,70.0,133.0
001775,train,106.86372375488281,10.122823715209961,0.09472647309303284,106.863725,106.863725,106.863725,10.12282342651372,10.12282342651372,10.12282342651372,65.0,72.0,137.0
001774,train,86.97637176513672,9.349472045898438,0.10749439150094986,86.976375,86.976375,86.976375,9.349471474868245,9.349471474868245,9.349471474868245,51.0,67.0,118.0
001778,train,119.76102447509766,8.027027130126953,0.06702537089586258,119.761025,119.761025,119.761025,8.02702721743081,8.02702721743081,8.02702721743081,66.0,85.0,151.0
001776,train,113.4478530883789,11.06210994720459,0.09750832617282867,113.44785,113.44785,113.44785,11.062110123186264,11.062110123186264,11.062110123186264,66.0,83.0,149.0
001777,train,113.23560333251953,7.826074600219727,0.06911319494247437,113.2356,113.2356,113.2356,7.826074535806569,7.826074535806569,7.826074535806569,59.0,82.0,141.0
001780,train,57.5515251159668,11.15065860748291,0.19375087320804596,57.551525,57.551525,57.551525,11.15065895695743,11.15065895695743,11.15065895695743,59.0,39.0,98.0
001779,train,114.71585083007812,11.316405296325684,0.09864726662635803,114.71585,114.71585,114.71585,11.316404410301887,11.316404410301887,11.316404410301887,68.0,82.0,150.0
001781,train,61.4703254699707,11.74779224395752,0.19111323356628418,61.470325,61.470325,61.470325,11.747792107216359,11.747792107216359,11.747792107216359,62.0,41.0,103.0
001783,train,79.54072570800781,14.588619232177734,0.18341068923473358,79.540725,79.540725,79.540725,14.58862027315726,14.58862027315726,14.58862027315726,71.0,53.0,124.0
001782,train,72.83592224121094,14.357975006103516,0.19712765514850616,72.835925,72.835925,72.835925,14.357975288820322,14.357975288820322,14.357975288820322,72.0,47.0,119.0
001785,train,66.82150268554688,10.305678367614746,0.15422697365283966,66.8215,66.8215,66.8215,10.30567745225902,10.30567745225902,10.30567745225902,56.0,43.0,99.0
001787,train,120.01377868652344,7.616271018981934,0.06346163898706436,120.013775,120.013775,120.013775,7.616271085601864,7.616271085601864,7.616271085601864,63.0,89.0,152.0
001788,train,121.74334716796875,7.4115400314331055,0.06087839975953102,121.74335,121.74335,121.74335,7.41154037818725,7.41154037818725,7.41154037818725,57.0,92.0,149.0
001786,train,115.56964874267578,7.54237699508667,0.06526260823011398,115.56965,115.56965,115.56965,7.542376871881967,7.542376871881967,7.542376871881967,73.0,79.0,152.0
001784,train,52.76442337036133,10.469521522521973,0.19842009246349335,52.764425,52.764425,52.764425,10.469521451306884,10.469521451306884,10.469521451306884,45.0,35.0,80.0
001789,train,115.18277740478516,10.135174751281738,0.0879921019077301,115.182775,115.182775,115.182775,10.135174803592438,10.135174803592438,10.135174803592438,65.0,83.0,148.0
001790,train,85.38262176513672,9.244269371032715,0.10826874524354935,85.382625,85.382625,85.382625,9.24426974451606,9.24426974451606,9.24426974451606,54.0,65.0,119.0
001792,train,96.67047119140625,10.565409660339355,0.10929303616285324,96.670475,96.670475,96.670475,10.56540999083211,10.56540999083211,10.56540999083211,61.0,68.0,129.0
001791,train,112.24617767333984,9.546204566955566,0.08504703640937805,112.246175,112.246175,112.246175,9.546204631652047,9.546204631652047,9.546204631652047,71.0,78.0,149.0
001794,train,78.8895492553711,9.051386833190918,0.11473492532968521,78.88955,78.88955,78.88955,9.051386678156005,9.051386678156005,9.051386678156005,49.0,57.0,106.0
001796,train,71.77014923095703,14.618562698364258,0.20368583500385284,71.77015,71.77015,71.77015,14.618562479857587,14.618562479857587,14.618562479857587,76.0,42.0,118.0
001793,train,92.84152221679688,10.170875549316406,0.10955093801021576,92.841525,92.841525,92.841525,10.17087561001387,10.17087561001387,10.17087561001387,58.0,66.0,124.0
001797,train,58.13764953613281,8.461320877075195,0.14553943276405334,58.13765,58.13765,58.13765,8.461320965280777,8.461320965280777,8.461320965280777,40.0,39.0,79.0
001795,train,71.9686508178711,7.497947692871094,0.10418352484703064,71.96865,71.96865,71.96865,7.497947530991398,7.497947530991398,7.497947530991398,44.0,55.0,99.0
001798,train,71.6811752319336,12.789705276489258,0.1784248799085617,71.681175,71.681175,71.681175,12.789705845693833,12.789705845693833,12.789705845693833,68.0,48.0,116.0
001802,train,97.71097564697266,11.080281257629395,0.11339852958917618,97.710975,97.710975,97.710975,11.080281564535037,11.080281564535037,11.080281564535037,61.0,72.0,133.0
001801,train,78.80412292480469,16.243616104125977,0.20612648129463196,78.804125,78.804125,78.804125,16.24361591470246,16.24361591470246,16.24361591470246,73.0,45.0,118.0
001799,train,50.714576721191406,9.77320384979248,0.19270995259284973,50.714575,50.714575,50.714575,9.773203546912088,9.773203546912088,9.773203546912088,40.0,34.0,74.0
001800,train,115.67639923095703,10.305243492126465,0.08908683061599731,115.6764,115.6764,115.6764,10.305242987916394,10.305242987916394,10.305242987916394,81.0,76.0,157.0
001803,train,113.25582122802734,9.900971412658691,0.08742130547761917,113.255825,113.255825,113.255825,9.900971092240145,9.900971092240145,9.900971092240145,64.0,83.0,147.0
001805,train,102.00747680664062,10.054740905761719,0.09856866300106049,102.007475,102.007475,102.007475,10.054741126671288,10.054741126671288,10.054741126671288,62.0,72.0,134.0
001806,train,69.40644836425781,8.339631080627441,0.120156429708004,69.40645,69.40645,69.40645,8.339631190736196,8.339631190736196,8.339631190736196,44.0,50.0,94.0
001804,train,114.59577178955078,10.290270805358887,0.08979625254869461,114.595775,114.595775,114.595775,10.290270994943477,10.290270994943477,10.290270994943477,75.0,78.0,153.0
001808,train,81.94924926757812,10.415868759155273,0.12710145115852356,81.94925,81.94925,81.94925,10.41586887578276,10.41586887578276,10.41586887578276,54.0,58.0,112.0
001807,train,73.59600067138672,9.492925643920898,0.12898696959018707,73.596,73.596,73.596,9.492925471107418,9.492925471107418,9.492925471107418,51.0,54.0,105.0
001809,train,73.68802642822266,9.751524925231934,0.13233527541160583,73.688025,73.688025,73.688025,9.751525347317465,9.751525347317465,9.751525347317465,47.0,54.0,101.0
001811,train,99.69312286376953,10.425246238708496,0.10457337647676468,99.693125,99.693125,99.693125,10.425245931601566,10.425245931601566,10.425245931601566,64.0,66.0,130.0
001810,train,85.1251220703125,10.039251327514648,0.11793523281812668,85.125125,85.125125,85.125125,10.039251403086537,10.039251403086537,10.039251403086537,57.0,60.0,117.0
001814,train,93.52082824707031,10.399314880371094,0.11119785159826279,93.520825,93.520825,93.520825,10.399315665916436,10.399315665916436,10.399315665916436,58.0,68.0,126.0
001813,train,102.4989013671875,10.238720893859863,0.09989102929830551,102.4989,102.4989,102.4989,10.238720564113468,10.238720564113468,10.238720564113468,60.0,68.0,128.0
001812,train,91.330322265625,9.911690711975098,0.10852573812007904,91.330325,91.330325,91.330325,9.911690592142946,9.911690592142946,9.911690592142946,56.0,65.0,121.0
001816,train,99.45602416992188,10.47032356262207,0.10527591407299042,99.456025,99.456025,99.456025,10.470323118193392,10.470323118193392,10.470323118193392,67.0,65.0,132.0
001817,train,81.6094970703125,9.417019844055176,0.11539122462272644,81.6095,81.6095,81.6095,9.417019685123314,9.417019685123314,9.417019685123314,48.0,61.0,109.0
001815,train,79.70027160644531,9.841765403747559,0.12348471581935883,79.700275,79.700275,79.700275,9.841765081751088,9.841765081751088,9.841765081751088,47.0,60.0,107.0
001820,train,95.86869812011719,10.450287818908691,0.10900625586509705,95.8687,95.8687,95.8687,10.45028757068436,10.45028757068436,10.45028757068436,63.0,65.0,128.0
001818,train,84.80574798583984,9.613225936889648,0.11335583031177521,84.80575,84.80575,84.80575,9.613226146174863,9.613226146174863,9.613226146174863,56.0,61.0,117.0
001821,train,69.4802017211914,12.660783767700195,0.182221457362175,69.4802,69.4802,69.4802,12.660784255329524,12.660784255329524,12.660784255329524,64.0,46.0,110.0
001822,train,95.21622467041016,10.176861763000488,0.10688159614801407,95.216225,95.216225,95.216225,10.176862077741596,10.176862077741596,10.176862077741596,67.0,61.0,128.0
001819,train,80.15094757080078,10.85950756072998,0.13548819720745087,80.15095,80.15095,80.15095,10.859508004394122,10.859508004394122,10.859508004394122,57.0,53.0,110.0
001824,train,108.98442840576172,13.395048141479492,0.12290790677070618,108.984425,108.984425,108.984425,13.395048802426029,13.395048802426029,13.395048802426029,84.0,66.0,150.0
001823,train,108.4696273803711,10.928020477294922,0.10074728727340698,108.469625,108.469625,108.469625,10.9280202854577,10.9280202854577,10.9280202854577,64.0,82.0,146.0
001825,train,119.71309661865234,12.966492652893066,0.10831306874752045,119.7131,119.7131,119.7131,12.966492910189709,12.966492910189709,12.966492910189709,83.0,74.0,157.0
001826,train,112.35967254638672,16.655200958251953,0.1482311338186264,112.359675,112.359675,112.359675,16.65520065608262,16.65520065608262,16.65520065608262,91.0,73.0,164.0
001827,train,122.67974853515625,14.278810501098633,0.11639093607664108,122.67975,122.67975,122.67975,14.278810872670736,14.278810872670736,14.278810872670736,84.0,77.0,161.0
001830,train,99.70582580566406,11.499910354614258,0.11533840000629425,99.705825,99.705825,99.705825,11.499910263535755,11.499910263535755,11.499910263535755,69.0,74.0,143.0
001828,train,122.01557159423828,13.654838562011719,0.1119106188416481,122.015575,122.015575,122.015575,13.654839157579813,13.654839157579813,13.654839157579813,80.0,89.0,169.0
001832,train,116.93567657470703,14.934713363647461,0.12771733105182648,116.935675,116.935675,116.935675,14.9347124945335,14.9347124945335,14.9347124945335,89.0,76.0,165.0
001831,train,91.39752197265625,13.88514518737793,0.1519203633069992,91.397525,91.397525,91.397525,13.885144899293453,13.885144899293453,13.885144899293453,79.0,63.0,142.0
001833,train,74.7384033203125,13.789311408996582,0.1845010221004486,74.7384,74.7384,74.7384,13.78931163764167,13.78931163764167,13.78931163764167,67.0,50.0,117.0
001829,train,120.31477355957031,13.80333423614502,0.11472684144973755,120.314775,120.314775,120.314775,13.803334441336087,13.803334441336087,13.803334441336087,83.0,78.0,161.0
001834,train,81.52997589111328,14.32430362701416,0.17569370567798615,81.529975,81.529975,81.529975,14.324302827690254,14.324302827690254,14.324302827690254,65.0,53.0,118.0
001835,train,68.04562377929688,10.71710205078125,0.1574987769126892,68.045625,68.045625,68.045625,10.717102843556882,10.717102843556882,10.717102843556882,64.0,44.0,108.0
001837,train,86.55717468261719,14.458735466003418,0.1670425981283188,86.557175,86.557175,86.557175,14.458735457133692,14.458735457133692,14.458735457133692,74.0,60.0,134.0
001836,train,87.00479888916016,14.353032112121582,0.16496828198432922,87.0048,87.0048,87.0048,14.353031977948074,14.353031977948074,14.353031977948074,73.0,54.0,127.0
001839,train,65.80077362060547,9.872161865234375,0.15003108978271484,65.800775,65.800775,65.800775,9.87216209345121,9.87216209345121,9.87216209345121,55.0,45.0,100.0
001838,train,88.1041259765625,15.234871864318848,0.17291893064975739,88.104125,88.104125,88.104125,15.23487226675613,15.23487226675613,15.23487226675613,77.0,58.0,135.0
001841,train,76.09750366210938,10.356046676635742,0.13608917593955994,76.0975,76.0975,76.0975,10.356046241206148,10.356046241206148,10.356046241206148,57.0,49.0,106.0
001840,train,84.0831527709961,14.912120819091797,0.17734968662261963,84.08315,84.08315,84.08315,14.912120442026344,14.912120442026344,14.912120442026344,82.0,51.0,133.0
001842,train,68.25189971923828,9.217988014221191,0.13505834341049194,68.2519,68.2519,68.2519,9.217987654038163,9.217987654038163,9.217987654038163,54.0,48.0,102.0
001845,train,94.31099700927734,12.205290794372559,0.1294153481721878,94.311,94.311,94.311,12.205291024797402,12.205291024797402,12.205291024797402,67.0,62.0,129.0
001843,train,84.89244842529297,10.404388427734375,0.12255964428186417,84.89245,84.89245,84.89245,10.404387680084783,10.404387680084783,10.404387680084783,53.0,63.0,116.0
001844,train,92.14472198486328,11.966872215270996,0.12987039983272552,92.144725,92.144725,92.144725,11.966872175901898,11.966872175901898,11.966872175901898,60.0,64.0,124.0
001847,train,98.93517303466797,12.24378490447998,0.12375563383102417,98.935175,98.935175,98.935175,12.243785065059539,12.243785065059539,12.243785065059539,69.0,62.0,131.0
001848,train,114.18865203857422,9.388514518737793,0.08221933245658875,114.18865,114.18865,114.18865,9.388514854730753,9.388514854730753,9.388514854730753,65.0,79.0,144.0
001846,train,92.34542846679688,11.72074031829834,0.12692280113697052,92.345425,92.345425,92.345425,11.720740444586895,11.720740444586895,11.720740444586895,65.0,63.0,128.0
001849,train,120.42420196533203,7.94012975692749,0.0659346655011177,120.4242,120.4242,120.4242,7.940129366704298,7.940129366704298,7.940129366704298,55.0,92.0,147.0
001850,train,87.50812530517578,10.289405822753906,0.1175822913646698,87.508125,87.508125,87.508125,10.289406396113188,10.289406396113188,10.289406396113188,60.0,60.0,120.0
001852,train,120.2418212890625,10.091020584106445,0.08392272144556046,120.241825,120.241825,120.241825,10.091020546474722,10.091020546474722,10.091020546474722,78.0,78.0,156.0
001851,train,109.45970153808594,10.511987686157227,0.09603522717952728,109.4597,109.4597,109.4597,10.511987248375066,10.511987248375066,10.511987248375066,69.0,73.0,142.0
001853,train,125.99624633789062,8.41637897491455,0.06679864972829819,125.99625,125.99625,125.99625,8.416379027675738,8.416379027675738,8.416379027675738,81.0,82.0,163.0
001855,train,104.45172119140625,10.593862533569336,0.10142353177070618,104.451725,104.451725,104.451725,10.59386235158712,10.59386235158712,10.59386235158712,67.0,71.0,138.0
001854,train,114.0572509765625,12.195279121398926,0.10692243278026581,114.05725,114.05725,114.05725,12.19527869453995,12.19527869453995,12.19527869453995,84.0,71.0,155.0
001857,train,106.84200286865234,10.35806655883789,0.09694751352071762,106.842,106.842,106.842,10.358066228790006,10.358066228790006,10.358066228790006,56.0,77.0,133.0
001856,train,80.42767333984375,9.999208450317383,0.1243254691362381,80.427675,80.427675,80.427675,9.999208423389074,9.999208423389074,9.999208423389074,52.0,56.0,108.0
001858,train,88.76110076904297,9.822159767150879,0.11065838485956192,88.7611,88.7611,88.7611,9.822159985970499,9.822159985970499,9.822159985970499,55.0,63.0,118.0
001860,train,94.82447814941406,11.290084838867188,0.11906298249959946,94.824475,94.824475,94.824475,11.29008485239925,11.29008485239925,11.29008485239925,57.0,65.0,122.0
001859,train,83.3478775024414,10.48960018157959,0.12585324048995972,83.347875,83.347875,83.347875,10.489599991628614,10.489599991628614,10.489599991628614,59.0,60.0,119.0
001861,train,88.06590270996094,11.220118522644043,0.12740592658519745,88.0659,88.0659,88.0659,11.22011841247676,11.22011841247676,11.22011841247676,56.0,65.0,121.0
001863,train,79.61227416992188,10.317473411560059,0.1295965164899826,79.612275,79.612275,79.612275,10.31747276828851,10.31747276828851,10.31747276828851,62.0,55.0,117.0
001862,train,98.72125244140625,10.648241996765137,0.10786169767379761,98.72125,98.72125,98.72125,10.64824156551212,10.64824156551212,10.64824156551212,60.0,66.0,126.0
001865,train,94.96434783935547,11.183321952819824,0.11776337027549744,94.96435,94.96435,94.96435,11.183321468933102,11.183321468933102,11.183321468933102,60.0,66.0,126.0
001864,train,99.3114242553711,11.010589599609375,0.11086931824684143,99.311425,99.311425,99.311425,11.010589878356882,11.010589878356882,11.010589878356882,66.0,64.0,130.0
001866,train,80.12362670898438,9.878519058227539,0.12329096347093582,80.123625,80.123625,80.123625,9.878519213899166,9.878519213899166,9.878519213899166,53.0,59.0,112.0
001868,train,77.87359619140625,9.401628494262695,0.12072934955358505,77.8736,77.8736,77.8736,9.401628743999627,9.401628743999627,9.401628743999627,49.0,57.0,106.0
001867,train,114.20697784423828,14.070444107055664,0.12320126593112946,114.206975,114.206975,114.206975,14.070443715440357,14.070443715440357,14.070443715440357,88.0,75.0,163.0
001869,train,73.49702453613281,10.532055854797363,0.14329907298088074,73.497025,73.497025,73.497025,10.532055409528333,10.532055409528333,10.532055409528333,61.0,45.0,106.0
001872,train,75.07679748535156,10.348610877990723,0.13784033060073853,75.0768,75.0768,75.0768,10.348611102945167,10.348611102945167,10.348611102945167,66.0,49.0,115.0
001870,train,87.11837768554688,10.039478302001953,0.11523950099945068,87.118375,87.118375,87.118375,10.039477693554332,10.039477693554332,10.039477693554332,59.0,66.0,125.0
001871,train,85.97662353515625,12.271722793579102,0.14273324608802795,85.976625,85.976625,85.976625,12.27172272378149,12.27172272378149,12.27172272378149,77.0,51.0,128.0
001873,train,89.72662353515625,12.5111083984375,0.13943585753440857,89.726625,89.726625,89.726625,12.51110870823905,12.51110870823905,12.51110870823905,76.0,54.0,130.0
001876,train,105.25332641601562,12.035051345825195,0.11434366554021835,105.253325,105.253325,105.253325,12.035050953127493,12.035050953127493,12.035050953127493,61.0,76.0,137.0
001874,train,93.66764831542969,12.40536880493164,0.13244026899337769,93.66765,93.66765,93.66765,12.405369542157944,12.405369542157944,12.405369542157944,71.0,63.0,134.0
001875,train,98.16307830810547,13.408035278320312,0.1365893930196762,98.163075,98.163075,98.163075,13.408036080812693,13.408036080812693,13.408036080812693,76.0,61.0,137.0
001877,train,100.0539779663086,10.892756462097168,0.1088688001036644,100.053975,100.053975,100.053975,10.892757304712843,10.892757304712843,10.892757304712843,68.0,70.0,138.0
001879,train,108.51997375488281,10.949360847473145,0.10089719295501709,108.519975,108.519975,108.519975,10.949360757568224,10.949360757568224,10.949360757568224,69.0,77.0,146.0
001880,train,111.75892639160156,11.188257217407227,0.10011063516139984,111.758925,111.758925,111.758925,11.188257587505527,11.188257587505527,11.188257587505527,77.0,74.0,151.0
001878,train,107.41089630126953,10.33790397644043,0.09624632447957993,107.4109,107.4109,107.4109,10.337904100445119,10.337904100445119,10.337904100445119,66.0,77.0,143.0
001881,train,121.06050109863281,11.533512115478516,0.09527064859867096,121.0605,121.0605,121.0605,11.533511596647397,11.533511596647397,11.533511596647397,61.0,94.0,155.0
001884,train,116.1873779296875,11.085658073425293,0.09541189670562744,116.187375,116.187375,116.187375,11.085658104477831,11.085658104477831,11.085658104477831,77.0,76.0,153.0
001883,train,111.42872619628906,11.310001373291016,0.10149987041950226,111.428725,111.428725,111.428725,11.31000087861955,11.31000087861955,11.31000087861955,77.0,73.0,150.0
001882,train,118.07015228271484,12.251986503601074,0.10376869887113571,118.07015,118.07015,118.07015,12.25198673593389,12.25198673593389,12.25198673593389,85.0,74.0,159.0
001885,train,118.46465301513672,8.876533508300781,0.07492980360984802,118.46465,118.46465,118.46465,8.876533691565644,8.876533691565644,8.876533691565644,63.0,89.0,152.0
001888,train,81.42437744140625,10.013773918151855,0.12298250198364258,81.424375,81.424375,81.424375,10.013774556049032,10.013774556049032,10.013774556049032,56.0,57.0,113.0
001886,train,109.486328125,10.478450775146484,0.0957055613398552,109.486325,109.486325,109.486325,10.478449932808525,10.478449932808525,10.478449932808525,64.0,83.0,147.0
001890,train,123.24202728271484,9.7880277633667,0.07942118495702744,123.242025,123.242025,123.242025,9.788028345860825,9.788028345860825,9.788028345860825,78.0,86.0,164.0
001889,train,72.06009674072266,9.61832332611084,0.13347642123699188,72.0601,72.0601,72.0601,9.618323034188444,9.618323034188444,9.618323034188444,53.0,49.0,102.0
001887,train,87.70332336425781,9.928313255310059,0.11320338398218155,87.703325,87.703325,87.703325,9.92831349950106,9.92831349950106,9.92831349950106,56.0,60.0,116.0
001892,train,89.44042205810547,10.643305778503418,0.11899883300065994,89.440425,89.440425,89.440425,10.643305446118466,10.643305446118466,10.643305446118466,65.0,63.0,128.0
001894,train,93.31077575683594,10.267365455627441,0.11003407835960388,93.310775,93.310775,93.310775,10.267365479974647,10.267365479974647,10.267365479974647,61.0,65.0,126.0
001891,train,71.5499267578125,8.685891151428223,0.12139622867107391,71.549925,71.549925,71.549925,8.685891289578462,8.685891289578462,8.685891289578462,50.0,50.0,100.0
001893,train,75.8207778930664,9.320789337158203,0.12293186038732529,75.820775,75.820775,75.820775,9.320788775601292,9.320788775601292,9.320788775601292,53.0,55.0,108.0
001898,train,80.76007843017578,12.529659271240234,0.15514668822288513,80.760075,80.760075,80.760075,12.529659252923642,12.529659252923642,12.529659252923642,76.0,47.0,123.0
001897,train,122.19517517089844,11.366893768310547,0.09302244335412979,122.195175,122.195175,122.195175,11.36689411050244,11.36689411050244,11.36689411050244,99.0,60.0,159.0
001896,train,107.15547180175781,9.919511795043945,0.0925712138414383,107.155475,107.155475,107.155475,9.9195112039039,9.9195112039039,9.9195112039039,82.0,59.0,141.0
001895,train,95.98737335205078,10.75439739227295,0.1120397076010704,95.987375,95.987375,95.987375,10.75439750099349,10.75439750099349,10.75439750099349,65.0,63.0,128.0
001900,train,88.85430145263672,12.978693008422852,0.14606712758541107,88.8543,88.8543,88.8543,12.978692981575609,12.978692981575609,12.978692981575609,97.0,42.0,139.0
001899,train,74.8591537475586,8.725704193115234,0.11656162142753601,74.85915,74.85915,74.85915,8.725704056263885,8.725704056263885,8.725704056263885,67.0,42.0,109.0
001901,train,93.5466537475586,13.097086906433105,0.1400059312582016,93.54665,93.54665,93.54665,13.097086461404306,13.097086461404306,13.097086461404306,99.0,41.0,140.0
001902,train,101.78797149658203,8.796392440795898,0.08641877770423889,101.787975,101.787975,101.787975,8.796392465060606,8.796392465060606,8.796392465060606,68.0,66.0,134.0
001903,train,78.1957778930664,10.281041145324707,0.1314782202243805,78.195775,78.195775,78.195775,10.281040664707781,10.281040664707781,10.281040664707781,67.0,46.0,113.0
001905,train,88.25647735595703,10.985417366027832,0.124471515417099,88.256475,88.256475,88.256475,10.985417405559746,10.985417405559746,10.985417405559746,61.0,62.0,123.0
001904,train,88.95870208740234,11.20467758178711,0.12595370411872864,88.9587,88.9587,88.9587,11.204677340735877,11.204677340735877,11.204677340735877,71.0,48.0,119.0
001906,train,100.05662536621094,11.504573822021484,0.11498063057661057,100.056625,100.056625,100.056625,11.504573812591886,11.504573812591886,11.504573812591886,67.0,62.0,129.0
001907,train,108.31082153320312,12.795063972473145,0.1181328296661377,108.310825,108.310825,108.310825,12.795064002160169,12.795064002160169,12.795064002160169,77.0,64.0,141.0
001908,train,95.63117218017578,12.029953956604004,0.12579531967639923,95.631175,95.631175,95.631175,12.029953994898525,12.029953994898525,12.029953994898525,68.0,62.0,130.0
001910,train,125.63545227050781,10.53913402557373,0.08388662338256836,125.63545,125.63545,125.63545,10.539134371356122,10.539134371356122,10.539134371356122,66.0,90.0,156.0
001909,train,106.03497314453125,8.995346069335938,0.08483376353979111,106.034975,106.034975,106.034975,8.995346116152229,8.995346116152229,8.995346116152229,65.0,68.0,133.0
001913,train,100.34012603759766,16.529226303100586,0.164731964468956,100.340125,100.340125,100.340125,16.529225329227472,16.529225329227472,16.529225329227472,96.0,58.0,154.0
001911,train,116.80692291259766,14.641864776611328,0.12535099685192108,116.806925,116.806925,116.806925,14.641864534422348,14.641864534422348,14.641864534422348,86.0,70.0,156.0
001912,train,106.85455322265625,16.637287139892578,0.15570031106472015,106.85455,106.85455,106.85455,16.637287768668905,16.637287768668905,16.637287768668905,91.0,65.0,156.0
001914,train,113.07917785644531,13.045650482177734,0.11536739766597748,113.079175,113.079175,113.079175,13.045650858403922,13.045650858403922,13.045650858403922,92.0,63.0,155.0
001916,train,77.19502258300781,10.676851272583008,0.13831010460853577,77.195025,77.195025,77.195025,10.676850670931714,10.676850670931714,10.676850670931714,62.0,50.0,112.0
001915,train,98.52462768554688,12.179886817932129,0.12362276762723923,98.524625,98.524625,98.524625,12.179886847149895,12.179886847149895,12.179886847149895,70.0,71.0,141.0
001921,train,90.29139709472656,11.06512451171875,0.12254904210567474,90.2914,90.2914,90.2914,11.065124763869589,11.065124763869589,11.065124763869589,59.0,63.0,122.0
001917,train,122.31607818603516,7.681580066680908,0.0628010630607605,122.316075,122.316075,122.316075,7.681580019395424,7.681580019395424,7.681580019395424,51.0,96.0,147.0
001918,train,118.28604888916016,9.915297508239746,0.08382473886013031,118.28605,118.28605,118.28605,9.915297544577268,9.915297544577268,9.915297544577268,62.0,92.0,154.0
001920,train,84.1405258178711,10.664109230041504,0.12674164772033691,84.140525,84.140525,84.140525,10.664109326351404,10.664109326351404,10.664109326351404,62.0,58.0,120.0
001919,train,71.9905776977539,9.245062828063965,0.12842045724391937,71.990575,71.990575,71.990575,9.245062799644737,9.245062799644737,9.245062799644737,51.0,52.0,103.0
001922,train,118.31909942626953,14.277711868286133,0.12067123502492905,118.3191,118.3191,118.3191,14.277710782544938,14.277710782544938,14.277710782544938,85.0,70.0,155.0
001924,train,117.86415100097656,16.464675903320312,0.13969197869300842,117.86415,117.86415,117.86415,16.464675665724485,16.464675665724485,16.464675665724485,91.0,66.0,157.0
001923,train,113.38095092773438,14.400289535522461,0.12700802087783813,113.38095,113.38095,113.38095,14.400289132427167,14.400289132427167,14.400289132427167,87.0,69.0,156.0
001928,train,93.07002258300781,13.200506210327148,0.14183413982391357,93.070025,93.070025,93.070025,13.200506486471456,13.200506486471456,13.200506486471456,69.0,64.0,133.0
001927,train,79.80667877197266,11.303565979003906,0.14163684844970703,79.806675,79.806675,79.806675,11.303565828727454,11.303565828727454,11.303565828727454,61.0,51.0,112.0
001925,train,95.73257446289062,15.314085006713867,0.1599673330783844,95.732575,95.732575,95.732575,15.314085309589176,15.314085309589176,15.314085309589176,90.0,56.0,146.0
001926,train,99.2780990600586,12.806326866149902,0.12899447977542877,99.2781,99.2781,99.2781,12.80632696716744,12.80632696716744,12.80632696716744,86.0,55.0,141.0
001930,train,85.00080108642578,11.2544527053833,0.13240407407283783,85.0008,85.0008,85.0008,11.254452423818762,11.254452423818762,11.254452423818762,63.0,51.0,114.0
001929,train,69.22987365722656,8.429441452026367,0.12176017463207245,69.229875,69.229875,69.229875,8.429441409985303,8.429441409985303,8.429441409985303,48.0,47.0,95.0
001932,train,104.50035095214844,8.505213737487793,0.08138933032751083,104.50035,104.50035,104.50035,8.505213100063983,8.505213100063983,8.505213100063983,65.0,67.0,132.0
001931,train,94.54362487792969,11.085747718811035,0.11725536733865738,94.543625,94.543625,94.543625,11.085747465073114,11.085747465073114,11.085747465073114,66.0,58.0,124.0
001933,train,114.97032165527344,10.02637767791748,0.08720839768648148,114.970325,114.970325,114.970325,10.026377431274717,10.026377431274717,10.026377431274717,79.0,66.0,145.0
001936,train,104.56755065917969,10.518647193908691,0.10059188306331635,104.56755,104.56755,104.56755,10.518647108706519,10.518647108706519,10.518647108706519,73.0,68.0,141.0
001938,train,116.9310531616211,9.056902885437012,0.0774550661444664,116.93105,116.93105,116.93105,9.056903217849907,9.056903217849907,9.056903217849907,74.0,68.0,142.0
001935,train,111.33634948730469,9.984355926513672,0.08967741578817368,111.33635,111.33635,111.33635,9.984356197447084,9.984356197447084,9.984356197447084,72.0,67.0,139.0
001937,train,129.25811767578125,7.23948860168457,0.056007999926805496,129.258125,129.258125,129.258125,7.239488689429316,7.239488689429316,7.239488689429316,58.0,100.0,158.0
001934,train,106.93792724609375,7.746090888977051,0.0724353939294815,106.937925,106.937925,106.937925,7.746090736260129,7.746090736260129,7.746090736260129,61.0,71.0,132.0
001939,train,80.68697357177734,9.978904724121094,0.12367429584264755,80.686975,80.686975,80.686975,9.97890476702604,9.97890476702604,9.97890476702604,51.0,57.0,108.0
001942,train,80.2405014038086,10.998453140258789,0.13706859946250916,80.2405,80.2405,80.2405,10.998452607071597,10.998452607071597,10.998452607071597,62.0,53.0,115.0
001940,train,126.57879638671875,8.549665451049805,0.06754421442747116,126.5788,126.5788,126.5788,8.549666108100363,8.549666108100363,8.549666108100363,63.0,97.0,160.0
001943,train,82.83844757080078,11.194109916687012,0.1351318210363388,82.83845,82.83845,82.83845,11.194110129773602,11.194110129773602,11.194110129773602,63.0,54.0,117.0
001941,train,86.65679931640625,10.031925201416016,0.11576616019010544,86.6568,86.6568,86.6568,10.031924728585237,10.031924728585237,10.031924728585237,57.0,61.0,118.0
001944,train,79.7261734008789,12.30446720123291,0.15433409810066223,79.726175,79.726175,79.726175,12.304466460167015,12.304466460167015,12.304466460167015,60.0,53.0,113.0
001946,train,96.31635284423828,13.164743423461914,0.13668233156204224,96.31635,96.31635,96.31635,13.164743547730051,13.164743547730051,13.164743547730051,74.0,61.0,135.0
001947,train,91.99490356445312,12.517457008361816,0.13606685400009155,91.9949,91.9949,91.9949,12.51745677004718,12.51745677004718,12.51745677004718,66.0,61.0,127.0
001945,train,77.77217864990234,12.016467094421387,0.1545085608959198,77.772175,77.772175,77.772175,12.016466650782792,12.016466650782792,12.016466650782792,61.0,52.0,113.0
001952,train,82.89432525634766,11.840167045593262,0.14283446967601776,82.894325,82.894325,82.894325,11.840167135407127,11.840167135407127,11.840167135407127,70.0,54.0,124.0
001951,train,108.34829711914062,11.46419620513916,0.10580873489379883,108.3483,108.3483,108.3483,11.464195877164695,11.464195877164695,11.464195877164695,80.0,66.0,146.0
001948,train,107.16947174072266,13.819499015808105,0.12894995510578156,107.169475,107.169475,107.169475,13.819499022192339,13.819499022192339,13.819499022192339,86.0,61.0,147.0
001950,train,96.91532135009766,15.322518348693848,0.1581021249294281,96.915325,96.915325,96.915325,15.322517911373932,15.322517911373932,15.322517911373932,84.0,60.0,144.0
001949,train,108.66922760009766,13.136392593383789,0.12088420242071152,108.669225,108.669225,108.669225,13.1363926897522,13.1363926897522,13.1363926897522,84.0,61.0,145.0
001955,train,80.50907135009766,8.374441146850586,0.10401860624551773,80.509075,80.509075,80.509075,8.37444133326964,8.37444133326964,8.37444133326964,43.0,62.0,105.0
001953,train,90.19517517089844,11.201251029968262,0.12418902665376663,90.195175,90.195175,90.195175,11.201251346138742,11.201251346138742,11.201251346138742,63.0,59.0,122.0
001954,train,61.97122573852539,8.985772132873535,0.14499910175800323,61.971225,61.971225,61.971225,8.985771920062016,8.985771920062016,8.985771920062016,46.0,42.0,88.0
001958,train,91.22454833984375,10.627886772155762,0.11650248616933823,91.22455,91.22455,91.22455,10.627886774777947,10.627886774777947,10.627886774777947,55.0,64.0,119.0
001956,train,112.840576171875,11.753737449645996,0.10416232794523239,112.840575,112.840575,112.840575,11.753738072178358,11.753738072178358,11.753738072178358,73.0,82.0,155.0
001957,train,82.00364685058594,9.612853050231934,0.11722470074892044,82.00365,82.00365,82.00365,9.612852681566487,9.612852681566487,9.612852681566487,52.0,59.0,111.0
001959,train,99.76844787597656,10.758172035217285,0.10783140361309052,99.76845,99.76845,99.76845,10.758172920970363,10.758172920970363,10.758172920970363,61.0,71.0,132.0
001960,train,82.57292175292969,10.03671932220459,0.12154976278543472,82.572925,82.572925,82.572925,10.036719182301306,10.036719182301306,10.036719182301306,50.0,62.0,112.0
001963,train,74.81847381591797,10.613097190856934,0.1418512910604477,74.818475,74.818475,74.818475,10.613096799444307,10.613096799444307,10.613096799444307,60.0,51.0,111.0
001961,train,85.25800323486328,9.20633602142334,0.1079820767045021,85.258,85.258,85.258,9.206336730752357,9.206336730752357,9.206336730752357,53.0,61.0,114.0
001962,train,88.37889862060547,9.536940574645996,0.10790970176458359,88.3789,88.3789,88.3789,9.5369405361468,9.5369405361468,9.5369405361468,55.0,62.0,117.0
001964,train,94.15192413330078,9.972078323364258,0.10591475665569305,94.151925,94.151925,94.151925,9.972078208396432,9.972078208396432,9.972078208396432,54.0,70.0,124.0
001965,train,82.02862548828125,10.865744590759277,0.13246284425258636,82.028625,82.028625,82.028625,10.865744595257842,10.865744595257842,10.865744595257842,60.0,51.0,111.0
001967,train,127.22135162353516,5.906682968139648,0.04642839357256889,127.22135,127.22135,127.22135,5.9066830097356675,5.9066830097356675,5.9066830097356675,58.0,94.0,152.0
001966,train,108.21820068359375,9.737704277038574,0.08998212963342667,108.2182,108.2182,108.2182,9.737704491305946,9.737704491305946,9.737704491305946,70.0,79.0,149.0
001968,train,108.85794830322266,13.036579132080078,0.11975771188735962,108.85795,108.85795,108.85795,13.036580141950571,13.036580141950571,13.036580141950571,82.0,69.0,151.0
001969,train,106.33812713623047,15.372471809387207,0.14456218481063843,106.338125,106.338125,106.338125,15.372472035569784,15.372472035569784,15.372472035569784,80.0,69.0,149.0
001970,train,97.80802154541016,12.700555801391602,0.12985187768936157,97.808025,97.808025,97.808025,12.700555916942179,12.700555916942179,12.700555916942179,76.0,56.0,132.0
001971,train,104.44615173339844,13.154976844787598,0.12594984471797943,104.44615,104.44615,104.44615,13.1549762514989,13.1549762514989,13.1549762514989,88.0,60.0,148.0
001972,train,126.207275390625,9.021239280700684,0.07147955149412155,126.207275,126.207275,126.207275,9.021239497672978,9.021239497672978,9.021239497672978,66.0,99.0,165.0
001973,train,99.81265258789062,11.758275985717773,0.11780346184968948,99.81265,99.81265,99.81265,11.758275808021345,11.758275808021345,11.758275808021345,76.0,73.0,149.0
001979,train,109.2291030883789,7.332162857055664,0.06712646037340164,109.2291,109.2291,109.2291,7.332162927131393,7.332162927131393,7.332162927131393,52.0,85.0,137.0
001974,train,96.79552459716797,10.202912330627441,0.10540685802698135,96.795525,96.795525,96.795525,10.202912083046437,10.202912083046437,10.202912083046437,59.0,70.0,129.0
001975,train,91.42787170410156,10.410290718078613,0.11386342346668243,91.427875,91.427875,91.427875,10.410290485110153,10.410290485110153,10.410290485110153,58.0,66.0,124.0
001978,train,87.37030029296875,8.471181869506836,0.09695722162723541,87.3703,87.3703,87.3703,8.471182202620836,8.471182202620836,8.471182202620836,50.0,65.0,115.0
001976,train,84.58439636230469,9.533791542053223,0.11271335929632187,84.5844,84.5844,84.5844,9.533791304617488,9.533791304617488,9.533791304617488,53.0,60.0,113.0
001977,train,72.96122741699219,9.016417503356934,0.12357820570468903,72.961225,72.961225,72.961225,9.016416777155712,9.016416777155712,9.016416777155712,44.0,54.0,98.0
001980,train,107.02312469482422,12.214487075805664,0.11412941664457321,107.023125,107.023125,107.023125,12.214486900167973,12.214486900167973,12.214486900167973,71.0,72.0,143.0
001984,train,69.21804809570312,8.954244613647461,0.12936286628246307,69.21805,69.21805,69.21805,8.954245037829821,8.954245037829821,8.954245037829821,49.0,46.0,95.0
001981,train,116.17379760742188,12.223254203796387,0.10521524399518967,116.1738,116.1738,116.1738,12.223254213179075,12.223254213179075,12.223254213179075,71.0,73.0,144.0
001986,train,87.91587829589844,10.883336067199707,0.1237926110625267,87.915875,87.915875,87.915875,10.883335793054213,10.883335793054213,10.883335793054213,58.0,63.0,121.0
001982,train,122.6396255493164,6.6916184425354,0.054563265293836594,122.639625,122.639625,122.639625,6.691618254157585,6.691618254157585,6.691618254157585,49.0,95.0,144.0
001987,train,137.0531768798828,35.56144714355469,0.2594718933105469,137.053175,137.053175,137.053175,35.56144678467645,35.56144678467645,35.56144678467645,153.0,67.0,220.0
001985,train,96.1960220336914,12.803948402404785,0.133102685213089,96.196025,96.196025,96.196025,12.803948578441535,12.803948578441535,12.803948578441535,68.0,62.0,130.0
001983,train,111.07677459716797,8.801322937011719,0.07923639565706253,111.076775,111.076775,111.076775,8.801322661928433,8.801322661928433,8.801322661928433,64.0,82.0,146.0
001988,train,137.29530334472656,33.207672119140625,0.24187041819095612,137.2953,137.2953,137.2953,33.20767152195408,33.20767152195408,33.20767152195408,124.0,90.0,214.0
001989,train,197.044921875,22.4243106842041,0.11380303651094437,197.044925,197.044925,197.044925,22.42431061915561,22.42431061915561,22.42431061915561,102.0,148.0,250.0
001990,train,190.60174560546875,23.32257080078125,0.12236283719539642,190.60175,190.60175,190.60175,23.322571619302618,23.322571619302618,23.322571619302618,112.0,137.0,249.0
001991,train,182.06654357910156,32.44645690917969,0.17821207642555237,182.06655,182.06655,182.06655,32.44645775886021,32.44645775886021,32.44645775886021,160.0,95.0,255.0
001994,train,215.9221954345703,20.80230140686035,0.09634165465831757,215.9222,215.9222,215.9222,20.80230148709512,20.80230148709512,20.80230148709512,110.0,145.0,255.0
001992,train,173.12747192382812,27.292421340942383,0.15764349699020386,173.127475,173.127475,173.127475,27.292420653441038,27.292420653441038,27.292420653441038,145.0,98.0,243.0
001993,train,195.41236877441406,24.5572509765625,0.12566886842250824,195.412375,195.412375,195.412375,24.557251919939556,24.557251919939556,24.557251919939556,137.0,118.0,255.0
001995,train,221.41397094726562,20.623098373413086,0.09314271807670593,221.413975,221.413975,221.413975,20.623097480722315,20.623097480722315,20.623097480722315,107.0,148.0,255.0
001999,train,178.02537536621094,32.52231979370117,0.18268361687660217,178.025375,178.025375,178.025375,32.52231973751834,32.52231973751834,32.52231973751834,147.0,101.0,248.0
001996,train,202.87347412109375,22.84699821472168,0.11261697858572006,202.873475,202.873475,202.873475,22.84699687977339,22.84699687977339,22.84699687977339,110.0,145.0,255.0
001998,train,218.93617248535156,21.39842414855957,0.09773818403482437,218.936175,218.936175,218.936175,21.398424039386054,21.398424039386054,21.398424039386054,108.0,147.0,255.0
002001,train,196.50701904296875,24.9766902923584,0.1271032989025116,196.507025,196.507025,196.507025,24.97668914506835,24.97668914506835,24.97668914506835,135.0,118.0,253.0
001997,train,232.6488494873047,15.387993812561035,0.06614257395267487,232.64885,232.64885,232.64885,15.387993490949363,15.387993490949363,15.387993490949363,98.0,157.0,255.0
002000,train,233.40061950683594,18.262081146240234,0.07824350148439407,233.400625,233.400625,233.400625,18.262081606689172,18.262081606689172,18.262081606689172,73.0,182.0,255.0
002002,train,221.9456024169922,20.629798889160156,0.09294980019330978,221.9456,221.9456,221.9456,20.6297998206478,20.6297998206478,20.6297998206478,100.0,155.0,255.0
002003,train,186.3294219970703,26.36791229248047,0.14151233434677124,186.329425,186.329425,186.329425,26.36791239687691,26.36791239687691,26.36791239687691,135.0,116.0,251.0
002006,train,150.25892639160156,36.509056091308594,0.24297429621219635,150.258925,150.258925,150.258925,36.50905617575419,36.50905617575419,36.50905617575419,165.0,62.0,227.0
002004,train,177.89430236816406,32.62507629394531,0.1833958476781845,177.8943,177.8943,177.8943,32.62507513416636,32.62507513416636,32.62507513416636,148.0,105.0,253.0
002005,train,164.3370819091797,36.38737487792969,0.22141914069652557,164.337075,164.337075,164.337075,36.38737494577446,36.38737494577446,36.38737494577446,156.0,89.0,245.0
002007,train,161.8129425048828,28.210084915161133,0.17433762550354004,161.81295,161.81295,161.81295,28.21008618025652,28.21008618025652,28.21008618025652,127.0,95.0,222.0
002009,train,159.99725341796875,30.246662139892578,0.18904487788677216,159.99725,159.99725,159.99725,30.246663327340755,30.246663327340755,30.246663327340755,124.0,102.0,226.0
002008,train,193.01303100585938,25.135108947753906,0.13022492825984955,193.013025,193.013025,193.013025,25.13511001267699,25.13511001267699,25.13511001267699,122.0,131.0,253.0
002011,train,228.24237060546875,15.628559112548828,0.06847352534532547,228.242375,228.242375,228.242375,15.628558134369754,15.628558134369754,15.628558134369754,69.0,186.0,255.0
002010,train,178.90907287597656,28.583797454833984,0.15976718068122864,178.909075,178.909075,178.909075,28.583797991945982,28.583797991945982,28.583797991945982,125.0,118.0,243.0
002012,train,127.4593505859375,35.41810607910156,0.27787765860557556,127.45935,127.45935,127.45935,35.4181055052003,35.4181055052003,35.4181055052003,156.0,61.0,217.0
002013,train,180.39602661132812,30.467023849487305,0.16888965666294098,180.396025,180.396025,180.396025,30.46702297894192,30.46702297894192,30.46702297894192,141.0,101.0,242.0
002016,train,189.8527069091797,26.14215850830078,0.13769705593585968,189.8527,189.8527,189.8527,26.14215948826722,26.14215948826722,26.14215948826722,107.0,136.0,243.0
002014,train,162.38502502441406,27.713228225708008,0.17066369950771332,162.385025,162.385025,162.385025,27.713230247471607,27.713230247471607,27.713230247471607,113.0,108.0,221.0
002015,train,174.13467407226562,27.67404556274414,0.15892323851585388,174.134675,174.134675,174.134675,27.674046282471505,27.674046282471505,27.674046282471505,114.0,116.0,230.0
002018,train,102.31057739257812,13.639522552490234,0.13331487774848938,102.310575,102.310575,102.310575,13.63952228523327,13.63952228523327,13.63952228523327,74.0,69.0,143.0
002019,train,138.59222412109375,12.926973342895508,0.09327343851327896,138.592225,138.592225,138.592225,12.926973526288936,12.926973526288936,12.926973526288936,78.0,104.0,182.0
002017,train,154.24636840820312,27.586822509765625,0.17884908616542816,154.246375,154.246375,154.246375,27.58682338290103,27.58682338290103,27.58682338290103,130.0,91.0,221.0
002020,train,142.9241180419922,8.667206764221191,0.06064201518893242,142.924125,142.924125,142.924125,8.667206469467255,8.667206469467255,8.667206469467255,58.0,110.0,168.0
002023,train,104.30545043945312,16.268226623535156,0.15596717596054077,104.30545,104.30545,104.30545,16.268226710293288,16.268226710293288,16.268226710293288,67.0,71.0,138.0
002022,train,103.2699966430664,14.693047523498535,0.14227798581123352,103.27,103.27,103.27,14.693047675686621,14.693047675686621,14.693047675686621,77.0,64.0,141.0
002021,train,142.47117614746094,9.305937767028809,0.0653180405497551,142.471175,142.471175,142.471175,9.305937304719766,9.305937304719766,9.305937304719766,63.0,109.0,172.0
002024,train,100.80607604980469,15.0663423538208,0.14945867657661438,100.806075,100.806075,100.806075,15.066342226777374,15.066342226777374,15.066342226777374,82.0,63.0,145.0
002026,train,106.2490005493164,16.704824447631836,0.15722335875034332,106.249,106.249,106.249,16.704824123587773,16.704824123587773,16.704824123587773,90.0,56.0,146.0
002025,train,75.2219009399414,13.581734657287598,0.1805555820465088,75.2219,75.2219,75.2219,13.581734439680377,13.581734439680377,13.581734439680377,75.0,36.0,111.0
002027,train,119.89900207519531,15.398954391479492,0.1284327208995819,119.899,119.899,119.899,15.398954477496192,15.398954477496192,15.398954477496192,88.0,70.0,158.0
002028,train,104.13367462158203,16.140871047973633,0.1550014615058899,104.133675,104.133675,104.133675,16.140870670269774,16.140870670269774,16.140870670269774,81.0,61.0,142.0
002029,train,49.877349853515625,10.510114669799805,0.21071918308734894,49.87735,49.87735,49.87735,10.510114508296281,10.510114508296281,10.510114508296281,46.0,27.0,73.0
002030,train,87.12550354003906,15.299571990966797,0.17560382187366486,87.1255,87.1255,87.1255,15.299571881265175,15.299571881265175,15.299571881265175,71.0,60.0,131.0
002031,train,59.76042556762695,10.88587760925293,0.18215863406658173,59.760425,59.760425,59.760425,10.885877494229623,10.885877494229623,10.885877494229623,58.0,36.0,94.0
002032,train,117.83364868164062,15.404426574707031,0.1307302862405777,117.83365,117.83365,117.83365,15.404427210302238,15.404427210302238,15.404427210302238,80.0,85.0,165.0
002034,train,57.90454864501953,10.628548622131348,0.18355292081832886,57.90455,57.90455,57.90455,10.62854831562147,10.62854831562147,10.62854831562147,50.0,35.0,85.0
002033,train,95.01730346679688,14.323850631713867,0.15074992179870605,95.0173,95.0173,95.0173,14.323850764022922,14.323850764022922,14.323850764022922,117.0,62.0,179.0
002037,train,137.27224731445312,12.758039474487305,0.09293968230485916,137.27225,137.27225,137.27225,12.758039815641743,12.758039815641743,12.758039815641743,83.0,91.0,174.0
002039,train,126.09024810791016,14.429778099060059,0.11444008350372314,126.09025,126.09025,126.09025,14.429778409161383,14.429778409161383,14.429778409161383,91.0,90.0,181.0
002036,train,90.8427963256836,12.88972282409668,0.14189042150974274,90.8428,90.8428,90.8428,12.889722190955087,12.889722190955087,12.889722190955087,69.0,53.0,122.0
002038,train,89.25779724121094,12.701972007751465,0.14230658113956451,89.2578,89.2578,89.2578,12.701971861093066,12.701971861093066,12.701971861093066,65.0,63.0,128.0
002035,train,88.54115295410156,13.546494483947754,0.15299658477306366,88.54115,88.54115,88.54115,13.54649425783291,13.54649425783291,13.54649425783291,80.0,50.0,130.0
002040,train,122.75655364990234,12.457818031311035,0.10148393362760544,122.75655,122.75655,122.75655,12.45781811143107,12.45781811143107,12.45781811143107,85.0,78.0,163.0
002041,train,85.2843246459961,11.573485374450684,0.13570472598075867,85.284325,85.284325,85.284325,11.573486263627524,11.573486263627524,11.573486263627524,68.0,59.0,127.0
002042,train,108.01427459716797,12.27170467376709,0.11361187696456909,108.014275,108.014275,108.014275,12.271704088038263,12.271704088038263,12.271704088038263,94.0,69.0,163.0
002044,train,82.07657623291016,15.083036422729492,0.18376785516738892,82.076575,82.076575,82.076575,15.08303720307601,15.08303720307601,15.08303720307601,104.0,44.0,148.0
002043,train,105.07722473144531,16.54521369934082,0.15745766460895538,105.077225,105.077225,105.077225,16.545214150907054,16.545214150907054,16.545214150907054,148.0,59.0,207.0
002045,train,84.38392639160156,13.593727111816406,0.1610938012599945,84.383925,84.383925,84.383925,13.593727472418117,13.593727472418117,13.593727472418117,66.0,54.0,120.0
002047,train,83.50042724609375,10.674005508422852,0.12783174216747284,83.500425,83.500425,83.500425,10.674005800044096,10.674005800044096,10.674005800044096,83.0,45.0,128.0
002048,train,68.2385482788086,11.341790199279785,0.16620796918869019,68.23855,68.23855,68.23855,11.341789713158148,11.341789713158148,11.341789713158148,62.0,36.0,98.0
002046,train,97.10112762451172,14.445603370666504,0.14876864850521088,97.101125,97.101125,97.101125,14.445603093480557,14.445603093480557,14.445603093480557,80.0,58.0,138.0
002049,train,83.52739715576172,13.906871795654297,0.1664947271347046,83.5274,83.5274,83.5274,13.906872374477302,13.906872374477302,13.906872374477302,89.0,40.0,129.0
002050,train,98.18154907226562,16.53045082092285,0.16836616396903992,98.18155,98.18155,98.18155,16.53045037491417,16.53045037491417,16.53045037491417,69.0,66.0,135.0
002052,train,119.74510192871094,10.424748420715332,0.08705782890319824,119.7451,119.7451,119.7451,10.424748245881048,10.424748245881048,10.424748245881048,76.0,78.0,154.0
002051,train,118.54834747314453,12.376805305480957,0.10440301895141602,118.54835,118.54835,118.54835,12.376805414867764,12.376805414867764,12.376805414867764,81.0,66.0,147.0
002053,train,92.89717864990234,10.474542617797852,0.11275415122509003,92.897175,92.897175,92.897175,10.474543045850497,10.474543045850497,10.474543045850497,79.0,47.0,126.0
002057,train,217.10499572753906,18.628122329711914,0.08580236881971359,217.105,217.105,217.105,18.628123228065675,18.628123228065675,18.628123228065675,93.0,162.0,255.0
002055,train,94.33619689941406,9.020421981811523,0.09561994671821594,94.3362,94.3362,94.3362,9.020422360399762,9.020422360399762,9.020422360399762,73.0,52.0,125.0
002056,train,61.82215118408203,9.020743370056152,0.14591442048549652,61.82215,61.82215,61.82215,9.02074383726198,9.02074383726198,9.02074383726198,56.0,34.0,90.0
002054,train,76.91654968261719,10.958456993103027,0.1424720287322998,76.91655,76.91655,76.91655,10.958457286383881,10.958457286383881,10.958457286383881,55.0,52.0,107.0
002058,train,141.60472106933594,15.344616889953613,0.10836232453584671,141.604725,141.604725,141.604725,15.344617384424252,15.344617384424252,15.344617384424252,102.0,81.0,183.0
002060,train,136.8424072265625,11.299671173095703,0.08257433772087097,136.8424,136.8424,136.8424,11.299670890782616,11.299670890782616,11.299670890782616,82.0,87.0,169.0
002059,train,142.4590301513672,13.077840805053711,0.09180071204900742,142.459025,142.459025,142.459025,13.077840840497142,13.077840840497142,13.077840840497142,96.0,86.0,182.0
002063,train,166.44236755371094,47.869346618652344,0.28760313987731934,166.442375,166.442375,166.442375,47.869348537027065,47.869348537027065,47.869348537027065,225.0,30.0,255.0
002061,train,161.7709503173828,55.76218032836914,0.34469833970069885,161.77095,161.77095,161.77095,55.76218195244426,55.76218195244426,55.76218195244426,234.0,21.0,255.0
002062,train,122.04920196533203,42.85789108276367,0.35115256905555725,122.0492,122.0492,122.0492,42.85788993126003,42.85788993126003,42.85788993126003,238.0,17.0,255.0
002064,train,156.0769805908203,48.02490234375,0.30770009756088257,156.076975,156.076975,156.076975,48.024903434045285,48.024903434045285,48.024903434045285,243.0,12.0,255.0
002065,train,174.125,64.65885162353516,0.37133583426475525,174.125,174.125,174.125,64.65884606919613,64.65884606919613,64.65884606919613,233.0,22.0,255.0
002067,train,111.77912139892578,55.67263412475586,0.49805933237075806,111.779125,111.779125,111.779125,55.67263321627939,55.67263321627939,55.67263321627939,238.0,17.0,255.0
002066,train,177.0137481689453,71.64958190917969,0.4047684669494629,177.01375,177.01375,177.01375,71.6495866068849,71.6495866068849,71.6495866068849,233.0,22.0,255.0
002068,train,156.27267456054688,56.79564666748047,0.3634394109249115,156.272675,156.272675,156.272675,56.7956466055663,56.7956466055663,56.7956466055663,231.0,24.0,255.0
002069,train,112.92859649658203,60.64487075805664,0.5370196104049683,112.9286,112.9286,112.9286,60.644872017673514,60.644872017673514,60.644872017673514,240.0,15.0,255.0
002070,train,162.32566833496094,63.98920822143555,0.39420264959335327,162.325675,162.325675,162.325675,63.98920854952321,63.98920854952321,63.98920854952321,255.0,0.0,255.0
002071,train,114.84449768066406,57.62614059448242,0.5017753839492798,114.8445,114.8445,114.8445,57.62613920565909,57.62613920565909,57.62613920565909,237.0,18.0,255.0
002073,train,70.20747375488281,52.95115280151367,0.7542096376419067,70.207475,70.207475,70.207475,52.951151820563595,52.951151820563595,52.951151820563595,255.0,0.0,255.0
002072,train,160.9583282470703,61.66520690917969,0.3831128776073456,160.958325,160.958325,160.958325,61.66520524732221,61.66520524732221,61.66520524732221,230.0,25.0,255.0
002074,train,121.57710266113281,45.57561111450195,0.37487003207206726,121.5771,121.5771,121.5771,45.57561305775272,45.57561305775272,45.57561305775272,253.0,2.0,255.0
002077,train,166.44187927246094,70.22195434570312,0.42190074920654297,166.441875,166.441875,166.441875,70.22195362907796,70.22195362907796,70.22195362907796,255.0,0.0,255.0
002079,train,85.81212615966797,61.9913330078125,0.7224076390266418,85.812125,85.812125,85.812125,61.99133147452452,61.99133147452452,61.99133147452452,255.0,0.0,255.0
002076,train,127.7531967163086,68.19978332519531,0.5338401198387146,127.7532,127.7532,127.7532,68.19978254921347,68.19978254921347,68.19978254921347,255.0,0.0,255.0
002078,train,162.44873046875,72.1323471069336,0.4440314471721649,162.448725,162.448725,162.448725,72.1323472574848,72.1323472574848,72.1323472574848,255.0,0.0,255.0
002075,train,138.56527709960938,54.65409851074219,0.3944285213947296,138.565275,138.565275,138.565275,54.65409718561249,54.65409718561249,54.65409718561249,245.0,10.0,255.0
002080,train,37.01525115966797,31.06239891052246,0.8391783833503723,37.01525,37.01525,37.01525,31.06239877146483,31.06239877146483,31.06239877146483,149.0,0.0,149.0
002081,train,102.20054626464844,57.21102523803711,0.5597918033599854,102.20055,102.20055,102.20055,57.21102498380448,57.21102498380448,57.21102498380448,255.0,0.0,255.0
002082,train,48.52519989013672,32.842445373535156,0.6768121719360352,48.5252,48.5252,48.5252,32.84244380310332,32.84244380310332,32.84244380310332,177.0,0.0,177.0
002083,train,175.91802978515625,60.753997802734375,0.34535402059555054,175.918025,175.918025,175.918025,60.75399661832442,60.75399661832442,60.75399661832442,251.0,4.0,255.0
002084,train,187.7061004638672,54.155155181884766,0.28851035237312317,187.7061,187.7061,187.7061,54.15515508970499,54.15515508970499,54.15515508970499,255.0,0.0,255.0
002086,train,178.49867248535156,66.62054443359375,0.3732271194458008,178.498675,178.498675,178.498675,66.6205426144547,66.6205426144547,66.6205426144547,255.0,0.0,255.0
002085,train,196.90206909179688,61.26752471923828,0.31115734577178955,196.902075,196.902075,196.902075,61.26752594722897,61.26752594722897,61.26752594722897,255.0,0.0,255.0
002088,train,179.39524841308594,71.37374114990234,0.3978574872016907,179.39525,179.39525,179.39525,71.37373976076564,71.37373976076564,71.37373976076564,252.0,3.0,255.0
002089,train,206.97177124023438,44.142330169677734,0.21327705681324005,206.971775,206.971775,206.971775,44.14232808030604,44.14232808030604,44.14232808030604,230.0,25.0,255.0
002087,train,194.89434814453125,51.1052131652832,0.2622200846672058,194.89435,194.89435,194.89435,51.10521047875158,51.10521047875158,51.10521047875158,245.0,10.0,255.0
002090,train,199.953857421875,61.39940643310547,0.30706787109375,199.95385,199.95385,199.95385,61.39940732757524,61.39940732757524,61.39940732757524,255.0,0.0,255.0
002092,train,213.32891845703125,62.02240753173828,0.29073604941368103,213.328925,213.328925,213.328925,62.02240549466277,62.02240549466277,62.02240549466277,228.0,27.0,255.0
002093,train,198.2180938720703,62.08819580078125,0.3132317364215851,198.2181,198.2181,198.2181,62.08819479087792,62.08819479087792,62.08819479087792,247.0,8.0,255.0
002091,train,177.5727996826172,70.39964294433594,0.3964551091194153,177.5728,177.5728,177.5728,70.39964275591177,70.39964275591177,70.39964275591177,241.0,14.0,255.0
002094,train,190.90499877929688,57.70668029785156,0.3022795617580414,190.905,190.905,190.905,57.70667920613696,57.70667920613696,57.70667920613696,255.0,0.0,255.0
002096,train,140.63372802734375,71.57272338867188,0.5089300274848938,140.633725,140.633725,140.633725,71.57272293006865,71.57272293006865,71.57272293006865,248.0,7.0,255.0
002095,train,150.28182983398438,55.763729095458984,0.3710610270500183,150.281825,150.281825,150.281825,55.76372790326499,55.76372790326499,55.76372790326499,255.0,0.0,255.0
002097,train,184.05838012695312,72.3289794921875,0.3929676115512848,184.058375,184.058375,184.058375,72.32898324571813,72.32898324571813,72.32898324571813,230.0,25.0,255.0
002098,train,205.1737518310547,53.853702545166016,0.2624785304069519,205.17375,205.17375,205.17375,53.853702388392016,53.853702388392016,53.853702388392016,247.0,8.0,255.0
002102,train,158.01205444335938,71.47885131835938,0.4523632824420929,158.01205,158.01205,158.01205,71.47884830351913,71.47884830351913,71.47884830351913,245.0,10.0,255.0
002099,train,147.09544372558594,65.30453491210938,0.4439602792263031,147.09545,147.09545,147.09545,65.30453536545146,65.30453536545146,65.30453536545146,255.0,0.0,255.0
002100,train,223.31085205078125,52.487518310546875,0.23504239320755005,223.31085,223.31085,223.31085,52.48752063374207,52.48752063374207,52.48752063374207,230.0,25.0,255.0
002101,train,204.66517639160156,49.83515167236328,0.24349600076675415,204.665175,204.665175,204.665175,49.835151923309866,49.835151923309866,49.835151923309866,243.0,12.0,255.0
002103,train,195.1072235107422,65.91526794433594,0.3378412425518036,195.107225,195.107225,195.107225,65.91526513486367,65.91526513486367,65.91526513486367,242.0,13.0,255.0
002104,train,150.43760681152344,57.582183837890625,0.3827645480632782,150.4376,150.4376,150.4376,57.58218306247167,57.58218306247167,57.58218306247167,235.0,20.0,255.0
002105,train,208.05270385742188,62.51444625854492,0.30047407746315,208.0527,208.0527,208.0527,62.51444531234361,62.51444531234361,62.51444531234361,226.0,29.0,255.0
002107,train,214.59347534179688,52.41975021362305,0.24427467584609985,214.593475,214.593475,214.593475,52.41974830561833,52.41974830561833,52.41974830561833,250.0,5.0,255.0
002108,train,181.8201446533203,67.66695404052734,0.37216421961784363,181.82015,181.82015,181.82015,67.66695466752955,67.66695466752955,67.66695466752955,236.0,19.0,255.0
002109,train,209.3110809326172,56.1580810546875,0.2682996094226837,209.311075,209.311075,209.311075,56.1580809620875,56.1580809620875,56.1580809620875,238.0,17.0,255.0
002106,train,161.06390380859375,55.64834976196289,0.3455047905445099,161.0639,161.0639,161.0639,55.648351429220256,55.648351429220256,55.648351429220256,255.0,0.0,255.0
002110,train,187.6590576171875,58.03205490112305,0.3092419505119324,187.65905,187.65905,187.65905,58.03204979231304,58.03204979231304,58.03204979231304,239.0,16.0,255.0
002111,train,194.20132446289062,43.785430908203125,0.2254641205072403,194.201325,194.201325,194.201325,43.785429577022256,43.785429577022256,43.785429577022256,246.0,9.0,255.0
002112,train,189.81002807617188,40.20062255859375,0.21179398894309998,189.810025,189.810025,189.810025,40.20062355858892,40.20062355858892,40.20062355858892,219.0,36.0,255.0
002115,train,66.17214965820312,26.046302795410156,0.393614262342453,66.17215,66.17215,66.17215,26.04630327661682,26.04630327661682,26.04630327661682,160.0,0.0,160.0
002114,train,149.5482177734375,46.36563491821289,0.3100380301475525,149.548225,149.548225,149.548225,46.365636244414624,46.365636244414624,46.365636244414624,229.0,26.0,255.0
002113,train,193.82212829589844,39.573604583740234,0.20417484641075134,193.822125,193.822125,193.822125,39.57360339272095,39.57360339272095,39.57360339272095,255.0,0.0,255.0
002117,train,160.44679260253906,48.882347106933594,0.30466389656066895,160.4468,160.4468,160.4468,48.88234875453511,48.88234875453511,48.88234875453511,231.0,24.0,255.0
002116,train,155.98875427246094,47.205223083496094,0.30261939764022827,155.98875,155.98875,155.98875,47.20522559460446,47.20522559460446,47.20522559460446,235.0,20.0,255.0
002118,train,151.0291748046875,42.33649444580078,0.2803199887275696,151.029175,151.029175,151.029175,42.336495176376786,42.336495176376786,42.336495176376786,242.0,13.0,255.0
002119,train,168.85987854003906,49.86225128173828,0.29528772830963135,168.859875,168.859875,168.859875,49.86225165377487,49.86225165377487,49.86225165377487,246.0,9.0,255.0
002120,train,102.11129760742188,47.5645751953125,0.4658111035823822,102.1113,102.1113,102.1113,47.564576233894904,47.564576233894904,47.564576233894904,252.0,3.0,255.0
002122,train,87.49332427978516,25.94465446472168,0.2965329587459564,87.493325,87.493325,87.493325,25.944655623931013,25.944655623931013,25.944655623931013,216.0,7.0,223.0
002123,train,171.5531463623047,47.427616119384766,0.276460200548172,171.55315,171.55315,171.55315,47.42761458346287,47.42761458346287,47.42761458346287,248.0,7.0,255.0
002124,train,127.81289672851562,54.36553955078125,0.425352543592453,127.8129,127.8129,127.8129,54.36554049754311,54.36554049754311,54.36554049754311,255.0,0.0,255.0
002121,train,110.44384765625,55.469852447509766,0.5022448301315308,110.44385,110.44385,110.44385,55.469853949487735,55.469853949487735,55.469853949487735,255.0,0.0,255.0
002125,train,169.1053924560547,54.40190887451172,0.3217041492462158,169.1054,169.1054,169.1054,54.401907970585,54.401907970585,54.401907970585,241.0,14.0,255.0
002126,train,155.5798797607422,55.830528259277344,0.35885441303253174,155.579875,155.579875,155.579875,55.83052722287669,55.83052722287669,55.83052722287669,235.0,20.0,255.0
002127,train,135.55458068847656,43.44609832763672,0.3205063045024872,135.554575,135.554575,135.554575,43.44610018827208,43.44610018827208,43.44610018827208,247.0,8.0,255.0
002129,train,168.33334350585938,60.19694519042969,0.35760560631752014,168.33335,168.33335,168.33335,60.19694409002421,60.19694409002421,60.19694409002421,231.0,24.0,255.0
002128,train,161.87767028808594,54.24759292602539,0.3351147472858429,161.877675,161.877675,161.877675,54.24759268017683,54.24759268017683,54.24759268017683,239.0,16.0,255.0
002130,train,154.4333038330078,55.77288055419922,0.36114540696144104,154.4333,154.4333,154.4333,55.7728796200268,55.7728796200268,55.7728796200268,236.0,19.0,255.0
002131,train,153.0467071533203,62.53727722167969,0.4086156189441681,153.0467,153.0467,153.0467,62.53727743602211,62.53727743602211,62.53727743602211,235.0,20.0,255.0
002132,train,184.98973083496094,52.219451904296875,0.2822829782962799,184.989725,184.989725,184.989725,52.21945202148692,52.21945202148692,52.21945202148692,239.0,16.0,255.0
002133,train,133.90170288085938,53.620994567871094,0.4004504382610321,133.9017,133.9017,133.9017,53.62099670008009,53.62099670008009,53.62099670008009,238.0,17.0,255.0
002134,train,136.5476531982422,66.41877746582031,0.4864146411418915,136.54765,136.54765,136.54765,66.41877429972267,66.41877429972267,66.41877429972267,240.0,15.0,255.0
002135,train,127.75452423095703,48.29949951171875,0.3780648708343506,127.754525,127.754525,127.754525,48.29950120885696,48.29950120885696,48.29950120885696,242.0,13.0,255.0
002137,train,152.93177795410156,60.73683547973633,0.39714986085891724,152.931775,152.931775,152.931775,60.73683289692816,60.73683289692816,60.73683289692816,239.0,16.0,255.0
002138,train,113.6010971069336,51.39103698730469,0.45238152146339417,113.6011,113.6011,113.6011,51.39103889580362,51.39103889580362,51.39103889580362,244.0,11.0,255.0
002136,train,141.31375122070312,50.760616302490234,0.35920506715774536,141.31375,141.31375,141.31375,50.76061623874852,50.76061623874852,50.76061623874852,231.0,24.0,255.0
002140,train,128.02169799804688,57.076297760009766,0.4458329975605011,128.0217,128.0217,128.0217,57.07629787494981,57.07629787494981,57.07629787494981,241.0,14.0,255.0
002141,train,99.28279876708984,41.8636360168457,0.42166051268577576,99.2828,99.2828,99.2828,41.86363665712763,41.86363665712763,41.86363665712763,242.0,5.0,247.0
002139,train,124.26335144042969,59.37656021118164,0.47782841324806213,124.26335,124.26335,124.26335,59.37656184705797,59.37656184705797,59.37656184705797,243.0,12.0,255.0
002142,train,78.48470306396484,38.644615173339844,0.49238404631614685,78.4847,78.4847,78.4847,38.644616260353786,38.644616260353786,38.644616260353786,225.0,2.0,227.0
002143,train,95.59455108642578,54.06584548950195,0.5655745267868042,95.59455,95.59455,95.59455,54.06584698585143,54.06584698585143,54.06584698585143,252.0,3.0,255.0
002146,train,72.1489028930664,31.29435157775879,0.4337467551231384,72.1489,72.1489,72.1489,31.29435138791025,31.29435138791025,31.29435138791025,174.0,0.0,174.0
002144,train,167.28085327148438,33.33805847167969,0.19929392635822296,167.28085,167.28085,167.28085,33.33805818096639,33.33805818096639,33.33805818096639,228.0,27.0,255.0
002148,train,100.70259857177734,47.783267974853516,0.4744988679885864,100.7026,100.7026,100.7026,47.78326907234372,47.78326907234372,47.78326907234372,246.0,9.0,255.0
002145,train,128.22267150878906,48.03400421142578,0.3746139705181122,128.222675,128.222675,128.222675,48.03400452642248,48.03400452642248,48.03400452642248,245.0,10.0,255.0
002147,train,35.58147430419922,17.3306941986084,0.4870707094669342,35.581475,35.581475,35.581475,17.330694210688012,17.330694210688012,17.330694210688012,90.0,0.0,90.0
002149,train,92.57042694091797,51.82680892944336,0.5598635673522949,92.570425,92.570425,92.570425,51.82681005347884,51.82681005347884,51.82681005347884,250.0,0.0,250.0
002150,train,119.4197006225586,55.33916091918945,0.46340060234069824,119.4197,119.4197,119.4197,55.33916110594739,55.33916110594739,55.33916110594739,255.0,0.0,255.0
002152,train,178.55332946777344,52.073726654052734,0.291642427444458,178.553325,178.553325,178.553325,52.0737290430057,52.0737290430057,52.0737290430057,240.0,15.0,255.0
002151,train,116.31185150146484,59.065757751464844,0.5078223347663879,116.31185,116.31185,116.31185,59.06575657330988,59.06575657330988,59.06575657330988,250.0,5.0,255.0
002153,train,151.87782287597656,46.5280876159668,0.30635207891464233,151.877825,151.877825,151.877825,46.528086123000755,46.528086123000755,46.528086123000755,232.0,23.0,255.0
002154,train,163.498046875,56.9432487487793,0.3482809066772461,163.49805,163.49805,163.49805,56.94324978605893,56.94324978605893,56.94324978605893,240.0,15.0,255.0
002155,train,116.31185150146484,59.065757751464844,0.5078223347663879,116.31185,116.31185,116.31185,59.06575657330988,59.06575657330988,59.06575657330988,250.0,5.0,255.0
002156,train,54.55514907836914,22.798606872558594,0.4179001748561859,54.55515,54.55515,54.55515,22.798607599533355,22.798607599533355,22.798607599533355,152.0,0.0,152.0
002157,train,138.65084838867188,40.15364074707031,0.2896025478839874,138.65085,138.65085,138.65085,40.15364359902473,40.15364359902473,40.15364359902473,230.0,25.0,255.0
002158,train,143.0894317626953,70.33061218261719,0.49151507019996643,143.089425,143.089425,143.089425,70.33061231191846,70.33061231191846,70.33061231191846,233.0,22.0,255.0
002162,train,141.26551818847656,70.80396270751953,0.501211941242218,141.265525,141.265525,141.265525,70.80395978668406,70.80395978668406,70.80395978668406,252.0,3.0,255.0
002159,train,125.38197326660156,43.4171257019043,0.3462788462638855,125.381975,125.381975,125.381975,43.417125884832295,43.417125884832295,43.417125884832295,235.0,20.0,255.0
002163,train,180.15879821777344,59.706298828125,0.3314092755317688,180.1588,180.1588,180.1588,59.70630270381846,59.70630270381846,59.70630270381846,249.0,6.0,255.0
002160,train,171.368896484375,59.37628936767578,0.3464823067188263,171.3689,171.3689,171.3689,59.37628788321143,59.37628788321143,59.37628788321143,234.0,21.0,255.0
002164,train,127.4646987915039,65.5420150756836,0.5141974091529846,127.4647,127.4647,127.4647,65.5420086960264,65.5420086960264,65.5420086960264,238.0,17.0,255.0
002161,train,146.0407257080078,71.85514068603516,0.49202126264572144,146.040725,146.040725,146.040725,71.85514537230006,71.85514537230006,71.85514537230006,250.0,5.0,255.0
002165,train,115.58657836914062,56.380096435546875,0.48777371644973755,115.586575,115.586575,115.586575,56.38009449060346,56.38009449060346,56.38009449060346,242.0,13.0,255.0
002168,train,105.99727630615234,54.33918762207031,0.5126470327377319,105.997275,105.997275,105.997275,54.339185838346665,54.339185838346665,54.339185838346665,234.0,21.0,255.0
002166,train,125.2843017578125,64.2428970336914,0.5127769112586975,125.2843,125.2843,125.2843,64.24289317512093,64.24289317512093,64.24289317512093,239.0,16.0,255.0
002169,train,99.72737121582031,60.004600524902344,0.6016863584518433,99.727375,99.727375,99.727375,60.00459941212319,60.00459941212319,60.00459941212319,251.0,4.0,255.0
002167,train,44.114173889160156,20.885845184326172,0.4734497666358948,44.114175,44.114175,44.114175,20.88584422687709,20.88584422687709,20.88584422687709,107.0,0.0,107.0
002170,train,116.97209930419922,60.922691345214844,0.5208309888839722,116.9721,116.9721,116.9721,60.92268971073093,60.92268971073093,60.92268971073093,239.0,16.0,255.0
002171,train,151.54119873046875,52.62574005126953,0.3472701907157898,151.5412,151.5412,151.5412,52.62574039916208,52.62574039916208,52.62574039916208,237.0,18.0,255.0
002173,train,83.64482879638672,39.04884338378906,0.46684110164642334,83.644825,83.644825,83.644825,39.04884474244244,39.04884474244244,39.04884474244244,211.0,8.0,219.0
002172,train,44.20050048828125,25.138628005981445,0.5687407851219177,44.2005,44.2005,44.2005,25.13862863701996,25.13862863701996,25.13862863701996,136.0,0.0,136.0
002178,train,126.00279998779297,54.292972564697266,0.43088704347610474,126.0028,126.0028,126.0028,54.29297415098937,54.29297415098937,54.29297415098937,243.0,12.0,255.0
002174,train,111.22599792480469,62.34745788574219,0.5605475306510925,111.226,111.226,111.226,62.34745683666656,62.34745683666656,62.34745683666656,245.0,10.0,255.0
002175,train,160.88609313964844,54.23255920410156,0.33708667755126953,160.8861,160.8861,160.8861,54.2325582725912,54.2325582725912,54.2325582725912,230.0,25.0,255.0
002176,train,176.4979705810547,59.02470397949219,0.33442142605781555,176.497975,176.497975,176.497975,59.024702844651195,59.024702844651195,59.024702844651195,236.0,19.0,255.0
002181,train,77.01637268066406,36.01987838745117,0.46769118309020996,77.016375,77.016375,77.016375,36.01988071689542,36.01988071689542,36.01988071689542,189.0,0.0,189.0
002177,train,91.21412658691406,59.60233688354492,0.6534332036972046,91.214125,91.214125,91.214125,59.602331963475855,59.602331963475855,59.602331963475855,249.0,6.0,255.0
002180,train,119.07044982910156,64.51226806640625,0.5417991280555725,119.07045,119.07045,119.07045,64.51226927335217,64.51226927335217,64.51226927335217,251.0,4.0,255.0
002179,train,209.65557861328125,44.000850677490234,0.2098720669746399,209.655575,209.655575,209.655575,44.0008499511018,44.0008499511018,44.0008499511018,219.0,36.0,255.0
002184,train,49.76034927368164,26.51555633544922,0.5328651666641235,49.76035,49.76035,49.76035,26.515556148749734,26.515556148749734,26.515556148749734,138.0,0.0,138.0
002183,train,62.977901458740234,26.79900550842285,0.4255303144454956,62.9779,62.9779,62.9779,26.79900486193471,26.79900486193471,26.79900486193471,153.0,0.0,153.0
002185,train,170.93014526367188,37.57357406616211,0.21981829404830933,170.93015,170.93015,170.93015,37.573576100465864,37.573576100465864,37.573576100465864,215.0,40.0,255.0
002182,train,105.83544921875,59.45829391479492,0.5617994070053101,105.83545,105.83545,105.83545,59.458294402862755,59.458294402862755,59.458294402862755,253.0,2.0,255.0
002186,train,105.94819641113281,50.40278625488281,0.4757304787635803,105.9482,105.9482,105.9482,50.402786299568795,50.402786299568795,50.402786299568795,244.0,11.0,255.0
002188,train,100.49447631835938,55.612552642822266,0.5533891320228577,100.494475,100.494475,100.494475,55.612553614039115,55.612553614039115,55.612553614039115,253.0,2.0,255.0
002187,train,84.03209686279297,48.204429626464844,0.5736430883407593,84.0321,84.0321,84.0321,48.20442894164394,48.20442894164394,48.20442894164394,253.0,2.0,255.0
002189,train,109.79607391357422,49.59730529785156,0.45172202587127686,109.796075,109.796075,109.796075,49.597307785749564,49.597307785749564,49.597307785749564,255.0,0.0,255.0
002191,train,158.50161743164062,60.588260650634766,0.382256418466568,158.501625,158.501625,158.501625,60.58826163011591,60.58826163011591,60.58826163011591,235.0,20.0,255.0
002192,train,72.18067169189453,47.28852081298828,0.6551410555839539,72.180675,72.180675,72.180675,47.28852061065534,47.28852061065534,47.28852061065534,247.0,0.0,247.0
002194,train,36.36797332763672,25.88656234741211,0.7117955684661865,36.367975,36.367975,36.367975,25.88656155999431,25.88656155999431,25.88656155999431,140.0,0.0,140.0
002190,train,84.86437225341797,58.79425811767578,0.6928026080131531,84.864375,84.864375,84.864375,58.7942576350733,58.7942576350733,58.7942576350733,255.0,0.0,255.0
002193,train,51.54612350463867,35.11796951293945,0.6812921762466431,51.546125,51.546125,51.546125,35.1179686554387,35.1179686554387,35.1179686554387,226.0,0.0,226.0
002196,train,164.2225799560547,61.64578628540039,0.3753794729709625,164.222575,164.222575,164.222575,61.64578846417146,61.64578846417146,61.64578846417146,223.0,32.0,255.0
002195,train,117.02967834472656,64.1603775024414,0.5482402443885803,117.029675,117.029675,117.029675,64.16037830619747,64.16037830619747,64.16037830619747,241.0,14.0,255.0
002197,train,122.97032165527344,68.81280517578125,0.5595887303352356,122.970325,122.970325,122.970325,68.8128047269865,68.8128047269865,68.8128047269865,249.0,6.0,255.0
002199,train,145.4560546875,69.63529205322266,0.47873765230178833,145.45605,145.45605,145.45605,69.63529721626453,69.63529721626453,69.63529721626453,224.0,31.0,255.0
002202,train,176.25196838378906,73.14653015136719,0.41501113772392273,176.251975,176.251975,176.251975,73.14652680475933,73.14652680475933,73.14652680475933,225.0,30.0,255.0
002198,train,140.8576202392578,61.409244537353516,0.4359667897224426,140.857625,140.857625,140.857625,61.40924404647377,61.40924404647377,61.40924404647377,234.0,21.0,255.0
002203,train,54.88325119018555,29.738927841186523,0.5418579578399658,54.88325,54.88325,54.88325,29.73892767800312,29.73892767800312,29.73892767800312,158.0,0.0,158.0
002204,train,162.5621795654297,65.9802017211914,0.40587669610977173,162.562175,162.562175,162.562175,65.98020221452322,65.98020221452322,65.98020221452322,238.0,17.0,255.0
002200,train,91.88367462158203,54.69542694091797,0.595268189907074,91.883675,91.883675,91.883675,54.69542753735796,54.69542753735796,54.69542753735796,247.0,8.0,255.0
002201,train,121.57109832763672,66.5508041381836,0.5474228858947754,121.5711,121.5711,121.5711,66.55080724371417,66.55080724371417,66.55080724371417,255.0,0.0,255.0
002205,train,151.55885314941406,73.19489288330078,0.4829469919204712,151.55885,151.55885,151.55885,73.19489249037463,73.19489249037463,73.19489249037463,255.0,0.0,255.0
002206,train,174.9544677734375,55.78559494018555,0.3188577890396118,174.954475,174.954475,174.954475,55.785598522148845,55.785598522148845,55.785598522148845,239.0,16.0,255.0
002208,train,136.9677276611328,66.16349029541016,0.48305898904800415,136.967725,136.967725,136.967725,66.1634905618225,66.1634905618225,66.1634905618225,255.0,0.0,255.0
002207,train,140.17762756347656,62.865787506103516,0.4484723210334778,140.177625,140.177625,140.177625,62.86578818689363,62.86578818689363,62.86578818689363,233.0,22.0,255.0
002210,train,139.5513458251953,54.49176788330078,0.3904782831668854,139.55135,139.55135,139.55135,54.491768765360334,54.491768765360334,54.491768765360334,234.0,21.0,255.0
002212,train,42.44744873046875,22.764087677001953,0.5362887382507324,42.44745,42.44745,42.44745,22.764088791284838,22.764088791284838,22.764088791284838,134.0,0.0,134.0
002209,train,141.02706909179688,48.5659065246582,0.3443729281425476,141.027075,141.027075,141.027075,48.56590668302585,48.56590668302585,48.56590668302585,255.0,0.0,255.0
002213,train,153.03564453125,58.104461669921875,0.37967926263809204,153.03565,153.03565,153.03565,58.10446092235518,58.10446092235518,58.10446092235518,234.0,21.0,255.0
002211,train,200.5551300048828,62.79329299926758,0.31309741735458374,200.555125,200.555125,200.555125,62.79329033610498,62.79329033610498,62.79329033610498,250.0,5.0,255.0
002214,train,38.74402618408203,24.608726501464844,0.635161817073822,38.744025,38.744025,38.744025,24.608726131179058,24.608726131179058,24.608726131179058,181.0,0.0,181.0
002215,train,120.47587585449219,62.01387405395508,0.5147410035133362,120.475875,120.475875,120.475875,62.01387399594042,62.01387399594042,62.01387399594042,248.0,7.0,255.0
002218,train,143.12002563476562,64.60655975341797,0.4514152407646179,143.120025,143.120025,143.120025,64.60655825068672,64.60655825068672,64.60655825068672,255.0,0.0,255.0
002216,train,171.30865478515625,64.03740692138672,0.37381303310394287,171.30865,171.30865,171.30865,64.03740965386952,64.03740965386952,64.03740965386952,226.0,29.0,255.0
002217,train,153.92237854003906,73.90975189208984,0.4801754653453827,153.922375,153.922375,153.922375,73.90975374982233,73.90975374982233,73.90975374982233,252.0,3.0,255.0
002219,train,59.628173828125,42.87794876098633,0.7190887331962585,59.628175,59.628175,59.628175,42.87794562673653,42.87794562673653,42.87794562673653,233.0,0.0,233.0
002220,train,81.7009506225586,45.40511703491211,0.5557477474212646,81.70095,81.70095,81.70095,45.40511445968944,45.40511445968944,45.40511445968944,239.0,2.0,241.0
002221,train,150.84544372558594,58.89673614501953,0.39044424891471863,150.84545,150.84545,150.84545,58.896736873085764,58.896736873085764,58.896736873085764,255.0,0.0,255.0
002223,train,126.42257690429688,60.59689712524414,0.479320228099823,126.422575,126.422575,126.422575,60.596898067222675,60.596898067222675,60.596898067222675,243.0,12.0,255.0
002226,train,136.7144775390625,58.44246292114258,0.42747822403907776,136.714475,136.714475,136.714475,58.44246273450816,58.44246273450816,58.44246273450816,255.0,0.0,255.0
002222,train,127.587646484375,53.55338668823242,0.4197380244731903,127.58765,127.58765,127.58765,53.553388944841764,53.553388944841764,53.553388944841764,255.0,0.0,255.0
002224,train,109.15550231933594,63.853153228759766,0.5849742293357849,109.1555,109.1555,109.1555,63.85315395303509,63.85315395303509,63.85315395303509,255.0,0.0,255.0
002225,train,131.4044189453125,65.64149475097656,0.49953794479370117,131.404425,131.404425,131.404425,65.64149271169399,65.64149271169399,65.64149271169399,255.0,0.0,255.0
002228,train,75.45527648925781,46.763545989990234,0.6197518110275269,75.455275,75.455275,75.455275,46.763546696913124,46.763546696913124,46.763546696913124,250.0,5.0,255.0
002227,train,146.5402069091797,60.009666442871094,0.40950989723205566,146.5402,146.5402,146.5402,60.009663254845876,60.009663254845876,60.009663254845876,229.0,26.0,255.0
002229,train,154.92349243164062,62.2750129699707,0.4019726812839508,154.9235,154.9235,154.9235,62.27501302890269,62.27501302890269,62.27501302890269,255.0,0.0,255.0
002230,train,58.27797317504883,40.69226837158203,0.6982443928718567,58.277975,58.277975,58.277975,40.69226775321541,40.69226775321541,40.69226775321541,210.0,0.0,210.0
002231,train,157.39599609375,60.286468505859375,0.3830241560935974,157.396,157.396,157.396,60.286470571762614,60.286470571762614,60.286470571762614,242.0,13.0,255.0
002232,train,89.55269622802734,46.82233810424805,0.5228467583656311,89.5527,89.5527,89.5527,46.8223357246304,46.8223357246304,46.8223357246304,251.0,0.0,251.0
002234,train,168.11956787109375,60.90983963012695,0.36230072379112244,168.119575,168.119575,168.119575,60.90983850593741,60.90983850593741,60.90983850593741,255.0,0.0,255.0
002235,train,138.2091064453125,64.35303497314453,0.46562081575393677,138.2091,138.2091,138.2091,64.35303432776111,64.35303432776111,64.35303432776111,230.0,25.0,255.0
002233,train,141.41107177734375,61.528202056884766,0.435101717710495,141.411075,141.411075,141.411075,61.52820241437559,61.52820241437559,61.52820241437559,236.0,19.0,255.0
002236,train,137.6747283935547,62.114524841308594,0.4511686861515045,137.674725,137.674725,137.674725,62.11452705425982,62.11452705425982,62.11452705425982,233.0,22.0,255.0
002238,train,106.03622436523438,54.49269104003906,0.5139063596725464,106.036225,106.036225,106.036225,54.4926913700303,54.4926913700303,54.4926913700303,255.0,0.0,255.0
002237,train,150.0874481201172,59.09724807739258,0.3937520980834961,150.08745,150.08745,150.08745,59.09725038017844,59.09725038017844,59.09725038017844,255.0,0.0,255.0
002239,train,144.52975463867188,55.93782424926758,0.38703328371047974,144.52975,144.52975,144.52975,55.937826333684974,55.937826333684974,55.937826333684974,255.0,0.0,255.0
002240,train,134.63352966308594,59.17571258544922,0.43953177332878113,134.633525,134.633525,134.633525,59.17571098917507,59.17571098917507,59.17571098917507,255.0,0.0,255.0
002243,train,139.54525756835938,53.2007942199707,0.3812440037727356,139.54525,139.54525,139.54525,53.20079700941989,53.20079700941989,53.20079700941989,254.0,1.0,255.0
002241,train,132.69039916992188,63.86882019042969,0.48133715987205505,132.6904,132.6904,132.6904,63.86881866638837,63.86881866638837,63.86881866638837,255.0,0.0,255.0
002245,train,140.96104431152344,59.867759704589844,0.4247113764286041,140.96105,140.96105,140.96105,59.8677620501844,59.8677620501844,59.8677620501844,255.0,0.0,255.0
002242,train,46.292449951171875,40.90486145019531,0.8836184144020081,46.29245,46.29245,46.29245,40.90486246153995,40.90486246153995,40.90486246153995,199.0,0.0,199.0
002246,train,84.84104919433594,46.6227912902832,0.5495310425758362,84.84105,84.84105,84.84105,46.62279093852598,46.62279093852598,46.62279093852598,238.0,8.0,246.0
002244,train,118.89387512207031,51.15354537963867,0.43024542927742004,118.893875,118.893875,118.893875,51.15354594243077,51.15354594243077,51.15354594243077,230.0,25.0,255.0
002247,train,95.44915008544922,47.8060188293457,0.5008532404899597,95.44915,95.44915,95.44915,47.80601598415726,47.80601598415726,47.80601598415726,248.0,7.0,255.0
002248,train,133.2459716796875,59.84134292602539,0.44910433888435364,133.245975,133.245975,133.245975,59.84134458131247,59.84134458131247,59.84134458131247,255.0,0.0,255.0
002249,train,136.97486877441406,55.90798568725586,0.40816235542297363,136.974875,136.974875,136.974875,55.90798595669831,55.90798595669831,55.90798595669831,255.0,0.0,255.0
002251,train,138.01072692871094,57.08817672729492,0.4136502742767334,138.010725,138.010725,138.010725,57.08817793531665,57.08817793531665,57.08817793531665,255.0,0.0,255.0
002253,train,73.1229476928711,50.912113189697266,0.6962535381317139,73.12295,73.12295,73.12295,50.91211283474199,50.91211283474199,50.91211283474199,255.0,0.0,255.0
002252,train,140.0032958984375,61.58888626098633,0.43991026282310486,140.0033,140.0033,140.0033,61.58888405475456,61.58888405475456,61.58888405475456,255.0,0.0,255.0
002255,train,63.940673828125,38.275596618652344,0.5986111164093018,63.940675,63.940675,63.940675,38.27559608346257,38.27559608346257,38.27559608346257,216.0,0.0,216.0
002250,train,127.0085220336914,65.29965209960938,0.514136016368866,127.008525,127.008525,127.008525,65.29965583618626,65.29965583618626,65.29965583618626,255.0,0.0,255.0
002254,train,136.1009063720703,57.80377197265625,0.4247126281261444,136.1009,136.1009,136.1009,57.80377037174998,57.80377037174998,57.80377037174998,255.0,0.0,255.0
002256,train,133.83709716796875,60.41686248779297,0.4514209032058716,133.8371,133.8371,133.8371,60.41685992825182,60.41685992825182,60.41685992825182,255.0,0.0,255.0
002260,train,108.64354705810547,45.12749481201172,0.4153720736503601,108.64355,108.64355,108.64355,45.12749487172427,45.12749487172427,45.12749487172427,249.0,6.0,255.0
002257,train,64.53714752197266,36.6174201965332,0.5673851370811462,64.53715,64.53715,64.53715,36.61742030615346,36.61742030615346,36.61742030615346,217.0,0.0,217.0
002259,train,92.6654281616211,45.389408111572266,0.48982030153274536,92.665425,92.665425,92.665425,45.38940993854596,45.38940993854596,45.38940993854596,255.0,0.0,255.0
002261,train,130.42660522460938,50.555747985839844,0.38761836290359497,130.4266,130.4266,130.4266,50.55574855978299,50.55574855978299,50.55574855978299,249.0,6.0,255.0
002263,train,62.44490051269531,34.08052444458008,0.5457695126533508,62.4449,62.4449,62.4449,34.08052176815959,34.08052176815959,34.08052176815959,199.0,0.0,199.0
002258,train,65.60870361328125,45.93320083618164,0.7001083493232727,65.6087,65.6087,65.6087,45.93319860743425,45.93319860743425,45.93319860743425,249.0,0.0,249.0
002262,train,146.4437255859375,62.94387435913086,0.4298161268234253,146.443725,146.443725,146.443725,62.94387446864369,62.94387446864369,62.94387446864369,248.0,7.0,255.0
002264,train,39.308799743652344,24.44355010986328,0.6218340396881104,39.3088,39.3088,39.3088,24.443551144627083,24.443551144627083,24.443551144627083,147.0,0.0,147.0
002265,train,105.68154907226562,45.48683166503906,0.4304141402244568,105.68155,105.68155,105.68155,45.48683039735238,45.48683039735238,45.48683039735238,255.0,0.0,255.0
002266,train,138.214599609375,56.814208984375,0.4110579490661621,138.2146,138.2146,138.2146,56.81420946242234,56.81420946242234,56.81420946242234,231.0,24.0,255.0
002268,train,35.54632568359375,27.618738174438477,0.7769787311553955,35.546325,35.546325,35.546325,27.618739181837665,27.618739181837665,27.618739181837665,176.0,0.0,176.0
002267,train,153.79698181152344,59.65278244018555,0.3878670632839203,153.796975,153.796975,153.796975,59.652784560734254,59.652784560734254,59.652784560734254,255.0,0.0,255.0
002271,train,150.39012145996094,63.28175735473633,0.42078399658203125,150.390125,150.390125,150.390125,63.281755881805104,63.281755881805104,63.281755881805104,247.0,8.0,255.0
002270,train,124.94850158691406,60.78047180175781,0.4864441752433777,124.9485,124.9485,124.9485,60.780471763141165,60.780471763141165,60.780471763141165,246.0,9.0,255.0
002269,train,44.11782455444336,28.3775577545166,0.6432220339775085,44.117825,44.117825,44.117825,28.377557017287007,28.377557017287007,28.377557017287007,155.0,0.0,155.0
002272,train,153.39414978027344,60.60132598876953,0.39506933093070984,153.39415,153.39415,153.39415,60.6013233830541,60.6013233830541,60.6013233830541,232.0,23.0,255.0
002275,train,88.12947845458984,40.46220397949219,0.4591222405433655,88.129475,88.129475,88.129475,40.46220596092574,40.46220596092574,40.46220596092574,255.0,0.0,255.0
002273,train,175.42347717285156,67.0066909790039,0.3819710612297058,175.423475,175.423475,175.423475,67.00669626182427,67.00669626182427,67.00669626182427,229.0,26.0,255.0
002278,train,148.34786987304688,55.084102630615234,0.3713171184062958,148.347875,148.347875,148.347875,55.08410258853615,55.08410258853615,55.08410258853615,235.0,20.0,255.0
002276,train,68.60657501220703,30.055078506469727,0.43807870149612427,68.606575,68.606575,68.606575,30.055079300666883,30.055079300666883,30.055079300666883,178.0,0.0,178.0
002274,train,152.01377868652344,67.52046966552734,0.4441733658313751,152.013775,152.013775,152.013775,67.52046789862594,67.52046789862594,67.52046789862594,255.0,0.0,255.0
002277,train,162.6103973388672,63.089698791503906,0.38798072934150696,162.6104,162.6104,162.6104,63.089697350993845,63.089697350993845,63.089697350993845,253.0,2.0,255.0
002279,train,174.95982360839844,65.44538879394531,0.3740595281124115,174.959825,174.959825,174.959825,65.4453891498047,65.4453891498047,65.4453891498047,232.0,23.0,255.0
002280,train,144.5042266845703,58.504459381103516,0.40486329793930054,144.504225,144.504225,144.504225,58.504461643103554,58.504461643103554,58.504461643103554,245.0,10.0,255.0
002283,train,59.0906982421875,32.323814392089844,0.5470203757286072,59.0907,59.0907,59.0907,32.32381124666459,32.32381124666459,32.32381124666459,199.0,0.0,199.0
002281,train,153.0637969970703,59.126094818115234,0.3862839937210083,153.0638,153.0638,153.0638,59.12609685714084,59.12609685714084,59.12609685714084,249.0,6.0,255.0
002284,train,149.20082092285156,63.927040100097656,0.42846307158470154,149.200825,149.200825,149.200825,63.92703922691379,63.92703922691379,63.92703922691379,255.0,0.0,255.0
002282,train,73.81282806396484,35.77874755859375,0.4847226142883301,73.812825,73.812825,73.812825,35.77874705071958,35.77874705071958,35.77874705071958,218.0,0.0,218.0
002285,train,176.90570068359375,66.35537719726562,0.37508895993232727,176.9057,176.9057,176.9057,66.35537662849937,66.35537662849937,66.35537662849937,249.0,6.0,255.0
002287,train,162.58624267578125,70.8841552734375,0.43597880005836487,162.58625,162.58625,162.58625,70.8841502801402,70.8841502801402,70.8841502801402,220.0,35.0,255.0
002286,train,174.46279907226562,71.61477661132812,0.4104873836040497,174.4628,174.4628,174.4628,71.61477128470075,71.61477128470075,71.61477128470075,244.0,11.0,255.0
002291,train,213.08204650878906,55.706050872802734,0.2614300549030304,213.08205,213.08205,213.08205,55.706053241972725,55.706053241972725,55.706053241972725,234.0,21.0,255.0
002288,train,139.62393188476562,62.92690658569336,0.45068854093551636,139.623925,139.623925,139.623925,62.92690714308446,62.92690714308446,62.92690714308446,233.0,22.0,255.0
002290,train,99.64275360107422,35.833492279052734,0.3596196472644806,99.64275,99.64275,99.64275,35.833493025903856,35.833493025903856,35.833493025903856,242.0,5.0,247.0
002289,train,117.32620239257812,50.11614990234375,0.42715224623680115,117.3262,117.3262,117.3262,50.11614803194674,50.11614803194674,50.11614803194674,243.0,12.0,255.0
002293,train,171.95530700683594,63.407169342041016,0.3687421381473541,171.9553,171.9553,171.9553,63.407169956638185,63.407169956638185,63.407169956638185,216.0,39.0,255.0
002294,train,90.27102661132812,43.46444320678711,0.48148828744888306,90.271025,90.271025,90.271025,43.46444605018423,43.46444605018423,43.46444605018423,234.0,2.0,236.0
002295,train,156.04444885253906,59.36077880859375,0.3804094195365906,156.04445,156.04445,156.04445,59.36077976406223,59.36077976406223,59.36077976406223,255.0,0.0,255.0
002292,train,173.80709838867188,61.96010971069336,0.35648781061172485,173.8071,173.8071,173.8071,61.96011087457801,61.96011087457801,61.96011087457801,250.0,5.0,255.0
002297,train,172.94479370117188,68.32349395751953,0.3950595557689667,172.9448,172.9448,172.9448,68.32349341888191,68.32349341888191,68.32349341888191,251.0,4.0,255.0
002296,train,156.91078186035156,61.872894287109375,0.39431893825531006,156.910775,156.910775,156.910775,61.8728980564138,61.8728980564138,61.8728980564138,242.0,13.0,255.0
002299,train,188.93295288085938,68.20442199707031,0.3609980344772339,188.93295,188.93295,188.93295,68.2044203428011,68.2044203428011,68.2044203428011,255.0,0.0,255.0
002300,train,129.95982360839844,62.631290435791016,0.48192811012268066,129.959825,129.959825,129.959825,62.6312921866488,62.6312921866488,62.6312921866488,255.0,0.0,255.0
002298,train,179.53477478027344,65.16292572021484,0.36295434832572937,179.534775,179.534775,179.534775,65.1629226684882,65.1629226684882,65.1629226684882,252.0,3.0,255.0
002301,train,172.0371551513672,57.325809478759766,0.3332176208496094,172.03715,172.03715,172.03715,57.325809805684386,57.325809805684386,57.325809805684386,223.0,32.0,255.0
002302,train,115.5521240234375,45.0888557434082,0.390203595161438,115.552125,115.552125,115.552125,45.08885597333752,45.08885597333752,45.08885597333752,244.0,11.0,255.0
002305,train,97.31692504882812,41.496707916259766,0.42640793323516846,97.316925,97.316925,97.316925,41.4967087073707,41.4967087073707,41.4967087073707,250.0,5.0,255.0
002303,train,64.85427856445312,32.05925750732422,0.494327574968338,64.854275,64.854275,64.854275,32.0592590248804,32.0592590248804,32.0592590248804,190.0,0.0,190.0
002304,train,161.35647583007812,66.36123657226562,0.41127097606658936,161.356475,161.356475,161.356475,66.36123906750366,66.36123906750366,66.36123906750366,228.0,27.0,255.0
002306,train,189.2405548095703,66.60830688476562,0.3519769012928009,189.24055,189.24055,189.24055,66.60831281227217,66.60831281227217,66.60831281227217,254.0,1.0,255.0
002307,train,130.9812469482422,63.65843200683594,0.486011803150177,130.98125,130.98125,130.98125,63.65843265772022,63.65843265772022,63.65843265772022,255.0,0.0,255.0
002308,train,106.41909790039062,43.569488525390625,0.4094142019748688,106.4191,106.4191,106.4191,43.5694893840862,43.5694893840862,43.5694893840862,247.0,8.0,255.0
002309,train,170.07730102539062,56.60245895385742,0.3328043222427368,170.0773,170.0773,170.0773,56.602457762097224,56.602457762097224,56.602457762097224,255.0,0.0,255.0
002310,train,165.21173095703125,67.88333892822266,0.4108869135379791,165.211725,165.211725,165.211725,67.8833444043852,67.8833444043852,67.8833444043852,255.0,0.0,255.0
002312,train,109.9801254272461,56.113380432128906,0.5102138519287109,109.980125,109.980125,109.980125,56.11338236093397,56.11338236093397,56.11338236093397,251.0,4.0,255.0
002311,train,48.389625549316406,23.31140899658203,0.4817439317703247,48.389625,48.389625,48.389625,23.311408523711624,23.311408523711624,23.311408523711624,156.0,0.0,156.0
002313,train,116.1478271484375,60.054290771484375,0.5170505046844482,116.147825,116.147825,116.147825,60.05429354150605,60.05429354150605,60.05429354150605,247.0,8.0,255.0
002314,train,38.29027557373047,24.215412139892578,0.6324167847633362,38.290275,38.290275,38.290275,24.215411733529848,24.215411733529848,24.215411733529848,133.0,0.0,133.0
002315,train,180.82977294921875,63.2690315246582,0.34988170862197876,180.829775,180.829775,180.829775,63.26903072158901,63.26903072158901,63.26903072158901,255.0,0.0,255.0
002316,train,96.09382629394531,42.9442138671875,0.44689878821372986,96.093825,96.093825,96.093825,42.944214649582015,42.944214649582015,42.944214649582015,245.0,0.0,245.0
002317,train,167.4886016845703,72.67949676513672,0.4339369833469391,167.4886,167.4886,167.4886,72.67949759072361,72.67949759072361,72.67949759072361,255.0,0.0,255.0
002320,train,213.87461853027344,58.326839447021484,0.27271512150764465,213.874625,213.874625,213.874625,58.32683478562312,58.32683478562312,58.32683478562312,214.0,41.0,255.0
002319,train,129.40628051757812,64.95343017578125,0.5019341111183167,129.406275,129.406275,129.406275,64.95343382473612,64.95343382473612,64.95343382473612,255.0,0.0,255.0
002318,train,186.84027099609375,64.60868835449219,0.3457963764667511,186.840275,186.840275,186.840275,64.60868527469333,64.60868527469333,64.60868527469333,255.0,0.0,255.0
002322,train,154.46871948242188,59.454559326171875,0.3848970830440521,154.468725,154.468725,154.468725,59.45455972315643,59.45455972315643,59.45455972315643,234.0,21.0,255.0
002321,train,117.36267852783203,47.501007080078125,0.4047369062900543,117.362675,117.362675,117.362675,47.501006219283134,47.501006219283134,47.501006219283134,241.0,14.0,255.0
002323,train,185.3499755859375,63.825252532958984,0.3443499505519867,185.349975,185.349975,185.349975,63.82525708917572,63.82525708917572,63.82525708917572,210.0,45.0,255.0
002325,train,54.07720184326172,27.19216537475586,0.5028397440910339,54.0772,54.0772,54.0772,27.192165970367274,27.192165970367274,27.192165970367274,141.0,0.0,141.0
002324,train,195.19992065429688,48.40424346923828,0.24797265231609344,195.199925,195.199925,195.199925,48.404244183690906,48.404244183690906,48.404244183690906,255.0,0.0,255.0
002326,train,178.60874938964844,63.63483428955078,0.3562806248664856,178.60875,178.60875,178.60875,63.63483812690577,63.63483812690577,63.63483812690577,243.0,12.0,255.0
002328,train,43.248050689697266,28.395587921142578,0.6565749645233154,43.24805,43.24805,43.24805,28.395587178248313,28.395587178248313,28.395587178248313,142.0,0.0,142.0
002327,train,154.51849365234375,56.75479507446289,0.36730098724365234,154.5185,154.5185,154.5185,56.75479678185801,56.75479678185801,56.75479678185801,228.0,27.0,255.0
002329,train,116.23812866210938,43.0413818359375,0.3702862560749054,116.238125,116.238125,116.238125,43.04137859646662,43.04137859646662,43.04137859646662,241.0,14.0,255.0
002330,train,148.00860595703125,63.884033203125,0.43162378668785095,148.0086,148.0086,148.0086,63.88403576825747,63.88403576825747,63.88403576825747,232.0,23.0,255.0
002331,train,142.1468048095703,58.80002212524414,0.413657009601593,142.1468,142.1468,142.1468,58.80002210679857,58.80002210679857,58.80002210679857,231.0,24.0,255.0
002333,train,44.19072341918945,25.89434814453125,0.5859679579734802,44.190725,44.190725,44.190725,25.89434878452005,25.89434878452005,25.89434878452005,135.0,0.0,135.0
002334,train,123.38602447509766,60.29081726074219,0.48863571882247925,123.386025,123.386025,123.386025,60.29081198407743,60.29081198407743,60.29081198407743,235.0,20.0,255.0
002335,train,131.5200958251953,62.680118560791016,0.47658205032348633,131.5201,131.5201,131.5201,62.68011762903768,62.68011762903768,62.68011762903768,253.0,2.0,255.0
002332,train,149.42398071289062,66.0484619140625,0.4420205056667328,149.423975,149.423975,149.423975,66.04846152787644,66.04846152787644,66.04846152787644,246.0,9.0,255.0
002337,train,141.422119140625,66.1823959350586,0.4679776728153229,141.422125,141.422125,141.422125,66.18239823007606,66.18239823007606,66.18239823007606,254.0,1.0,255.0
002336,train,121.53282165527344,63.77248764038086,0.5247346758842468,121.532825,121.532825,121.532825,63.77248797498319,63.77248797498319,63.77248797498319,255.0,0.0,255.0
002339,train,63.71992492675781,37.216346740722656,0.5840613842010498,63.719925,63.719925,63.719925,37.21634631441371,37.21634631441371,37.21634631441371,187.0,0.0,187.0
002338,train,113.37039947509766,40.24733352661133,0.3550074100494385,113.3704,113.3704,113.3704,40.24733349974877,40.24733349974877,40.24733349974877,252.0,3.0,255.0
002341,train,149.21408081054688,69.80160522460938,0.4677950143814087,149.214075,149.214075,149.214075,69.80160669278591,69.80160669278591,69.80160669278591,249.0,6.0,255.0
002342,train,186.42977905273438,60.46611404418945,0.3243372142314911,186.429775,186.429775,186.429775,60.46611545691831,60.46611545691831,60.46611545691831,239.0,16.0,255.0
002340,train,148.09927368164062,68.11913299560547,0.4599559009075165,148.099275,148.099275,148.099275,68.11913218380263,68.11913218380263,68.11913218380263,254.0,1.0,255.0
002343,train,145.85525512695312,52.80411911010742,0.362030953168869,145.85525,145.85525,145.85525,52.80412055358464,52.80412055358464,52.80412055358464,219.0,36.0,255.0
002346,train,138.36680603027344,58.66205596923828,0.42396047711372375,138.3668,138.3668,138.3668,58.66205637172976,58.66205637172976,58.66205637172976,240.0,15.0,255.0
002345,train,146.15911865234375,70.07159423828125,0.47941991686820984,146.159125,146.159125,146.159125,70.07159020768955,70.07159020768955,70.07159020768955,255.0,0.0,255.0
002344,train,135.0396728515625,68.1012954711914,0.5043058395385742,135.039675,135.039675,135.039675,68.1012958826363,68.1012958826363,68.1012958826363,244.0,11.0,255.0
002349,train,52.2333984375,38.0104866027832,0.727704644203186,52.2334,52.2334,52.2334,38.01048440154374,38.01048440154374,38.01048440154374,201.0,0.0,201.0
002348,train,95.15540313720703,43.427886962890625,0.45638906955718994,95.1554,95.1554,95.1554,43.427887938973036,43.427887938973036,43.427887938973036,254.0,1.0,255.0
002347,train,127.03679656982422,72.70993041992188,0.5723533034324646,127.0368,127.0368,127.0368,72.70993429896632,72.70993429896632,72.70993429896632,255.0,0.0,255.0
002350,train,91.9927978515625,44.79001998901367,0.4868861734867096,91.9928,91.9928,91.9928,44.79001895690602,44.79001895690602,44.79001895690602,237.0,1.0,238.0
002351,train,103.68260192871094,11.165872573852539,0.10769283026456833,103.6826,103.6826,103.6826,11.16587243523765,11.16587243523765,11.16587243523765,167.0,73.0,240.0
002352,train,97.39642333984375,13.404561996459961,0.13762889802455902,97.396425,97.396425,97.396425,13.404561619813421,13.404561619813421,13.404561619813421,186.0,66.0,252.0
002353,train,97.93824768066406,15.707754135131836,0.16038426756858826,97.93825,97.93825,97.93825,15.707754038610995,15.707754038610995,15.707754038610995,183.0,72.0,255.0
002355,train,108.2437515258789,28.604631423950195,0.26426127552986145,108.24375,108.24375,108.24375,28.604632246150274,28.604632246150274,28.604632246150274,188.0,67.0,255.0
002354,train,104.28070068359375,26.60188102722168,0.25509878993034363,104.2807,104.2807,104.2807,26.601882593342904,26.601882593342904,26.601882593342904,186.0,69.0,255.0
002356,train,119.46150207519531,30.406169891357422,0.25452694296836853,119.4615,119.4615,119.4615,30.40617071829335,30.40617071829335,30.40617071829335,184.0,71.0,255.0
002358,train,107.5168228149414,25.7918643951416,0.23988677561283112,107.516825,107.516825,107.516825,25.79186532454322,25.79186532454322,25.79186532454322,186.0,69.0,255.0
002357,train,132.15045166015625,26.0999813079834,0.1975020170211792,132.15045,132.15045,132.15045,26.099982084237144,26.099982084237144,26.099982084237144,184.0,71.0,255.0
002360,train,124.0115966796875,24.421890258789062,0.19693231582641602,124.0116,124.0116,124.0116,24.42189008737858,24.42189008737858,24.42189008737858,185.0,70.0,255.0
002359,train,113.10164642333984,28.367198944091797,0.25081154704093933,113.10165,113.10165,113.10165,28.367198791517996,28.367198791517996,28.367198791517996,186.0,69.0,255.0
002361,train,136.42434692382812,18.971084594726562,0.139059379696846,136.42435,136.42435,136.42435,18.97108397212716,18.97108397212716,18.97108397212716,167.0,88.0,255.0
002362,train,135.89794921875,10.972021102905273,0.08073721081018448,135.89795,135.89795,135.89795,10.972020588638173,10.972020588638173,10.972020588638173,162.0,93.0,255.0
002364,train,127.29657745361328,14.009127616882324,0.11005109548568726,127.296575,127.296575,127.296575,14.009128033870452,14.009128033870452,14.009128033870452,165.0,90.0,255.0
002363,train,112.45860290527344,16.3365421295166,0.14526715874671936,112.4586,112.4586,112.4586,16.33654296477685,16.33654296477685,16.33654296477685,191.0,64.0,255.0
002366,train,144.3801727294922,8.574592590332031,0.05938899144530296,144.380175,144.380175,144.380175,8.57459281653508,8.57459281653508,8.57459281653508,127.0,119.0,246.0
002365,train,138.7037811279297,14.414498329162598,0.10392289608716965,138.703775,138.703775,138.703775,14.414498803266627,14.414498803266627,14.414498803266627,150.0,105.0,255.0
002369,train,121.72019958496094,15.819903373718262,0.12996941804885864,121.7202,121.7202,121.7202,15.819903980745268,15.819903980745268,15.819903980745268,167.0,88.0,255.0
002368,train,108.09647369384766,13.728604316711426,0.1270032525062561,108.096475,108.096475,108.096475,13.728603992189994,13.728603992189994,13.728603992189994,176.0,79.0,255.0
002367,train,115.99697875976562,16.19304847717285,0.13959887623786926,115.996975,115.996975,115.996975,16.19304838038147,16.19304838038147,16.19304838038147,173.0,82.0,255.0
002371,train,81.58360290527344,16.063077926635742,0.19689100980758667,81.5836,81.5836,81.5836,16.063077570627613,16.063077570627613,16.063077570627613,192.0,51.0,243.0
002370,train,64.32747650146484,15.008660316467285,0.23331648111343384,64.327475,64.327475,64.327475,15.00866033743102,15.00866033743102,15.00866033743102,159.0,39.0,198.0
002372,train,79.8874282836914,19.5329647064209,0.2445061206817627,79.887425,79.887425,79.887425,19.532965772492794,19.532965772492794,19.532965772492794,193.0,50.0,243.0
002374,train,89.6708984375,24.340261459350586,0.27143990993499756,89.6709,89.6709,89.6709,24.340261773243114,24.340261773243114,24.340261773243114,202.0,53.0,255.0
002376,train,93.70152282714844,25.18916130065918,0.26882338523864746,93.701525,93.701525,93.701525,25.189162107429755,25.189162107429755,25.189162107429755,198.0,57.0,255.0
002373,train,102.81312561035156,21.737699508666992,0.21142922341823578,102.813125,102.813125,102.813125,21.737698883147104,21.737698883147104,21.737698883147104,183.0,72.0,255.0
002375,train,111.43659973144531,25.746135711669922,0.2310384213924408,111.4366,111.4366,111.4366,25.74613525249955,25.74613525249955,25.74613525249955,183.0,72.0,255.0
002377,train,114.02752685546875,25.652366638183594,0.22496643662452698,114.027525,114.027525,114.027525,25.652366701230026,25.652366701230026,25.652366701230026,176.0,79.0,255.0
002379,train,106.11799621582031,18.984474182128906,0.17889966070652008,106.118,106.118,106.118,18.984474604265454,18.984474604265454,18.984474604265454,180.0,75.0,255.0
002378,train,86.2685775756836,18.84731101989746,0.21847249567508698,86.268575,86.268575,86.268575,18.847311279579774,18.847311279579774,18.847311279579774,191.0,55.0,246.0
002384,train,120.263671875,18.328813552856445,0.15240523219108582,120.263675,120.263675,120.263675,18.328813395699544,18.328813395699544,18.328813395699544,141.0,84.0,225.0
002382,train,88.3218994140625,15.947870254516602,0.18056529760360718,88.3219,88.3219,88.3219,15.947870716493783,15.947870716493783,15.947870716493783,189.0,53.0,242.0
002380,train,111.8552017211914,20.074514389038086,0.1794687658548355,111.8552,111.8552,111.8552,20.074514513681272,20.074514513681272,20.074514513681272,171.0,84.0,255.0
002381,train,109.9354248046875,13.589986801147461,0.12361790239810944,109.935425,109.935425,109.935425,13.58998730938977,13.58998730938977,13.58998730938977,176.0,79.0,255.0
002385,train,123.4124984741211,20.402889251708984,0.16532272100448608,123.4125,123.4125,123.4125,20.40288934808009,20.40288934808009,20.40288934808009,149.0,86.0,235.0
002387,train,149.2218780517578,15.88926887512207,0.10648082941770554,149.221875,149.221875,149.221875,15.889268280332326,15.889268280332326,15.889268280332326,127.0,116.0,243.0
002383,train,70.65950012207031,13.224175453186035,0.18715353310108185,70.6595,70.6595,70.6595,13.224175201123131,13.224175201123131,13.224175201123131,76.0,47.0,123.0
002386,train,113.48390197753906,21.844514846801758,0.19248998165130615,113.4839,113.4839,113.4839,21.844513974680233,21.844513974680233,21.844513974680233,161.0,76.0,237.0
002390,train,152.6521759033203,15.937424659729004,0.10440351814031601,152.652175,152.652175,152.652175,15.937424282780922,15.937424282780922,15.937424282780922,128.0,116.0,244.0
002389,train,128.20562744140625,23.147218704223633,0.18054760992527008,128.205625,128.205625,128.205625,23.147217831942026,23.147217831942026,23.147217831942026,152.0,91.0,243.0
002393,train,77.32847595214844,13.57616901397705,0.1755649298429489,77.328475,77.328475,77.328475,13.576169532470306,13.576169532470306,13.576169532470306,65.0,51.0,116.0
002391,train,132.46339416503906,24.12858009338379,0.18215280771255493,132.4634,132.4634,132.4634,24.128580779648022,24.128580779648022,24.128580779648022,159.0,96.0,255.0
002388,train,143.15249633789062,19.600509643554688,0.1369204819202423,143.1525,143.1525,143.1525,19.600510038006664,19.600510038006664,19.600510038006664,136.0,108.0,244.0
002395,train,141.60984802246094,21.974300384521484,0.15517494082450867,141.60985,141.60985,141.60985,21.97430051167727,21.97430051167727,21.97430051167727,148.0,107.0,255.0
002394,train,76.3343734741211,13.636507034301758,0.17864176630973816,76.334375,76.334375,76.334375,13.63650682394047,13.63650682394047,13.63650682394047,63.0,50.0,113.0
002392,train,116.254150390625,18.62253189086914,0.16018810868263245,116.25415,116.25415,116.25415,18.622530917614284,18.622530917614284,18.622530917614284,150.0,82.0,232.0
002396,train,157.0841064453125,14.00046157836914,0.08912716805934906,157.0841,157.0841,157.0841,14.000461677744774,14.000461677744774,14.000461677744774,122.0,126.0,248.0
002397,train,105.64275360107422,22.918048858642578,0.21693915128707886,105.64275,105.64275,105.64275,22.91804796306832,22.91804796306832,22.91804796306832,184.0,71.0,255.0
002402,train,156.2793426513672,23.33019256591797,0.1492851972579956,156.27935,156.27935,156.27935,23.33019317488606,23.33019317488606,23.33019317488606,141.0,114.0,255.0
002400,train,139.31182861328125,28.844369888305664,0.20704896748065948,139.311825,139.311825,139.311825,28.84437016419972,28.84437016419972,28.84437016419972,155.0,100.0,255.0
002399,train,120.38919830322266,23.528356552124023,0.1954357773065567,120.3892,120.3892,120.3892,23.528355730054745,23.528355730054745,23.528355730054745,175.0,80.0,255.0
002403,train,164.32205200195312,19.306352615356445,0.11749093979597092,164.32205,164.32205,164.32205,19.306352161853365,19.306352161853365,19.306352161853365,122.0,133.0,255.0
002401,train,150.54510498046875,22.57221794128418,0.14993657171726227,150.5451,150.5451,150.5451,22.572217790682423,22.572217790682423,22.572217790682423,143.0,112.0,255.0
002398,train,126.75607299804688,20.206459045410156,0.15941216051578522,126.756075,126.756075,126.756075,20.206458759376297,20.206458759376297,20.206458759376297,166.0,89.0,255.0
002404,train,146.44168090820312,28.49788475036621,0.19460228085517883,146.441675,146.441675,146.441675,28.497884977562368,28.497884977562368,28.497884977562368,151.0,104.0,255.0
002405,train,142.23887634277344,26.087966918945312,0.18340954184532166,142.238875,142.238875,142.238875,26.08796779617713,26.08796779617713,26.08796779617713,159.0,96.0,255.0
002406,train,130.5603790283203,22.029600143432617,0.16873112320899963,130.560375,130.560375,130.560375,22.029600651382108,22.029600651382108,22.029600651382108,165.0,90.0,255.0
002408,train,104.46769714355469,22.5948429107666,0.21628545224666595,104.4677,104.4677,104.4677,22.594842480309527,22.594842480309527,22.594842480309527,173.0,71.0,244.0
002411,train,145.391357421875,28.26661491394043,0.19441743195056915,145.39135,145.39135,145.39135,28.266614497981536,28.266614497981536,28.266614497981536,148.0,107.0,255.0
002407,train,107.01119995117188,19.843530654907227,0.18543414771556854,107.0112,107.0112,107.0112,19.843531050697607,19.843531050697607,19.843531050697607,157.0,75.0,232.0
002409,train,154.34527587890625,25.06015396118164,0.16236424446105957,154.345275,154.345275,154.345275,25.060152836213412,25.060152836213412,25.060152836213412,143.0,112.0,255.0
002410,train,165.1248016357422,18.744585037231445,0.11351768672466278,165.1248,165.1248,165.1248,18.74458521707002,18.74458521707002,18.74458521707002,119.0,136.0,255.0
002412,train,109.38787841796875,24.24386978149414,0.22163213789463043,109.387875,109.387875,109.387875,24.24386990528482,24.24386990528482,24.24386990528482,179.0,71.0,250.0
002413,train,127.45439910888672,21.424222946166992,0.1680932343006134,127.4544,127.4544,127.4544,21.424223921533308,21.424223921533308,21.424223921533308,169.0,86.0,255.0
002414,train,118.37692260742188,27.07183837890625,0.22869186103343964,118.376925,118.376925,118.376925,27.07183781246436,27.07183781246436,27.07183781246436,180.0,75.0,255.0
002415,train,162.70570373535156,20.275075912475586,0.12461195886135101,162.7057,162.7057,162.7057,20.275075524150335,20.275075524150335,20.275075524150335,124.0,131.0,255.0
002418,train,127.57382202148438,29.926345825195312,0.2345806211233139,127.573825,127.573825,127.573825,29.92634708529217,29.92634708529217,29.92634708529217,181.0,74.0,255.0
002417,train,140.6154022216797,20.355266571044922,0.1447584480047226,140.6154,140.6154,140.6154,20.355267938300393,20.355267938300393,20.355267938300393,148.0,107.0,255.0
002419,train,101.22875213623047,15.08491039276123,0.1490180343389511,101.22875,101.22875,101.22875,15.084910455070656,15.084910455070656,15.084910455070656,80.0,67.0,147.0
002416,train,138.494873046875,20.356374740600586,0.14698287844657898,138.494875,138.494875,138.494875,20.35637427771397,20.35637427771397,20.35637427771397,160.0,95.0,255.0
002420,train,143.68173217773438,14.783903121948242,0.1028934046626091,143.681725,143.681725,143.681725,14.783904288934469,14.783904288934469,14.783904288934469,115.0,103.0,218.0
002422,train,129.1622314453125,14.890921592712402,0.11528851091861725,129.162225,129.162225,129.162225,14.890920322443977,14.890920322443977,14.890920322443977,134.0,73.0,207.0
002421,train,113.93817138671875,17.69180679321289,0.15527550876140594,113.938175,113.938175,113.938175,17.691807501478614,17.691807501478614,17.691807501478614,121.0,67.0,188.0
002424,train,80.10237121582031,19.90230941772461,0.24846093356609344,80.102375,80.102375,80.102375,19.90230876957181,19.90230876957181,19.90230876957181,105.0,35.0,140.0
002426,train,90.15640258789062,18.84038543701172,0.2089744657278061,90.1564,90.1564,90.1564,18.840384524738344,18.840384524738344,18.840384524738344,122.0,49.0,171.0
002425,train,51.1890754699707,13.527119636535645,0.26425793766975403,51.189075,51.189075,51.189075,13.527120005543493,13.527120005543493,13.527120005543493,94.0,26.0,120.0
002423,train,106.84120178222656,17.87367057800293,0.16729192435741425,106.8412,106.8412,106.8412,17.87367009206559,17.87367009206559,17.87367009206559,126.0,63.0,189.0
002427,train,103.70402526855469,24.25990104675293,0.23393402993679047,103.704025,103.704025,103.704025,24.259901562029782,24.259901562029782,24.259901562029782,200.0,55.0,255.0
002430,train,103.96167755126953,19.257888793945312,0.1852402687072754,103.961675,103.961675,103.961675,19.257889453270185,19.257889453270185,19.257889453270185,112.0,64.0,176.0
002428,train,112.36592864990234,24.875904083251953,0.2213829755783081,112.365925,112.365925,112.365925,24.8759044839454,24.8759044839454,24.8759044839454,195.0,60.0,255.0
002429,train,122.65010070800781,26.04585838317871,0.21235904097557068,122.6501,122.6501,122.6501,26.045857060000923,26.045857060000923,26.045857060000923,193.0,62.0,255.0
002432,train,128.4429473876953,18.089954376220703,0.14084038138389587,128.44295,128.44295,128.44295,18.089954264660264,18.089954264660264,18.089954264660264,152.0,78.0,230.0
002431,train,118.67257690429688,19.110637664794922,0.1610366851091385,118.672575,118.672575,118.672575,19.110637557898873,19.110637557898873,19.110637557898873,155.0,76.0,231.0
002433,train,133.48876953125,16.858821868896484,0.12629392743110657,133.488775,133.488775,133.488775,16.858821844938483,16.858821844938483,16.858821844938483,146.0,72.0,218.0
002434,train,86.91470336914062,19.995018005371094,0.23005333542823792,86.9147,86.9147,86.9147,19.99501747711164,19.99501747711164,19.99501747711164,91.0,47.0,138.0
002435,train,79.68507385253906,18.620433807373047,0.2336753010749817,79.685075,79.685075,79.685075,18.62043359442457,18.62043359442457,18.62043359442457,98.0,43.0,141.0
002437,train,95.30435180664062,20.970399856567383,0.220036119222641,95.30435,95.30435,95.30435,20.970399878817286,20.970399878817286,20.970399878817286,106.0,48.0,154.0
002438,train,79.87885284423828,16.892122268676758,0.2114717662334442,79.87885,79.87885,79.87885,16.892121615637866,16.892121615637866,16.892121615637866,88.0,50.0,138.0
002436,train,63.6411018371582,16.755449295043945,0.26328030228614807,63.6411,63.6411,63.6411,16.75544809278463,16.75544809278463,16.75544809278463,103.0,34.0,137.0
002441,train,136.6603546142578,20.33707046508789,0.14881470799446106,136.66035,136.66035,136.66035,20.337069304044277,20.337069304044277,20.337069304044277,154.0,92.0,246.0
002440,train,135.62942504882812,16.72164535522461,0.12328921258449554,135.629425,135.629425,135.629425,16.72164463111733,16.72164463111733,16.72164463111733,138.0,95.0,233.0
002442,train,129.9291229248047,22.495052337646484,0.1731332540512085,129.929125,129.929125,129.929125,22.495052827996982,22.495052827996982,22.495052827996982,191.0,55.0,246.0
002439,train,53.759525299072266,13.269686698913574,0.2468341439962387,53.759525,53.759525,53.759525,13.269687139280073,13.269687139280073,13.269687139280073,86.0,29.0,115.0
002444,train,148.37022399902344,22.649126052856445,0.152652770280838,148.370225,148.370225,148.370225,22.649124893676905,22.649124893676905,22.649124893676905,157.0,92.0,249.0
002443,train,137.9208526611328,20.856643676757812,0.15122182667255402,137.92085,137.92085,137.92085,20.85664367240089,20.85664367240089,20.85664367240089,175.0,80.0,255.0
002445,train,128.0706787109375,17.623586654663086,0.13760828971862793,128.070675,128.070675,128.070675,17.623587320530827,17.623587320530827,17.623587320530827,181.0,74.0,255.0
002446,train,90.74327850341797,17.070241928100586,0.18811577558517456,90.743275,90.743275,90.743275,17.07024362082671,17.07024362082671,17.07024362082671,114.0,54.0,168.0
002450,train,119.90534973144531,28.292095184326172,0.23595356941223145,119.90535,119.90535,119.90535,28.29209680065265,28.29209680065265,28.29209680065265,177.0,78.0,255.0
002449,train,113.29122161865234,26.074432373046875,0.23015403747558594,113.291225,113.291225,113.291225,26.074432170219453,26.074432170219453,26.074432170219453,187.0,68.0,255.0
002453,train,40.79712677001953,12.308907508850098,0.3017101585865021,40.797125,40.797125,40.797125,12.3089080236378,12.3089080236378,12.3089080236378,100.0,23.0,123.0
002447,train,142.46304321289062,22.607561111450195,0.1586907058954239,142.46305,142.46305,142.46305,22.607560343776594,22.607560343776594,22.607560343776594,179.0,76.0,255.0
002452,train,72.28690338134766,29.388137817382812,0.4065485894680023,72.2869,72.2869,72.2869,29.388137715581774,29.388137715581774,29.388137715581774,220.0,35.0,255.0
002454,train,103.44249725341797,27.04266929626465,0.2614270746707916,103.4425,103.4425,103.4425,27.042670795429952,27.042670795429952,27.042670795429952,187.0,68.0,255.0
002448,train,82.75717163085938,16.899721145629883,0.20420853793621063,82.757175,82.757175,82.757175,16.8997222172252,16.8997222172252,16.8997222172252,181.0,48.0,229.0
002451,train,102.82937622070312,32.601802825927734,0.3170475661754608,102.829375,102.829375,102.829375,32.60180381680399,32.60180381680399,32.60180381680399,199.0,56.0,255.0
002455,train,116.9989242553711,29.650117874145508,0.2534221410751343,116.998925,116.998925,116.998925,29.6501192888726,29.6501192888726,29.6501192888726,178.0,77.0,255.0
002458,train,81.94282531738281,27.709924697875977,0.3381617069244385,81.942825,81.942825,81.942825,27.709924323595235,27.709924323595235,27.709924323595235,213.0,42.0,255.0
002462,train,109.1094970703125,42.32568359375,0.3879193365573883,109.1095,109.1095,109.1095,42.32568321657667,42.32568321657667,42.32568321657667,205.0,50.0,255.0
002457,train,86.19442749023438,32.75251770019531,0.37998417019844055,86.194425,86.194425,86.194425,32.75252087884801,32.75252087884801,32.75252087884801,208.0,47.0,255.0
002456,train,99.56682586669922,24.800350189208984,0.24908246099948883,99.566825,99.566825,99.566825,24.800350489849432,24.800350489849432,24.800350489849432,198.0,57.0,255.0
002461,train,110.16587829589844,37.71840286254883,0.34237825870513916,110.165875,110.165875,110.165875,37.71840280929688,37.71840280929688,37.71840280929688,207.0,48.0,255.0
002459,train,86.0397720336914,25.66475486755371,0.2982894480228424,86.039775,86.039775,86.039775,25.66475390393165,25.66475390393165,25.66475390393165,209.0,46.0,255.0
002460,train,100.44824981689453,37.7172966003418,0.37548983097076416,100.44825,100.44825,100.44825,37.71729804661914,37.71729804661914,37.71729804661914,207.0,48.0,255.0
002466,train,134.46389770507812,35.86809158325195,0.2667488753795624,134.4639,134.4639,134.4639,35.86809092759189,35.86809092759189,35.86809092759189,176.0,79.0,255.0
002463,train,123.01599884033203,40.10274887084961,0.3259962201118469,123.016,123.016,123.016,40.102748584105804,40.102748584105804,40.102748584105804,194.0,61.0,255.0
002465,train,125.61215209960938,41.73636245727539,0.3322637379169464,125.61215,125.61215,125.61215,41.736365107391656,41.736365107391656,41.736365107391656,185.0,70.0,255.0
002470,train,132.99554443359375,32.093563079833984,0.24131307005882263,132.99555,132.99555,132.99555,32.09356368802785,32.09356368802785,32.09356368802785,187.0,68.0,255.0
002469,train,133.335693359375,35.09109878540039,0.26317858695983887,133.3357,133.3357,133.3357,35.09109724004081,35.09109724004081,35.09109724004081,169.0,86.0,255.0
002464,train,135.57534790039062,36.0406379699707,0.2658347487449646,135.57535,135.57535,135.57535,36.04063917825959,36.04063917825959,36.04063917825959,175.0,80.0,255.0
002468,train,128.03347778320312,38.014129638671875,0.2969077229499817,128.033475,128.033475,128.033475,38.014129668116496,38.014129668116496,38.014129668116496,204.0,51.0,255.0
002467,train,137.8563690185547,35.698665618896484,0.2589555084705353,137.856375,137.856375,137.856375,35.698665197166335,35.698665197166335,35.698665197166335,163.0,92.0,255.0
002475,train,64.38717651367188,19.91263198852539,0.3092639446258545,64.387175,64.387175,64.387175,19.912632184605204,19.912632184605204,19.912632184605204,194.0,31.0,225.0
002473,train,120.65262603759766,33.56169128417969,0.2781679332256317,120.652625,120.652625,120.652625,33.56169104215959,33.56169104215959,33.56169104215959,190.0,65.0,255.0
002471,train,118.27269744873047,38.544044494628906,0.32589131593704224,118.2727,118.2727,118.2727,38.54404538589586,38.54404538589586,38.54404538589586,203.0,52.0,255.0
002474,train,100.06427764892578,16.585227966308594,0.16574573516845703,100.064275,100.064275,100.064275,16.58522667087716,16.58522667087716,16.58522667087716,170.0,70.0,240.0
002478,train,53.21165084838867,21.861658096313477,0.41084346175193787,53.21165,53.21165,53.21165,21.861658314901455,21.861658314901455,21.861658314901455,174.0,25.0,199.0
002476,train,38.11745071411133,12.097762107849121,0.31738120317459106,38.11745,38.11745,38.11745,12.097762416971992,12.097762416971992,12.097762416971992,108.0,19.0,127.0
002477,train,74.24015045166016,21.60616111755371,0.2910306751728058,74.24015,74.24015,74.24015,21.60616180577892,21.60616180577892,21.60616180577892,167.0,27.0,194.0
002472,train,113.56077575683594,38.8060188293457,0.3417202830314636,113.560775,113.560775,113.560775,38.80601830128125,38.80601830128125,38.80601830128125,194.0,61.0,255.0
002479,train,68.34892272949219,24.004261016845703,0.35120174288749695,68.348925,68.348925,68.348925,24.00426162881031,24.00426162881031,24.00426162881031,168.0,28.0,196.0
002480,train,62.72162628173828,22.966468811035156,0.36616507172584534,62.721625,62.721625,62.721625,22.966467563806475,22.966467563806475,22.966467563806475,166.0,31.0,197.0
002484,train,92.05647277832031,30.963001251220703,0.33634790778160095,92.056475,92.056475,92.056475,30.963001075063364,30.963001075063364,30.963001075063364,212.0,43.0,255.0
002482,train,54.24977493286133,17.47262191772461,0.32207730412483215,54.249775,54.249775,54.249775,17.47262251207228,17.47262251207228,17.47262251207228,156.0,23.0,179.0
002481,train,90.53980255126953,21.7764892578125,0.24051840603351593,90.5398,90.5398,90.5398,21.776488834520592,21.776488834520592,21.776488834520592,173.0,30.0,203.0
002485,train,109.34977722167969,29.984294891357422,0.27420535683631897,109.349775,109.349775,109.349775,29.984295597018363,29.984295597018363,29.984295597018363,197.0,58.0,255.0
002483,train,80.62100219726562,23.514493942260742,0.291667103767395,80.621,80.621,80.621,23.51449465755112,23.51449465755112,23.51449465755112,168.0,40.0,208.0
002486,train,114.25272369384766,38.416015625,0.33623719215393066,114.252725,114.252725,114.252725,38.41601625721198,38.41601625721198,38.41601625721198,198.0,57.0,255.0
002489,train,128.0836944580078,48.91594696044922,0.381906121969223,128.0837,128.0837,128.0837,48.91594570597608,48.91594570597608,48.91594570597608,192.0,63.0,255.0
002488,train,128.6596221923828,37.81141662597656,0.293887197971344,128.659625,128.659625,128.659625,37.811414544544284,37.811414544544284,37.811414544544284,182.0,73.0,255.0
002491,train,144.14109802246094,44.17999267578125,0.3065051734447479,144.1411,144.1411,144.1411,44.179993671230875,44.179993671230875,44.179993671230875,201.0,54.0,255.0
002492,train,137.53147888183594,42.2924919128418,0.3075113594532013,137.531475,137.531475,137.531475,42.292492942889695,42.292492942889695,42.292492942889695,192.0,63.0,255.0
002487,train,123.12104797363281,38.648921966552734,0.31390994787216187,123.12105,123.12105,123.12105,38.648921031479006,38.648921031479006,38.648921031479006,183.0,72.0,255.0
002493,train,126.7146224975586,47.11591720581055,0.37182700634002686,126.714625,126.714625,126.714625,47.11591754502267,47.11591754502267,47.11591754502267,185.0,70.0,255.0
002490,train,138.10421752929688,46.52692794799805,0.33689722418785095,138.104225,138.104225,138.104225,46.526926743009525,46.526926743009525,46.526926743009525,201.0,54.0,255.0
002494,train,140.9691925048828,38.125370025634766,0.27045178413391113,140.9692,140.9692,140.9692,38.125371491435985,38.125371491435985,38.125371491435985,167.0,88.0,255.0
002496,train,106.64872741699219,34.16819381713867,0.32038068771362305,106.648725,106.648725,106.648725,34.16819106821979,34.16819106821979,34.16819106821979,210.0,45.0,255.0
002495,train,124.2092514038086,38.2557487487793,0.30799436569213867,124.20925,124.20925,124.20925,38.25574942982427,38.25574942982427,38.25574942982427,196.0,59.0,255.0
002497,train,105.42357635498047,31.702360153198242,0.3007141351699829,105.423575,105.423575,105.423575,31.702359679042427,31.702359679042427,31.702359679042427,208.0,47.0,255.0
002498,train,116.08045196533203,31.910863876342773,0.27490299940109253,116.08045,116.08045,116.08045,31.9108653564503,31.9108653564503,31.9108653564503,185.0,70.0,255.0
002502,train,72.37830352783203,20.620439529418945,0.2848980724811554,72.3783,72.3783,72.3783,20.6204398379375,20.6204398379375,20.6204398379375,212.0,43.0,255.0
002499,train,76.71495056152344,21.99802017211914,0.28675010800361633,76.71495,76.71495,76.71495,21.998020285868908,21.998020285868908,21.998020285868908,163.0,47.0,210.0
002501,train,68.7001724243164,17.605947494506836,0.25627225637435913,68.700175,68.700175,68.700175,17.605947289747718,17.605947289747718,17.605947289747718,180.0,44.0,224.0
002500,train,51.45987319946289,12.777521133422852,0.2483006715774536,51.459875,51.459875,51.459875,12.77752088569512,12.77752088569512,12.77752088569512,116.0,21.0,137.0
002503,train,80.61910247802734,15.63048267364502,0.19388063251972198,80.6191,80.6191,80.6191,15.63048352387091,15.63048352387091,15.63048352387091,202.0,53.0,255.0
002505,train,92.82667541503906,27.19916343688965,0.2930102050304413,92.826675,92.826675,92.826675,27.19916328574052,27.19916328574052,27.19916328574052,195.0,60.0,255.0
002507,train,96.30770111083984,26.687164306640625,0.27710312604904175,96.3077,96.3077,96.3077,26.687165842591828,26.687165842591828,26.687165842591828,199.0,54.0,253.0
002506,train,83.63622283935547,24.163265228271484,0.28890907764434814,83.636225,83.636225,83.636225,24.16326639238526,24.16326639238526,24.16326639238526,200.0,55.0,255.0
002510,train,94.29072570800781,26.9306697845459,0.28561314940452576,94.290725,94.290725,94.290725,26.930669393358475,26.930669393358475,26.930669393358475,197.0,58.0,255.0
002504,train,92.53904724121094,19.585262298583984,0.21164321899414062,92.53905,92.53905,92.53905,19.585262957068,19.585262957068,19.585262957068,192.0,63.0,255.0
002508,train,100.63990020751953,23.134733200073242,0.2298763543367386,100.6399,100.6399,100.6399,23.134733151475942,23.134733151475942,23.134733151475942,191.0,64.0,255.0
002509,train,97.49034881591797,29.186349868774414,0.29937681555747986,97.49035,97.49035,97.49035,29.186348810317128,29.186348810317128,29.186348810317128,208.0,47.0,255.0
002511,train,79.73159790039062,17.327302932739258,0.21732039749622345,79.7316,79.7316,79.7316,17.327302485961283,17.327302485961283,17.327302485961283,161.0,53.0,214.0
002514,train,94.4813232421875,26.405805587768555,0.2794817388057709,94.481325,94.481325,94.481325,26.40580525650326,26.40580525650326,26.40580525650326,194.0,61.0,255.0
002513,train,104.27974700927734,28.564254760742188,0.2739194929599762,104.27975,104.27975,104.27975,28.564253708744083,28.564253708744083,28.564253708744083,188.0,67.0,255.0
002512,train,102.57665252685547,29.59883689880371,0.2885533571243286,102.57665,102.57665,102.57665,29.598839078205415,29.598839078205415,29.598839078205415,199.0,56.0,255.0
002517,train,67.56815338134766,17.637771606445312,0.26103675365448,67.56815,67.56815,67.56815,17.63777212624939,17.63777212624939,17.63777212624939,126.0,33.0,159.0
002519,train,42.32072448730469,11.725025177001953,0.2770516276359558,42.320725,42.320725,42.320725,11.725024966897724,11.725024966897724,11.725024966897724,126.0,23.0,149.0
002518,train,64.18495178222656,15.728609085083008,0.24505135416984558,64.18495,64.18495,64.18495,15.728609077013136,15.728609077013136,15.728609077013136,152.0,34.0,186.0
002515,train,90.89417266845703,23.610639572143555,0.25975966453552246,90.894175,90.894175,90.894175,23.61063904407026,23.61063904407026,23.61063904407026,172.0,59.0,231.0
002516,train,92.35252380371094,27.353403091430664,0.2961846888065338,92.352525,92.352525,92.352525,27.353403830682115,27.353403830682115,27.353403830682115,198.0,53.0,251.0
002520,train,37.523075103759766,11.791792869567871,0.31425443291664124,37.523075,37.523075,37.523075,11.79179238048122,11.79179238048122,11.79179238048122,107.0,21.0,128.0
002522,train,50.3484001159668,16.137859344482422,0.32052376866340637,50.3484,50.3484,50.3484,16.137859754007035,16.137859754007035,16.137859754007035,128.0,27.0,155.0
002523,train,34.887176513671875,10.317259788513184,0.29573214054107666,34.887175,34.887175,34.887175,10.31725959348581,10.31725959348581,10.31725959348581,123.0,21.0,144.0
002526,train,75.7352523803711,22.880552291870117,0.30211231112480164,75.73525,75.73525,75.73525,22.880554133095202,22.880554133095202,22.880554133095202,197.0,48.0,245.0
002524,train,77.62249755859375,21.044391632080078,0.27111202478408813,77.6225,77.6225,77.6225,21.044392216217602,21.044392216217602,21.044392216217602,202.0,39.0,241.0
002521,train,38.243873596191406,9.731826782226562,0.25446760654449463,38.243875,38.243875,38.243875,9.731826651989595,9.731826651989595,9.731826651989595,113.0,24.0,137.0
002525,train,66.56642150878906,17.581859588623047,0.2641250491142273,66.566425,66.566425,66.566425,17.581859620625316,17.581859620625316,17.581859620625316,174.0,41.0,215.0
002527,train,80.183349609375,27.81903839111328,0.34694284200668335,80.18335,80.18335,80.18335,27.819039034041058,27.819039034041058,27.819039034041058,201.0,54.0,255.0
002529,train,92.95087432861328,35.96742630004883,0.38695091009140015,92.950875,92.950875,92.950875,35.967426398539764,35.967426398539764,35.967426398539764,194.0,61.0,255.0
002531,train,91.37024688720703,34.81117630004883,0.38099029660224915,91.37025,91.37025,91.37025,34.81117442628875,34.81117442628875,34.81117442628875,195.0,60.0,255.0
002530,train,98.27662658691406,34.9526252746582,0.3556555211544037,98.276625,98.276625,98.276625,34.95262298611328,34.95262298611328,34.95262298611328,190.0,65.0,255.0
002533,train,69.6239242553711,31.18406867980957,0.4478929936885834,69.623925,69.623925,69.623925,31.18406873059343,31.18406873059343,31.18406873059343,218.0,37.0,255.0
002528,train,94.14959716796875,34.23146057128906,0.36358582973480225,94.1496,94.1496,94.1496,34.231461695931124,34.231461695931124,34.231461695931124,194.0,61.0,255.0
002535,train,93.27435302734375,33.800540924072266,0.3623776435852051,93.27435,93.27435,93.27435,33.80053893176113,33.80053893176113,33.80053893176113,194.0,61.0,255.0
002534,train,66.84190368652344,25.31891632080078,0.3787880837917328,66.8419,66.8419,66.8419,25.31891594026095,25.31891594026095,25.31891594026095,200.0,40.0,240.0
002532,train,80.2969970703125,34.66011428833008,0.43164893984794617,80.297,80.297,80.297,34.660113834204296,34.660113834204296,34.660113834204296,204.0,51.0,255.0
002536,train,93.45897674560547,39.30316925048828,0.4205392599105835,93.458975,93.458975,93.458975,39.3031680268827,39.3031680268827,39.3031680268827,200.0,55.0,255.0
002539,train,84.4749984741211,20.363258361816406,0.2410566359758377,84.475,84.475,84.475,20.363257966248916,20.363257966248916,20.363257966248916,200.0,55.0,255.0
002540,train,81.8393783569336,21.234050750732422,0.25946006178855896,81.839375,81.839375,81.839375,21.234051064490142,21.234051064490142,21.234051064490142,200.0,55.0,255.0
002538,train,83.09687805175781,21.416305541992188,0.2577269673347473,83.096875,83.096875,83.096875,21.416305475837213,21.416305475837213,21.416305475837213,202.0,53.0,255.0
002541,train,77.45774841308594,21.289663314819336,0.2748551666736603,77.45775,77.45775,77.45775,21.289663335466347,21.289663335466347,21.289663335466347,205.0,50.0,255.0
002543,train,66.00975036621094,11.709449768066406,0.1773896962404251,66.00975,66.00975,66.00975,11.709449386606527,11.709449386606527,11.709449386606527,209.0,46.0,255.0
002537,train,83.41352844238281,20.933317184448242,0.25095829367637634,83.413525,83.413525,83.413525,20.93331846780092,20.93331846780092,20.93331846780092,203.0,52.0,255.0
002542,train,75.5406494140625,18.549978256225586,0.2455628663301468,75.54065,75.54065,75.54065,18.549979719058996,18.549979719058996,18.549979719058996,207.0,48.0,255.0
002545,train,60.628875732421875,11.064173698425293,0.18249017000198364,60.628875,60.628875,60.628875,11.064173770976982,11.064173770976982,11.064173770976982,118.0,40.0,158.0
002544,train,66.78407287597656,13.474709510803223,0.20176531374454498,66.784075,66.784075,66.784075,13.474709696107556,13.474709696107556,13.474709696107556,210.0,45.0,255.0
002548,train,62.877201080322266,11.028976440429688,0.17540501058101654,62.8772,62.8772,62.8772,11.028976387679863,11.028976387679863,11.028976387679863,140.0,41.0,181.0
002546,train,67.20512390136719,11.117151260375977,0.16542118787765503,67.205125,67.205125,67.205125,11.117151106932702,11.117151106932702,11.117151106932702,126.0,44.0,170.0
002547,train,66.30269622802734,12.32506275177002,0.1858908236026764,66.3027,66.3027,66.3027,12.325062787264006,12.325062787264006,12.325062787264006,156.0,41.0,197.0
002550,train,51.941349029541016,12.898969650268555,0.24833720922470093,51.94135,51.94135,51.94135,12.89896934555238,12.89896934555238,12.89896934555238,146.0,30.0,176.0
002549,train,57.69267654418945,13.205270767211914,0.22888989746570587,57.692675,57.692675,57.692675,13.20527077891154,13.20527077891154,13.20527077891154,147.0,30.0,177.0
002551,train,49.26089859008789,11.857611656188965,0.24071042239665985,49.2609,49.2609,49.2609,11.857610686390409,11.857610686390409,11.857610686390409,148.0,31.0,179.0
002553,train,70.85012817382812,11.00485610961914,0.15532584488391876,70.850125,70.850125,70.850125,11.0048563136633,11.0048563136633,11.0048563136633,156.0,43.0,199.0
002552,train,70.01237487792969,8.551474571228027,0.12214232981204987,70.012375,70.012375,70.012375,8.551474835335423,8.551474835335423,8.551474835335423,103.0,48.0,151.0
002556,train,83.91999816894531,18.01502799987793,0.21466906368732452,83.92,83.92,83.92,18.015028448492664,18.015028448492664,18.015028448492664,195.0,48.0,243.0
002559,train,83.62297821044922,15.987164497375488,0.191181480884552,83.622975,83.622975,83.622975,15.987164449938424,15.987164449938424,15.987164449938424,194.0,56.0,250.0
002557,train,82.0584716796875,15.807101249694824,0.19263216853141785,82.058475,82.058475,82.058475,15.807101431773475,15.807101431773475,15.807101431773475,207.0,48.0,255.0
002554,train,64.39332580566406,9.101593971252441,0.14134374260902405,64.393325,64.393325,64.393325,9.101594390235977,9.101594390235977,9.101594390235977,128.0,42.0,170.0
002558,train,75.79319763183594,9.64500617980957,0.12725424766540527,75.7932,75.7932,75.7932,9.645005638152837,9.645005638152837,9.645005638152837,110.0,52.0,162.0
002555,train,67.24637603759766,7.608529567718506,0.11314408481121063,67.246375,67.246375,67.246375,7.608529710750625,7.608529710750625,7.608529710750625,87.0,42.0,129.0
002561,train,87.125,19.279565811157227,0.22128626704216003,87.125,87.125,87.125,19.27956495878473,19.27956495878473,19.27956495878473,200.0,55.0,255.0
002560,train,83.37039947509766,16.99900245666504,0.20389734208583832,83.3704,83.3704,83.3704,16.999001554209,16.999001554209,16.999001554209,177.0,51.0,228.0
002566,train,61.90045166015625,12.858345031738281,0.20772619545459747,61.90045,61.90045,61.90045,12.858345142260726,12.858345142260726,12.858345142260726,150.0,42.0,192.0
002567,train,58.34182357788086,13.999900817871094,0.2399633675813675,58.341825,58.341825,58.341825,13.999901094985457,13.999901094985457,13.999901094985457,159.0,35.0,194.0
002562,train,84.75309753417969,17.76502799987793,0.20960919559001923,84.7531,84.7531,84.7531,17.765028578361477,17.765028578361477,17.765028578361477,199.0,53.0,252.0
002565,train,76.0272216796875,14.491613388061523,0.1906108558177948,76.027225,76.027225,76.027225,14.491612532750626,14.491612532750626,14.491612532750626,189.0,52.0,241.0
002564,train,80.81627655029297,15.624361991882324,0.19333186745643616,80.816275,80.816275,80.816275,15.624361430931344,15.624361430931344,15.624361430931344,199.0,56.0,255.0
002563,train,87.47544860839844,17.457136154174805,0.19956612586975098,87.47545,87.47545,87.47545,17.457135999284073,17.457135999284073,17.457135999284073,196.0,59.0,255.0
002569,train,81.37149810791016,15.672615051269531,0.19260570406913757,81.3715,81.3715,81.3715,15.672615855370156,15.672615855370156,15.672615855370156,170.0,51.0,221.0
002568,train,57.56795120239258,9.820294380187988,0.17058613896369934,57.56795,57.56795,57.56795,9.82029443537718,9.82029443537718,9.82029443537718,142.0,36.0,178.0
002570,train,67.17452239990234,12.798352241516113,0.1905239075422287,67.174525,67.174525,67.174525,12.798352082372753,12.798352082372753,12.798352082372753,175.0,31.0,206.0
002574,train,59.07902526855469,12.953740119934082,0.21926122903823853,59.079025,59.079025,59.079025,12.953740002384446,12.953740002384446,12.953740002384446,148.0,33.0,181.0
002573,train,62.3140983581543,14.312606811523438,0.22968488931655884,62.3141,62.3141,62.3141,14.312607770423948,14.312607770423948,14.312607770423948,133.0,26.0,159.0
002572,train,39.725425720214844,7.365726947784424,0.18541593849658966,39.725425,39.725425,39.725425,7.365726954576514,7.365726954576514,7.365726954576514,88.0,25.0,113.0
002571,train,73.64827728271484,14.352962493896484,0.1948852390050888,73.648275,73.648275,73.648275,14.352961872880977,14.352961872880977,14.352961872880977,148.0,31.0,179.0
002575,train,70.76862335205078,11.122759819030762,0.15717078745365143,70.768625,70.768625,70.768625,11.122760026601986,11.122760026601986,11.122760026601986,154.0,46.0,200.0
002576,train,84.67742156982422,18.0655574798584,0.21334563195705414,84.677425,84.677425,84.677425,18.06555757150537,18.06555757150537,18.06555757150537,205.0,47.0,252.0
002577,train,80.90087127685547,12.27873420715332,0.151775062084198,80.900875,80.900875,80.900875,12.278733616883093,12.278733616883093,12.278733616883093,168.0,51.0,219.0
002578,train,89.79322814941406,19.869266510009766,0.22127801179885864,89.793225,89.793225,89.793225,19.869265690995604,19.869265690995604,19.869265690995604,202.0,53.0,255.0
002580,train,60.564849853515625,13.760313987731934,0.22719967365264893,60.56485,60.56485,60.56485,13.760314112602954,13.760314112602954,13.760314112602954,157.0,37.0,194.0
002579,train,82.69695281982422,16.091768264770508,0.19458720088005066,82.69695,82.69695,82.69695,16.091768414239002,16.091768414239002,16.091768414239002,197.0,58.0,255.0
002581,train,84.5218734741211,17.707183837890625,0.20949824154376984,84.521875,84.521875,84.521875,17.707184177174387,17.707184177174387,17.707184177174387,201.0,54.0,255.0
002582,train,73.3437728881836,11.97816276550293,0.16331534087657928,73.343775,73.343775,73.343775,11.978163204322062,11.978163204322062,11.978163204322062,172.0,41.0,213.0
002584,train,58.85660171508789,13.48879337310791,0.22918063402175903,58.8566,58.8566,58.8566,13.488792994185951,13.488792994185951,13.488792994185951,172.0,32.0,204.0
002585,train,58.447200775146484,14.574419975280762,0.24936044216156006,58.4472,58.4472,58.4472,14.574419788108205,14.574419788108205,14.574419788108205,179.0,23.0,202.0
002583,train,57.740848541259766,13.955946922302246,0.2416997253894806,57.74085,57.74085,57.74085,13.9559464486469,13.9559464486469,13.9559464486469,159.0,35.0,194.0
002587,train,39.7756233215332,7.328538417816162,0.1842469722032547,39.775625,39.775625,39.775625,7.328538794287372,7.328538794287372,7.328538794287372,89.0,25.0,114.0
002586,train,66.02320098876953,8.46432876586914,0.12820233404636383,66.0232,66.0232,66.0232,8.464328783784335,8.464328783784335,8.464328783784335,92.0,38.0,130.0
002588,train,70.94237518310547,11.472460746765137,0.16171520948410034,70.942375,70.942375,70.942375,11.47246069330268,11.47246069330268,11.47246069330268,197.0,49.0,246.0
002589,train,71.5844497680664,15.541906356811523,0.21711288392543793,71.58445,71.58445,71.58445,15.541906839171956,15.541906839171956,15.541906839171956,209.0,46.0,255.0
002590,train,75.9875259399414,19.734010696411133,0.2597006559371948,75.987525,75.987525,75.987525,19.734010473656262,19.734010473656262,19.734010473656262,207.0,48.0,255.0
002593,train,82.78309631347656,21.20991325378418,0.25621068477630615,82.7831,82.7831,82.7831,21.209912880301985,21.209912880301985,21.209912880301985,200.0,55.0,255.0
002591,train,84.46749877929688,19.128101348876953,0.22645516693592072,84.4675,84.4675,84.4675,19.128100892404348,19.128100892404348,19.128100892404348,214.0,36.0,250.0
002592,train,84.06622314453125,20.41189193725586,0.2428072839975357,84.066225,84.066225,84.066225,20.411892103608988,20.411892103608988,20.411892103608988,214.0,41.0,255.0
002595,train,60.52312469482422,22.310523986816406,0.3686280846595764,60.523125,60.523125,60.523125,22.310523643213198,22.310523643213198,22.310523643213198,186.0,36.0,222.0
002594,train,75.86527252197266,17.90431022644043,0.2360014021396637,75.865275,75.865275,75.865275,17.904310212191223,17.904310212191223,17.904310212191223,203.0,52.0,255.0
002597,train,73.30445098876953,32.236873626708984,0.43976694345474243,73.30445,73.30445,73.30445,32.2368734556796,32.2368734556796,32.2368734556796,210.0,45.0,255.0
002596,train,64.67237854003906,27.10987091064453,0.4191877841949463,64.672375,64.672375,64.672375,27.109869731508763,27.109869731508763,27.109869731508763,201.0,40.0,241.0
002598,train,93.56617736816406,34.11784744262695,0.36463868618011475,93.566175,93.566175,93.566175,34.11784680880924,34.11784680880924,34.11784680880924,194.0,61.0,255.0
002599,train,96.25772857666016,35.27564239501953,0.3664707541465759,96.257725,96.257725,96.257725,35.275640360231236,35.275640360231236,35.275640360231236,192.0,63.0,255.0
002600,train,88.09095001220703,34.04491424560547,0.386474609375,88.09095,88.09095,88.09095,34.04491266103498,34.04491266103498,34.04491266103498,194.0,61.0,255.0
002603,train,65.48619842529297,19.802867889404297,0.30239757895469666,65.4862,65.4862,65.4862,19.80286872046573,19.80286872046573,19.80286872046573,177.0,42.0,219.0
002601,train,82.8364486694336,22.938430786132812,0.27691230177879333,82.83645,82.83645,82.83645,22.93843175540778,22.93843175540778,22.93843175540778,197.0,49.0,246.0
002604,train,91.59964752197266,25.910476684570312,0.28286656737327576,91.59965,91.59965,91.59965,25.910477029138235,25.910477029138235,25.910477029138235,199.0,56.0,255.0
002602,train,69.61579895019531,19.50052833557129,0.28011640906333923,69.6158,69.6158,69.6158,19.500527950801743,19.500527950801743,19.500527950801743,178.0,44.0,222.0
002605,train,105.7571029663086,27.005542755126953,0.2553544044494629,105.7571,105.7571,105.7571,27.005544793430847,27.005544793430847,27.005544793430847,190.0,65.0,255.0
002606,train,100.76107788085938,18.389406204223633,0.1825050562620163,100.761075,100.761075,100.761075,18.389405641411443,18.389405641411443,18.389405641411443,185.0,70.0,255.0
002608,train,82.13475036621094,14.372964859008789,0.17499250173568726,82.13475,82.13475,82.13475,14.372963940589985,14.372963940589985,14.372963940589985,204.0,51.0,255.0
002607,train,95.29194641113281,15.137791633605957,0.15885698795318604,95.29195,95.29195,95.29195,15.137790961613257,15.137790961613257,15.137790961613257,189.0,66.0,255.0
002612,train,84.9499282836914,22.54987335205078,0.26544898748397827,84.949925,84.949925,84.949925,22.549871784433165,22.549871784433165,22.549871784433165,199.0,56.0,255.0
002611,train,103.25589752197266,27.092065811157227,0.26237788796424866,103.2559,103.2559,103.2559,27.092065539378872,27.092065539378872,27.092065539378872,191.0,64.0,255.0
002609,train,93.466552734375,19.51081657409668,0.2087465077638626,93.46655,93.46655,93.46655,19.510818309273958,19.510818309273958,19.510818309273958,193.0,62.0,255.0
002613,train,98.0500259399414,26.921003341674805,0.2745639681816101,98.050025,98.050025,98.050025,26.921003370962516,26.921003370962516,26.921003370962516,199.0,56.0,255.0
002610,train,99.78882598876953,18.89021110534668,0.18930186331272125,99.788825,99.788825,99.788825,18.890211224848045,18.890211224848045,18.890211224848045,193.0,62.0,255.0
002614,train,103.25807189941406,25.487455368041992,0.24683256447315216,103.258075,103.258075,103.258075,25.487455194553558,25.487455194553558,25.487455194553558,181.0,64.0,245.0
002615,train,98.54257202148438,25.847620010375977,0.2622990310192108,98.542575,98.542575,98.542575,25.84762053592893,25.84762053592893,25.84762053592893,192.0,63.0,255.0
002617,train,73.26505279541016,21.668764114379883,0.29575851559638977,73.26505,73.26505,73.26505,21.668764350961503,21.668764350961503,21.668764350961503,214.0,41.0,255.0
002616,train,69.11592864990234,17.564992904663086,0.25413814187049866,69.115925,69.115925,69.115925,17.564993207922825,17.564993207922825,17.564993207922825,210.0,44.0,254.0
002618,train,81.56472778320312,26.659250259399414,0.32684779167175293,81.564725,81.564725,81.564725,26.65924906433741,26.65924906433741,26.65924906433741,209.0,46.0,255.0
002619,train,94.05452728271484,25.969884872436523,0.27611520886421204,94.054525,94.054525,94.054525,25.96988548346671,25.96988548346671,25.96988548346671,201.0,54.0,255.0
002620,train,94.05427551269531,26.859352111816406,0.28557288646698,94.054275,94.054275,94.054275,26.85935087123989,26.85935087123989,26.85935087123989,195.0,53.0,248.0
002621,train,69.05892181396484,18.115482330322266,0.2623192071914673,69.058925,69.058925,69.058925,18.115481027131878,18.115481027131878,18.115481027131878,187.0,40.0,227.0
002622,train,47.74547576904297,14.149460792541504,0.2963518798351288,47.745475,47.745475,47.745475,14.149460838645938,14.149460838645938,14.149460838645938,121.0,25.0,146.0
002623,train,48.23292541503906,16.039709091186523,0.3325468897819519,48.232925,48.232925,48.232925,16.039707632758613,16.039707632758613,16.039707632758613,134.0,26.0,160.0
002624,train,42.75244903564453,13.349699020385742,0.31225576996803284,42.75245,42.75245,42.75245,13.34969921000095,13.34969921000095,13.34969921000095,119.0,23.0,142.0
002626,train,36.50605010986328,10.590753555297852,0.2901095449924469,36.50605,36.50605,36.50605,10.590753674668296,10.590753674668296,10.590753674668296,130.0,19.0,149.0
002627,train,83.40422821044922,32.32571029663086,0.3875787854194641,83.404225,83.404225,83.404225,32.32571386913791,32.32571386913791,32.32571386913791,209.0,46.0,255.0
002625,train,34.31195068359375,11.77624225616455,0.3432110846042633,34.31195,34.31195,34.31195,11.776242490603696,11.776242490603696,11.776242490603696,111.0,19.0,130.0
002629,train,89.3468246459961,21.262649536132812,0.23797878623008728,89.346825,89.346825,89.346825,21.26264888059282,21.26264888059282,21.26264888059282,199.0,56.0,255.0
002631,train,144.29165649414062,18.19582176208496,0.1261044591665268,144.29165,144.29165,144.29165,18.195822055557148,18.195822055557148,18.195822055557148,151.0,100.0,251.0
002628,train,67.67960357666016,23.513469696044922,0.3474232852458954,67.6796,67.6796,67.6796,23.513470476303578,23.513470476303578,23.513470476303578,186.0,30.0,216.0
002630,train,133.56700134277344,22.24671173095703,0.16655844449996948,133.567,133.567,133.567,22.246712363852776,22.246712363852776,22.246712363852776,201.0,54.0,255.0
002632,train,120.77774810791016,31.234468460083008,0.25861111283302307,120.77775,120.77775,120.77775,31.234468219220577,31.234468219220577,31.234468219220577,185.0,70.0,255.0
002634,train,105.9271240234375,26.566316604614258,0.2507980465888977,105.927125,105.927125,105.927125,26.566316346727014,26.566316346727014,26.566316346727014,183.0,72.0,255.0
002635,train,112.79122161865234,25.838945388793945,0.2290864884853363,112.791225,112.791225,112.791225,25.838945179696772,25.838945179696772,25.838945179696772,179.0,76.0,255.0
002633,train,128.3944549560547,17.396120071411133,0.13548965752124786,128.39445,128.39445,128.39445,17.396120521469722,17.396120521469722,17.396120521469722,170.0,85.0,255.0
002639,train,112.50497436523438,29.50722312927246,0.262274831533432,112.504975,112.504975,112.504975,29.50722411968593,29.50722411968593,29.50722411968593,186.0,69.0,255.0
002636,train,116.74827575683594,24.544923782348633,0.2102379947900772,116.748275,116.748275,116.748275,24.54492533140761,24.54492533140761,24.54492533140761,174.0,81.0,255.0
002637,train,107.93405151367188,12.82780933380127,0.11884858459234238,107.93405,107.93405,107.93405,12.827809657049796,12.827809657049796,12.827809657049796,178.0,77.0,255.0
002638,train,89.53925323486328,25.804460525512695,0.2881915867328644,89.53925,89.53925,89.53925,25.80445909988233,25.80445909988233,25.80445909988233,200.0,55.0,255.0
002641,train,82.47962188720703,8.585434913635254,0.1040915921330452,82.479625,82.479625,82.479625,8.585434459558526,8.585434459558526,8.585434459558526,48.0,63.0,111.0
002642,train,101.35980224609375,10.381108283996582,0.10241839289665222,101.3598,101.3598,101.3598,10.381107549775217,10.381107549775217,10.381107549775217,61.0,72.0,133.0
002643,train,97.66515350341797,10.156769752502441,0.10399583727121353,97.66515,97.66515,97.66515,10.156769933276031,10.156769933276031,10.156769933276031,61.0,71.0,132.0
002644,train,86.97512817382812,9.349577903747559,0.10749714076519012,86.975125,86.975125,86.975125,9.349577863966639,9.349577863966639,9.349577863966639,52.0,68.0,120.0
002640,train,88.74639892578125,25.688976287841797,0.2894650101661682,88.7464,88.7464,88.7464,25.68897792906522,25.68897792906522,25.68897792906522,202.0,53.0,255.0
002645,train,106.86315155029297,10.116833686828613,0.09467092901468277,106.86315,106.86315,106.86315,10.116833599377822,10.116833599377822,10.116833599377822,65.0,72.0,137.0
002646,train,113.44915008544922,11.052509307861328,0.09742258489131927,113.44915,113.44915,113.44915,11.052509410875885,11.052509410875885,11.052509410875885,67.0,83.0,150.0
002647,train,113.23702239990234,7.814454078674316,0.0690097063779831,113.237025,113.237025,113.237025,7.8144541811552655,7.8144541811552655,7.8144541811552655,60.0,83.0,143.0
002650,train,57.55317687988281,11.150615692138672,0.19374457001686096,57.553175,57.553175,57.553175,11.150615338149505,11.150615338149505,11.150615338149505,60.0,38.0,98.0
002651,train,61.47119903564453,11.743139266967773,0.19103482365608215,61.4712,61.4712,61.4712,11.743139297479187,11.743139297479187,11.743139297479187,61.0,41.0,102.0
002652,train,72.83617401123047,14.351162910461426,0.19703345000743866,72.836175,72.836175,72.836175,14.35116324098416,14.35116324098416,14.35116324098416,72.0,47.0,119.0
002648,train,119.76225280761719,8.01994514465332,0.06696555018424988,119.76225,119.76225,119.76225,8.019945444795745,8.019945444795745,8.019945444795745,67.0,85.0,152.0
002649,train,114.71510314941406,11.30329704284668,0.09853364527225494,114.7151,114.7151,114.7151,11.303297394565888,11.303297394565888,11.303297394565888,66.0,83.0,149.0
002653,train,79.54135131835938,14.58381462097168,0.18334883451461792,79.54135,79.54135,79.54135,14.583814321963237,14.583814321963237,14.583814321963237,72.0,53.0,125.0
002655,train,66.82029724121094,10.298253059387207,0.1541186422109604,66.8203,66.8203,66.8203,10.298252662952098,10.298252662952098,10.298252662952098,56.0,43.0,99.0
002654,train,52.76594924926758,10.465676307678223,0.1983414739370346,52.76595,52.76595,52.76595,10.465675830900745,10.465675830900745,10.465675830900745,46.0,35.0,81.0
002660,train,85.3875732421875,9.23499584197998,0.10815386474132538,85.387575,85.387575,85.387575,9.234996514313094,9.234996514313094,9.234996514313094,54.0,65.0,119.0
002656,train,115.57282257080078,7.52733039855957,0.06513062864542007,115.572825,115.572825,115.572825,7.527329972797459,7.527329972797459,7.527329972797459,74.0,79.0,153.0
002659,train,115.18025207519531,10.101309776306152,0.0877000167965889,115.18025,115.18025,115.18025,10.101309812964852,10.101309812964852,10.101309812964852,65.0,82.0,147.0
002658,train,121.7425765991211,7.391116619110107,0.060711026191711426,121.742575,121.742575,121.742575,7.3911167876969035,7.3911167876969035,7.3911167876969035,58.0,92.0,150.0
002657,train,120.01202392578125,7.611722946166992,0.06342466920614243,120.012025,120.012025,120.012025,7.611723221411496,7.611723221411496,7.611723221411496,62.0,89.0,151.0
002663,train,92.84159851074219,10.163137435913086,0.10946749895811081,92.8416,92.8416,92.8416,10.163137283339235,10.163137283339235,10.163137283339235,59.0,66.0,125.0
002661,train,112.24970245361328,9.541634559631348,0.08500365167856216,112.2497,112.2497,112.2497,9.541635075289769,9.541635075289769,9.541635075289769,70.0,77.0,147.0
002662,train,96.67009735107422,10.559988975524902,0.10923738777637482,96.6701,96.6701,96.6701,10.559988919975249,10.559988919975249,10.559988919975249,61.0,68.0,129.0
002666,train,71.7698974609375,14.614506721496582,0.20363003015518188,71.7699,71.7699,71.7699,14.614506628347055,14.614506628347055,14.614506628347055,75.0,43.0,118.0
002667,train,58.13797378540039,8.457374572753906,0.1454707533121109,58.137975,58.137975,58.137975,8.457374764037302,8.457374764037302,8.457374764037302,40.0,39.0,79.0
002668,train,71.68340301513672,12.786055564880371,0.17836841940879822,71.6834,71.6834,71.6834,12.786055468360836,12.786055468360836,12.786055468360836,70.0,48.0,118.0
002664,train,78.8896255493164,9.047979354858398,0.11469162255525589,78.889625,78.889625,78.889625,9.047980015416424,9.047980015416424,9.047980015416424,48.0,58.0,106.0
002669,train,50.71787643432617,9.772171974182129,0.1926770657300949,50.717875,50.717875,50.717875,9.772171226722085,9.772171226722085,9.772171226722085,40.0,34.0,74.0
002665,train,71.97184753417969,7.493955135345459,0.10412342101335526,71.97185,71.97185,71.97185,7.49395473548513,7.49395473548513,7.49395473548513,44.0,55.0,99.0
002670,train,115.67742156982422,10.303457260131836,0.08907059580087662,115.677425,115.677425,115.677425,10.303456719440083,10.303456719440083,10.303456719440083,76.0,77.0,153.0
002671,train,78.80740356445312,16.235069274902344,0.20600944757461548,78.8074,78.8074,78.8074,16.23506868602656,16.23506868602656,16.23506868602656,73.0,46.0,119.0
002672,train,97.7134780883789,11.07876968383789,0.11338015645742416,97.713475,97.713475,97.713475,11.078769264876627,11.078769264876627,11.078769264876627,63.0,71.0,134.0
002673,train,113.25642395019531,9.890172958374023,0.08732549101114273,113.256425,113.256425,113.256425,9.89017296205557,9.89017296205557,9.89017296205557,66.0,83.0,149.0
002676,train,69.40867614746094,8.33791446685791,0.1201278418302536,69.408675,69.408675,69.408675,8.337913992382926,8.337913992382926,8.337913992382926,45.0,49.0,94.0
002674,train,114.59557342529297,10.281134605407715,0.08971668034791946,114.595575,114.595575,114.595575,10.281133955910457,10.281133955910457,10.281133955910457,74.0,78.0,152.0
002675,train,102.00477600097656,10.049683570861816,0.09852169454097748,102.004775,102.004775,102.004775,10.049684184061457,10.049684184061457,10.049684184061457,62.0,72.0,134.0
002677,train,73.59517669677734,9.486442565917969,0.12890033423900604,73.595175,73.595175,73.595175,9.486442521797883,9.486442521797883,9.486442521797883,51.0,54.0,105.0
002678,train,81.94562530517578,10.413708686828613,0.12708070874214172,81.945625,81.945625,81.945625,10.41370819446056,10.41370819446056,10.41370819446056,56.0,57.0,113.0
002680,train,85.12552642822266,10.031583786010742,0.1178446039557457,85.125525,85.125525,85.125525,10.031583547694503,10.031583547694503,10.031583547694503,56.0,60.0,116.0
002683,train,102.49917602539062,10.229867935180664,0.09980439394712448,102.499175,102.499175,102.499175,10.229868001072887,10.229868001072887,10.229868001072887,60.0,69.0,129.0
002679,train,73.69042205810547,9.744833946228027,0.1322401762008667,73.690425,73.690425,73.690425,9.744833929799675,9.744833929799675,9.744833929799675,46.0,54.0,100.0
002681,train,99.69477844238281,10.411951065063477,0.10443827509880066,99.694775,99.694775,99.694775,10.41195047526519,10.41195047526519,10.41195047526519,65.0,66.0,131.0
002682,train,91.32872772216797,9.907187461853027,0.10847832262516022,91.328725,91.328725,91.328725,9.907187536045486,9.907187536045486,9.907187536045486,55.0,66.0,121.0
002684,train,93.5196533203125,10.38601016998291,0.11105697602033615,93.51965,93.51965,93.51965,10.386010488994318,10.386010488994318,10.386010488994318,56.0,68.0,124.0
002686,train,99.45402526855469,10.462509155273438,0.10519945621490479,99.454025,99.454025,99.454025,10.462508604506617,10.462508604506617,10.462508604506617,69.0,65.0,134.0
002689,train,80.1521987915039,10.856633186340332,0.13545022904872894,80.1522,80.1522,80.1522,10.856633233189743,10.856633233189743,10.856633233189743,58.0,53.0,111.0
002685,train,79.70222473144531,9.837977409362793,0.1234341636300087,79.702225,79.702225,79.702225,9.837977691038692,9.837977691038692,9.837977691038692,46.0,60.0,106.0
002688,train,84.80412292480469,9.60889720916748,0.11330695450305939,84.804125,84.804125,84.804125,9.608897334469496,9.608897334469496,9.608897334469496,54.0,61.0,115.0
002687,train,81.6083755493164,9.415481567382812,0.11537396162748337,81.608375,81.608375,81.608375,9.415482189424766,9.415482189424766,9.415482189424766,47.0,61.0,108.0
002691,train,69.4801254272461,12.657377243041992,0.18217262625694275,69.480125,69.480125,69.480125,12.657377492370804,12.657377492370804,12.657377492370804,65.0,46.0,111.0
002690,train,95.86775207519531,10.444228172302246,0.1089441254734993,95.86775,95.86775,95.86775,10.444228546786018,10.444228546786018,10.444228546786018,64.0,65.0,129.0
002693,train,108.47282409667969,10.925841331481934,0.1007242277264595,108.472825,108.472825,108.472825,10.925841455895972,10.925841455895972,10.925841455895972,67.0,82.0,149.0
002692,train,95.2175521850586,10.171915054321289,0.10682815313339233,95.21755,95.21755,95.21755,10.171915846953317,10.171915846953317,10.171915846953317,69.0,61.0,130.0
002694,train,108.98410034179688,13.391860008239746,0.1228790283203125,108.9841,108.9841,108.9841,13.39185936268747,13.39185936268747,13.39185936268747,83.0,67.0,150.0
002699,train,120.31279754638672,13.794927597045898,0.11465885490179062,120.3128,120.3128,120.3128,13.794926826917205,13.794926826917205,13.794926826917205,84.0,77.0,161.0
002696,train,112.35755157470703,16.650720596313477,0.14819404482841492,112.35755,112.35755,112.35755,16.650720945277413,16.650720945277413,16.650720945277413,90.0,74.0,164.0
002695,train,119.7155532836914,12.957818031311035,0.10823838412761688,119.71555,119.71555,119.71555,12.957817647949055,12.957817647949055,12.957817647949055,81.0,74.0,155.0
002697,train,122.68092346191406,14.27176284790039,0.11633237451314926,122.680925,122.680925,122.680925,14.271762895465123,14.271762895465123,14.271762895465123,85.0,77.0,162.0
002698,train,122.0155258178711,13.648059844970703,0.11185510456562042,122.015525,122.015525,122.015525,13.648059714639842,13.648059714639842,13.648059714639842,76.0,90.0,166.0
002700,train,99.70342254638672,11.498115539550781,0.11532317847013474,99.703425,99.703425,99.703425,11.498115857364414,11.498115857364414,11.498115857364414,70.0,73.0,143.0
002701,train,91.39644622802734,13.884721755981445,0.15191751718521118,91.39645,91.39645,91.39645,13.884721005389341,13.884721005389341,13.884721005389341,78.0,63.0,141.0
002705,train,68.04385375976562,10.711695671081543,0.15742340683937073,68.04385,68.04385,68.04385,10.711695812405242,10.711695812405242,10.711695812405242,67.0,43.0,110.0
002703,train,74.73564910888672,13.78720474243164,0.18447962403297424,74.73565,74.73565,74.73565,13.78720490445761,13.78720490445761,13.78720490445761,65.0,51.0,116.0
002704,train,81.52747344970703,14.315284729003906,0.1755884736776352,81.527475,81.527475,81.527475,14.315285366501605,14.315285366501605,14.315285366501605,64.0,54.0,118.0
002706,train,87.00234985351562,14.346959114074707,0.16490311920642853,87.00235,87.00235,87.00235,14.346959415761237,14.346959415761237,14.346959415761237,73.0,54.0,127.0
002702,train,116.93177795410156,14.928794860839844,0.1276709884405136,116.931775,116.931775,116.931775,14.928795006609711,14.928795006609711,14.928795006609711,88.0,76.0,164.0
002707,train,86.5530014038086,14.453729629516602,0.16699281334877014,86.553,86.553,86.553,14.453729311150115,14.453729311150115,14.453729311150115,76.0,60.0,136.0
002708,train,88.10659790039062,15.227951049804688,0.17283552885055542,88.1066,88.1066,88.1066,15.227950828657152,15.227950828657152,15.227950828657152,78.0,58.0,136.0
002709,train,65.8001480102539,9.866945266723633,0.149953231215477,65.80015,65.80015,65.80015,9.866945321501483,9.866945321501483,9.866945321501483,54.0,45.0,99.0
002712,train,68.24845123291016,9.213046073913574,0.13499274849891663,68.24845,68.24845,68.24845,9.213046325591769,9.213046325591769,9.213046325591769,53.0,48.0,101.0
002711,train,76.09402465820312,10.358210563659668,0.13612383604049683,76.094025,76.094025,76.094025,10.358210960362557,10.358210960362557,10.358210960362557,57.0,49.0,106.0
002710,train,84.08552551269531,14.906387329101562,0.17727649211883545,84.085525,84.085525,84.085525,14.906388243782429,14.906388243782429,14.906388243782429,82.0,52.0,134.0
002715,train,94.31365203857422,12.195265769958496,0.1293054074048996,94.31365,94.31365,94.31365,12.195266445531233,12.195266445531233,12.195266445531233,68.0,62.0,130.0
002713,train,84.89299774169922,10.408275604248047,0.12260464578866959,84.893,84.893,84.893,10.408275601654676,10.408275601654676,10.408275601654676,54.0,62.0,116.0
002714,train,92.14632415771484,11.960548400878906,0.1297995150089264,92.146325,92.146325,92.146325,11.960548231346882,11.960548231346882,11.960548231346882,60.0,64.0,124.0
002716,train,92.34442138671875,11.711688995361328,0.12682616710662842,92.344425,92.344425,92.344425,11.711688452967618,11.711688452967618,11.711688452967618,65.0,63.0,128.0
002717,train,98.9354248046875,12.235610008239746,0.12367268651723862,98.935425,98.935425,98.935425,12.235610122481633,12.235610122481633,12.235610122481633,68.0,64.0,132.0
002718,train,114.18900299072266,9.380297660827637,0.08214712142944336,114.189,114.189,114.189,9.380297383345583,9.380297383345583,9.380297383345583,62.0,81.0,143.0
002719,train,120.42414855957031,7.934957504272461,0.06589175015687943,120.42415,120.42415,120.42415,7.93495726374755,7.93495726374755,7.93495726374755,56.0,90.0,146.0
002720,train,87.51069641113281,10.285754203796387,0.11753711104393005,87.5107,87.5107,87.5107,10.285754007849887,10.285754007849887,10.285754007849887,62.0,60.0,122.0
002721,train,109.46064758300781,10.507149696350098,0.09599020332098007,109.46065,109.46065,109.46065,10.507150021651922,10.507150021651922,10.507150021651922,65.0,75.0,140.0
002722,train,120.23932647705078,10.073864936828613,0.08378177881240845,120.239325,120.239325,120.239325,10.073864628054865,10.073864628054865,10.073864628054865,79.0,77.0,156.0
002723,train,125.99592590332031,8.402931213378906,0.06669208407402039,125.995925,125.995925,125.995925,8.402931535742452,8.402931535742452,8.402931535742452,82.0,80.0,162.0
002724,train,114.05732727050781,12.188361167907715,0.10686171054840088,114.057325,114.057325,114.057325,12.188360793985998,12.188360793985998,12.188360793985998,84.0,71.0,155.0
002728,train,88.76110076904297,9.823040962219238,0.11066830903291702,88.7611,88.7611,88.7611,9.823040608182378,9.823040608182378,9.823040608182378,57.0,64.0,121.0
002725,train,104.44819641113281,10.601910591125488,0.10150400549173355,104.4482,104.4482,104.4482,10.601910995664884,10.601910995664884,10.601910995664884,70.0,72.0,142.0
002726,train,80.4239730834961,9.99206256866455,0.12424234300851822,80.423975,80.423975,80.423975,9.992062860059228,9.992062860059228,9.992062860059228,52.0,56.0,108.0
002727,train,106.84300231933594,10.357150077819824,0.09693802893161774,106.843,106.843,106.843,10.357149752707063,10.357149752707063,10.357149752707063,56.0,78.0,134.0
002729,train,83.34784698486328,10.483429908752441,0.12577925622463226,83.34785,83.34785,83.34785,10.483429800284828,10.483429800284828,10.483429800284828,61.0,60.0,121.0
002730,train,94.82460021972656,11.281973838806152,0.11897728592157364,94.8246,94.8246,94.8246,11.2819738893511,11.2819738893511,11.2819738893511,57.0,65.0,122.0
002731,train,88.06552124023438,11.206568717956543,0.12725262343883514,88.065525,88.065525,88.065525,11.20656867530713,11.20656867530713,11.20656867530713,56.0,64.0,120.0
002733,train,79.61182403564453,10.308950424194336,0.1294901967048645,79.611825,79.611825,79.611825,10.308949760735814,10.308949760735814,10.308949760735814,61.0,56.0,117.0
002732,train,98.72187805175781,10.639439582824707,0.1077718511223793,98.721875,98.721875,98.721875,10.639439434687102,10.639439434687102,10.639439434687102,61.0,64.0,125.0
002736,train,80.12537384033203,9.875283241271973,0.123247891664505,80.125375,80.125375,80.125375,9.875282583773236,9.875282583773236,9.875282583773236,55.0,58.0,113.0
002734,train,99.31310272216797,10.9968843460083,0.11072944104671478,99.3131,99.3131,99.3131,10.996884485616825,10.996884485616825,10.996884485616825,67.0,64.0,131.0
002735,train,94.96477508544922,11.180788040161133,0.11773616075515747,94.964775,94.964775,94.964775,11.180788621531802,11.180788621531802,11.180788621531802,60.0,66.0,126.0
002737,train,114.2074966430664,14.058989524841309,0.1231004074215889,114.2075,114.2075,114.2075,14.058989784120335,14.058989784120335,14.058989784120335,86.0,76.0,162.0
002739,train,73.49729919433594,10.532418251037598,0.14330346882343292,73.4973,73.4973,73.4973,10.53241865432627,10.53241865432627,10.53241865432627,60.0,45.0,105.0
002738,train,77.87699890136719,9.400538444519043,0.12071007490158081,77.877,77.877,77.877,9.400538335648656,9.400538335648656,9.400538335648656,50.0,56.0,106.0
002740,train,87.11859893798828,10.029373168945312,0.1151232123374939,87.1186,87.1186,87.1186,10.02937356169367,10.02937356169367,10.02937356169367,59.0,66.0,125.0
002741,train,85.97679901123047,12.26981258392334,0.14271074533462524,85.9768,85.9768,85.9768,12.269813028730306,12.269813028730306,12.269813028730306,77.0,51.0,128.0
002743,train,89.72869873046875,12.50493335723877,0.13936381042003632,89.7287,89.7287,89.7287,12.504932879068164,12.504932879068164,12.504932879068164,74.0,54.0,128.0
002742,train,75.0749740600586,10.345579147338867,0.13780330121517181,75.074975,75.074975,75.074975,10.34557894703699,10.34557894703699,10.34557894703699,66.0,49.0,115.0
002744,train,93.67132568359375,12.397078514099121,0.13234657049179077,93.671325,93.671325,93.671325,12.397078193847735,12.397078193847735,12.397078193847735,73.0,63.0,136.0
002745,train,98.16919708251953,13.401435852050781,0.13651365041732788,98.1692,98.1692,98.1692,13.40143542162555,13.40143542162555,13.40143542162555,76.0,61.0,137.0
002746,train,105.2540512084961,12.026679039001465,0.11426333338022232,105.25405,105.25405,105.25405,12.02667903444255,12.02667903444255,12.02667903444255,61.0,77.0,138.0
002748,train,107.40997314453125,10.33740520477295,0.0962425097823143,107.409975,107.409975,107.409975,10.337405162775376,10.337405162775376,10.337405162775376,65.0,78.0,143.0
002751,train,121.0634994506836,11.523796081542969,0.09518802911043167,121.0635,121.0635,121.0635,11.523795717991534,11.523795717991534,11.523795717991534,64.0,92.0,156.0
002749,train,108.51719665527344,10.937067985534668,0.100786492228508,108.5172,108.5172,108.5172,10.937067895921649,10.937067895921649,10.937067895921649,64.0,78.0,142.0
002750,train,111.76554870605469,11.184331893920898,0.10006958246231079,111.76555,111.76555,111.76555,11.184332040738955,11.184332040738955,11.184332040738955,79.0,73.0,152.0
002747,train,100.05370330810547,10.884940147399902,0.10879097878932953,100.0537,100.0537,100.0537,10.884939885456419,10.884939885456419,10.884939885456419,65.0,70.0,135.0
002752,train,118.0727767944336,12.24340534210205,0.10369371622800827,118.072775,118.072775,118.072775,12.243405522948875,12.243405522948875,12.243405522948875,85.0,74.0,159.0
002753,train,111.42677307128906,11.294672966003418,0.10136408358812332,111.426775,111.426775,111.426775,11.294672996566788,11.294672996566788,11.294672996566788,77.0,73.0,150.0
002754,train,116.1863784790039,11.076614379882812,0.09533488005399704,116.186375,116.186375,116.186375,11.076614526080386,11.076614526080386,11.076614526080386,77.0,77.0,154.0
002759,train,72.06197357177734,9.615835189819336,0.13343840837478638,72.061975,72.061975,72.061975,9.615835070308506,9.615835070308506,9.615835070308506,53.0,49.0,102.0
002755,train,118.46704864501953,8.872843742370605,0.0748971477150917,118.46705,118.46705,118.46705,8.872844205636657,8.872844205636657,8.872844205636657,64.0,89.0,153.0
002760,train,123.24332427978516,9.782906532287598,0.07937879115343094,123.243325,123.243325,123.243325,9.782906927103772,9.782906927103772,9.782906927103772,77.0,87.0,164.0
002757,train,87.70227813720703,9.922163963317871,0.11313462257385254,87.702275,87.702275,87.702275,9.922163817654644,9.922163817654644,9.922163817654644,57.0,60.0,117.0
002756,train,109.49089813232422,10.473211288452148,0.0956537127494812,109.4909,109.4909,109.4909,10.473211885090457,10.473211885090457,10.473211885090457,65.0,84.0,149.0
002758,train,81.42109680175781,10.010825157165527,0.12295124679803848,81.4211,81.4211,81.4211,10.01082538005733,10.01082538005733,10.01082538005733,57.0,57.0,114.0
002761,train,71.54889678955078,8.67973804473877,0.1213119775056839,71.5489,71.5489,71.5489,8.679738405620299,8.679738405620299,8.679738405620299,49.0,51.0,100.0
002762,train,89.4458236694336,10.627105712890625,0.11881052702665329,89.445825,89.445825,89.445825,10.62710520646968,10.62710520646968,10.62710520646968,65.0,63.0,128.0
002763,train,75.82334899902344,9.314257621765137,0.12284155189990997,75.82335,75.82335,75.82335,9.31425760742637,9.31425760742637,9.31425760742637,51.0,55.0,106.0
002764,train,93.30975341796875,10.253962516784668,0.10989164561033249,93.30975,93.30975,93.30975,10.253962889414998,10.253962889414998,10.253962889414998,65.0,63.0,128.0
002766,train,107.15554809570312,9.918837547302246,0.09256485104560852,107.15555,107.15555,107.15555,9.918838349196946,9.918838349196946,9.918838349196946,83.0,59.0,142.0
002765,train,95.9832534790039,10.746060371398926,0.11195766180753708,95.98325,95.98325,95.98325,10.746060647395398,10.746060647395398,10.746060647395398,68.0,63.0,131.0
002769,train,74.85687255859375,8.724310874938965,0.11654655635356903,74.856875,74.856875,74.856875,8.724310301357638,8.724310301357638,8.724310301357638,65.0,42.0,107.0
002767,train,122.1969223022461,11.357976913452148,0.09294813871383667,122.196925,122.196925,122.196925,11.357977176609179,11.357977176609179,11.357977176609179,99.0,59.0,158.0
002770,train,88.85287475585938,12.971792221069336,0.14599181711673737,88.852875,88.852875,88.852875,12.971791674027724,12.971791674027724,12.971791674027724,98.0,41.0,139.0
002768,train,80.7615966796875,12.531902313232422,0.15517155826091766,80.7616,80.7616,80.7616,12.531901908329795,12.531901908329795,12.531901908329795,74.0,46.0,120.0
002772,train,101.78487396240234,8.79122257232666,0.08637061715126038,101.784875,101.784875,101.784875,8.7912226814235,8.7912226814235,8.7912226814235,69.0,66.0,135.0
002773,train,78.19422149658203,10.271098136901855,0.13135367631912231,78.194225,78.194225,78.194225,10.27109787945646,10.27109787945646,10.27109787945646,69.0,44.0,113.0
002771,train,93.5458755493164,13.097460746765137,0.14001110196113586,93.545875,93.545875,93.545875,13.097461413738733,13.097461413738733,13.097461413738733,97.0,41.0,138.0
002774,train,88.95909881591797,11.201271057128906,0.12591484189033508,88.9591,88.9591,88.9591,11.201271230980884,11.201271230980884,11.201271230980884,72.0,46.0,118.0
002776,train,100.0583724975586,11.501996994018555,0.11495286971330643,100.058375,100.058375,100.058375,11.501996233670702,11.501996233670702,11.501996233670702,66.0,64.0,130.0
002775,train,88.25749969482422,10.973447799682617,0.12433445453643799,88.2575,88.2575,88.2575,10.973447213615236,10.973447213615236,10.973447213615236,61.0,62.0,123.0
002777,train,108.31017303466797,12.78904914855957,0.11807800829410553,108.310175,108.310175,108.310175,12.789048692900305,12.789048692900305,12.789048692900305,76.0,64.0,140.0
002778,train,95.63159942626953,12.02327823638916,0.12572495639324188,95.6316,95.6316,95.6316,12.02327873086206,12.02327873086206,12.02327873086206,69.0,61.0,130.0
002779,train,106.03179931640625,8.989957809448242,0.08478549122810364,106.0318,106.0318,106.0318,8.989957661746802,8.989957661746802,8.989957661746802,64.0,68.0,132.0
002781,train,116.80597686767578,14.634987831115723,0.12529313564300537,116.805975,116.805975,116.805975,14.634988189246174,14.634988189246174,14.634988189246174,88.0,69.0,157.0
002783,train,100.3436279296875,16.524398803710938,0.16467811167240143,100.343625,100.343625,100.343625,16.524400045368516,16.524400045368516,16.524400045368516,97.0,58.0,155.0
002782,train,106.85455322265625,16.631635665893555,0.1556474268436432,106.85455,106.85455,106.85455,16.631635346456463,16.631635346456463,16.631635346456463,93.0,65.0,158.0
002780,train,125.63847351074219,10.535937309265137,0.0838591605424881,125.638475,125.638475,125.638475,10.535937294535072,10.535937294535072,10.535937294535072,66.0,90.0,156.0
002785,train,98.52040100097656,12.179509162902832,0.12362423539161682,98.5204,98.5204,98.5204,12.179508768419193,12.179508768419193,12.179508768419193,72.0,71.0,143.0
002784,train,113.07817840576172,13.046887397766113,0.11537935584783554,113.078175,113.078175,113.078175,13.046887125647059,13.046887125647059,13.046887125647059,91.0,63.0,154.0
002786,train,77.19467163085938,10.671723365783691,0.13824430108070374,77.194675,77.194675,77.194675,10.67172322750056,10.67172322750056,10.67172322750056,62.0,50.0,112.0
002787,train,122.31597137451172,7.669947147369385,0.06270601600408554,122.315975,122.315975,122.315975,7.669946857663031,7.669946857663031,7.669946857663031,52.0,96.0,148.0
002788,train,118.285400390625,9.903133392333984,0.08372236788272858,118.2854,118.2854,118.2854,9.903133182988098,9.903133182988098,9.903133182988098,62.0,93.0,155.0
002790,train,84.14015197753906,10.654046058654785,0.12662261724472046,84.14015,84.14015,84.14015,10.654046554126746,10.654046554126746,10.654046554126746,60.0,58.0,118.0
002789,train,71.9896011352539,9.240099906921387,0.12835325300693512,71.9896,71.9896,71.9896,9.240099666129149,9.240099666129149,9.240099666129149,48.0,52.0,100.0
002792,train,118.32007598876953,14.271575927734375,0.12061838060617447,118.320075,118.320075,118.320075,14.271575841313915,14.271575841313915,14.271575841313915,86.0,71.0,157.0
002791,train,90.29027557373047,11.060254096984863,0.12249662727117538,90.290275,90.290275,90.290275,11.06025385894804,11.06025385894804,11.06025385894804,57.0,63.0,120.0
002794,train,117.86532592773438,16.460102081298828,0.13965177536010742,117.865325,117.865325,117.865325,16.460101386211903,16.460101386211903,16.460101386211903,90.0,66.0,156.0
002793,train,113.38455200195312,14.402918815612793,0.12702716886997223,113.38455,113.38455,113.38455,14.402918846452618,14.402918846452618,14.402918846452618,88.0,69.0,157.0
002797,train,79.80607604980469,11.298967361450195,0.14158028364181519,79.806075,79.806075,79.806075,11.298967567630903,11.298967567630903,11.298967567630903,62.0,50.0,112.0
002796,train,99.27897644042969,12.798405647277832,0.12891355156898499,99.278975,99.278975,99.278975,12.798406070654854,12.798406070654854,12.798406070654854,85.0,56.0,141.0
002798,train,93.06790161132812,13.19748592376709,0.14180491864681244,93.0679,93.0679,93.0679,13.197486108725403,13.197486108725403,13.197486108725403,70.0,63.0,133.0
002795,train,95.7376480102539,15.31137752532959,0.15993058681488037,95.73765,95.73765,95.73765,15.311377223408087,15.311377223408087,15.311377223408087,89.0,56.0,145.0
002800,train,85.00170135498047,11.251873016357422,0.13237231969833374,85.0017,85.0017,85.0017,11.251873048963892,11.251873048963892,11.251873048963892,62.0,52.0,114.0
002799,train,69.23062133789062,8.421281814575195,0.12164099514484406,69.230625,69.230625,69.230625,8.421281797290423,8.421281797290423,8.421281797290423,47.0,47.0,94.0
002803,train,114.96757507324219,10.02580738067627,0.08720552176237106,114.967575,114.967575,114.967575,10.025807878638759,10.025807878638759,10.025807878638759,77.0,68.0,145.0
002801,train,94.54734802246094,11.073782920837402,0.11712420731782913,94.54735,94.54735,94.54735,11.073782460275261,11.073782460275261,11.073782460275261,66.0,57.0,123.0
002807,train,129.25975036621094,7.228280067443848,0.05592057853937149,129.25975,129.25975,129.25975,7.22827987404334,7.22827987404334,7.22827987404334,60.0,98.0,158.0
002804,train,106.9418716430664,7.723049640655518,0.07221726328134537,106.941875,106.941875,106.941875,7.723049688068503,7.723049688068503,7.723049688068503,59.0,72.0,131.0
002806,train,104.56692504882812,10.504016876220703,0.10045257210731506,104.566925,104.566925,104.566925,10.504016900423142,10.504016900423142,10.504016900423142,75.0,66.0,141.0
002802,train,104.50252532958984,8.496260643005371,0.0813019648194313,104.502525,104.502525,104.502525,8.49626056711863,8.49626056711863,8.49626056711863,64.0,67.0,131.0
002805,train,111.338623046875,9.980937004089355,0.08964487910270691,111.338625,111.338625,111.338625,9.980937236020223,9.980937236020223,9.980937236020223,73.0,67.0,140.0
002808,train,116.92745208740234,9.046971321105957,0.07737251371145248,116.92745,116.92745,116.92745,9.046971122839953,9.046971122839953,9.046971122839953,75.0,67.0,142.0
002810,train,126.5779037475586,8.539032936096191,0.06746069341897964,126.5779,126.5779,126.5779,8.539032825209189,8.539032825209189,8.539032825209189,58.0,99.0,157.0
002812,train,80.23919677734375,10.991872787475586,0.1369888186454773,80.2392,80.2392,80.2392,10.991873514556106,10.991873514556106,10.991873514556106,64.0,53.0,117.0
002813,train,82.8426284790039,11.187395095825195,0.1350439488887787,82.842625,82.842625,82.842625,11.187395054675374,11.187395054675374,11.187395054675374,62.0,56.0,118.0
002809,train,80.68822479248047,9.975756645202637,0.12363336235284805,80.688225,80.688225,80.688225,9.975756680541833,9.975756680541833,9.975756680541833,52.0,56.0,108.0
002811,train,86.65462493896484,10.029568672180176,0.11574187129735947,86.654625,86.654625,86.654625,10.029568341128895,10.029568341128895,10.029568341128895,59.0,61.0,120.0
002815,train,77.77397155761719,12.014338493347168,0.15447762608528137,77.773975,77.773975,77.773975,12.0143388373799,12.0143388373799,12.0143388373799,62.0,52.0,114.0
002816,train,96.3145751953125,13.1641263961792,0.13667844235897064,96.314575,96.314575,96.314575,13.164126160492955,13.164126160492955,13.164126160492955,74.0,61.0,135.0
002814,train,79.72450256347656,12.303367614746094,0.154323548078537,79.7245,79.7245,79.7245,12.303367415061619,12.303367415061619,12.303367415061619,60.0,53.0,113.0
002817,train,91.99600219726562,12.510458946228027,0.13598915934562683,91.996,91.996,91.996,12.510458984385824,12.510458984385824,12.510458984385824,67.0,61.0,128.0
002818,train,107.16912841796875,13.814291954040527,0.12890177965164185,107.169125,107.169125,107.169125,13.814292299440279,13.814292299440279,13.814292299440279,87.0,61.0,148.0
002821,train,108.34825134277344,11.463037490844727,0.10579808801412582,108.34825,108.34825,108.34825,11.463037203878386,11.463037203878386,11.463037203878386,81.0,65.0,146.0
002824,train,61.976924896240234,8.988211631774902,0.1450251340866089,61.976925,61.976925,61.976925,8.988211309508417,8.988211309508417,8.988211309508417,45.0,43.0,88.0
002820,train,96.9165267944336,15.317381858825684,0.158047154545784,96.916525,96.916525,96.916525,15.317382508913688,15.317382508913688,15.317382508913688,80.0,61.0,141.0
002822,train,82.89582824707031,11.836024284362793,0.14278189837932587,82.895825,82.895825,82.895825,11.836024356572397,11.836024356572397,11.836024356572397,69.0,54.0,123.0
002819,train,108.66699981689453,13.130624771118164,0.12083359807729721,108.667,108.667,108.667,13.130624928007045,13.130624928007045,13.130624928007045,83.0,62.0,145.0
002823,train,90.19409942626953,11.194683074951172,0.12411768734455109,90.1941,90.1941,90.1941,11.1946828981441,11.1946828981441,11.1946828981441,62.0,59.0,121.0
002825,train,80.50975036621094,8.371971130371094,0.10398704558610916,80.50975,80.50975,80.50975,8.371971388956128,8.371971388956128,8.371971388956128,44.0,61.0,105.0
002826,train,112.84114837646484,11.743514060974121,0.10407119989395142,112.84115,112.84115,112.84115,11.74351381305868,11.74351381305868,11.74351381305868,73.0,82.0,155.0
002827,train,82.00389862060547,9.60792064666748,0.11716419458389282,82.0039,82.0039,82.0039,9.60792041963296,9.60792041963296,9.60792041963296,51.0,60.0,111.0
002828,train,91.22462463378906,10.621307373046875,0.11643026769161224,91.224625,91.224625,91.224625,10.621307292860658,10.621307292860658,10.621307292860658,55.0,63.0,118.0
002829,train,99.77220153808594,10.74161148071289,0.10766136646270752,99.7722,99.7722,99.7722,10.741611013251225,10.741611013251225,10.741611013251225,60.0,71.0,131.0
002830,train,82.57522583007812,10.031005859375,0.12147718667984009,82.575225,82.575225,82.575225,10.031006489848114,10.031006489848114,10.031006489848114,49.0,62.0,111.0
002831,train,85.25657653808594,9.197831153869629,0.10788412392139435,85.256575,85.256575,85.256575,9.197830954598754,9.197830954598754,9.197830954598754,53.0,61.0,114.0
002833,train,74.81590270996094,10.614115715026855,0.14186978340148926,74.8159,74.8159,74.8159,10.614115940105421,10.614115940105421,10.614115940105421,59.0,51.0,110.0
002832,train,88.37397766113281,9.534100532531738,0.10788357257843018,88.373975,88.373975,88.373975,9.534100256415128,9.534100256415128,9.534100256415128,57.0,62.0,119.0
002834,train,94.15560150146484,9.970074653625488,0.10588934272527695,94.1556,94.1556,94.1556,9.970074655688391,9.970074655688391,9.970074655688391,53.0,70.0,123.0
002835,train,82.02782440185547,10.858983039855957,0.13238170742988586,82.027825,82.027825,82.027825,10.858982492359724,10.858982492359724,10.858982492359724,57.0,53.0,110.0
002836,train,108.21894836425781,9.728153228759766,0.08989325165748596,108.21895,108.21895,108.21895,9.728153005452782,9.728153005452782,9.728153005452782,69.0,79.0,148.0
002837,train,127.22315216064453,5.903689861297607,0.04640420898795128,127.22315,127.22315,127.22315,5.903689869691666,5.903689869691666,5.903689869691666,55.0,96.0,151.0
002839,train,106.34134674072266,15.362959861755371,0.14446835219860077,106.34135,106.34135,106.34135,15.362959681568523,15.362959681568523,15.362959681568523,78.0,71.0,149.0
002840,train,97.80885314941406,12.699549674987793,0.12984049320220947,97.80885,97.80885,97.80885,12.699549664358182,12.699549664358182,12.699549664358182,74.0,58.0,132.0
002838,train,108.85847473144531,13.027311325073242,0.11967200040817261,108.858475,108.858475,108.858475,13.027311529029118,13.027311529029118,13.027311529029118,81.0,70.0,151.0
002841,train,104.44022369384766,13.155423164367676,0.1259612739086151,104.440225,104.440225,104.440225,13.155423860498566,13.155423860498566,13.155423860498566,89.0,61.0,150.0
002842,train,126.20655059814453,9.017105102539062,0.07144720107316971,126.20655,126.20655,126.20655,9.0171052504393,9.0171052504393,9.0171052504393,65.0,99.0,164.0
002845,train,91.43090057373047,10.397712707519531,0.11372208595275879,91.4309,91.4309,91.4309,10.397712497948767,10.397712497948767,10.397712497948767,58.0,66.0,124.0
002848,train,87.36799621582031,8.463960647583008,0.09687712788581848,87.368,87.368,87.368,8.463960420512374,8.463960420512374,8.463960420512374,50.0,66.0,116.0
002844,train,96.79502868652344,10.193873405456543,0.10531401634216309,96.795025,96.795025,96.795025,10.193873662615944,10.193873662615944,10.193873662615944,58.0,70.0,128.0
002843,train,99.81547546386719,11.756207466125488,0.11777940392494202,99.815475,99.815475,99.815475,11.75620795683604,11.75620795683604,11.75620795683604,76.0,73.0,149.0
002847,train,72.96369934082031,9.012434959411621,0.12351943552494049,72.9637,72.9637,72.9637,9.012434871331942,9.012434871331942,9.012434871331942,44.0,54.0,98.0
002846,train,84.58412170410156,9.533576011657715,0.11271117627620697,84.584125,84.584125,84.584125,9.533576085833426,9.533576085833426,9.533576085833426,53.0,60.0,113.0
002849,train,109.23017120361328,7.317000389099121,0.06698699295520782,109.230175,109.230175,109.230175,7.317000373744353,7.317000373744353,7.317000373744353,53.0,84.0,137.0
002851,train,116.17412567138672,12.213790893554688,0.10513348877429962,116.174125,116.174125,116.174125,12.213791609667123,12.213791609667123,12.213791609667123,69.0,73.0,142.0
002850,train,107.0218734741211,12.209705352783203,0.1140860766172409,107.021875,107.021875,107.021875,12.209705012176787,12.209705012176787,12.209705012176787,69.0,72.0,141.0
002852,train,122.63902282714844,6.684689521789551,0.05450703576207161,122.639025,122.639025,122.639025,6.684689375683436,6.684689375683436,6.684689375683436,49.0,94.0,143.0
002854,train,69.21869659423828,8.950778007507324,0.12931156158447266,69.2187,69.2187,69.2187,8.950777637166505,8.950777637166505,8.950777637166505,48.0,46.0,94.0
002853,train,111.07842254638672,8.801012992858887,0.07923242449760437,111.078425,111.078425,111.078425,8.801012698512313,8.801012698512313,8.801012698512313,64.0,81.0,145.0
002856,train,87.91425323486328,10.879335403442383,0.12374939024448395,87.91425,87.91425,87.91425,10.879335776484702,10.879335776484702,10.879335776484702,56.0,64.0,120.0
002857,train,137.05274963378906,35.56336975097656,0.25948673486709595,137.05275,137.05275,137.05275,35.563369742440045,35.563369742440045,35.563369742440045,152.0,67.0,219.0
002855,train,96.19419860839844,12.793665885925293,0.13299831748008728,96.1942,96.1942,96.1942,12.79366586870237,12.79366586870237,12.79366586870237,68.0,62.0,130.0
002859,train,197.04225158691406,22.42058753967285,0.11378568410873413,197.04225,197.04225,197.04225,22.42058685533231,22.42058685533231,22.42058685533231,100.0,149.0,249.0
002860,train,190.60467529296875,23.324840545654297,0.12237286567687988,190.604675,190.604675,190.604675,23.32484068851007,23.32484068851007,23.32484068851007,111.0,137.0,248.0
002858,train,137.29580688476562,33.20903015136719,0.2418794184923172,137.2958,137.2958,137.2958,33.20902817548264,33.20902817548264,33.20902817548264,125.0,89.0,214.0
002862,train,173.12620544433594,27.287269592285156,0.15761490166187286,173.1262,173.1262,173.1262,27.287269441261433,27.287269441261433,27.287269441261433,146.0,97.0,243.0
002861,train,182.0688018798828,32.4420051574707,0.17818541824817657,182.0688,182.0688,182.0688,32.44200235127296,32.44200235127296,32.44200235127296,160.0,95.0,255.0
002863,train,195.41012573242188,24.553979873657227,0.12565356492996216,195.410125,195.410125,195.410125,24.55397976875388,24.55397976875388,24.55397976875388,136.0,119.0,255.0
002864,train,215.92410278320312,20.793367385864258,0.0962994247674942,215.9241,215.9241,215.9241,20.793367673130774,20.793367673130774,20.793367673130774,111.0,144.0,255.0
002865,train,221.41510009765625,20.61551856994629,0.09310800582170486,221.4151,221.4151,221.4151,20.615518232389892,20.615518232389892,20.615518232389892,107.0,148.0,255.0
002867,train,232.64735412597656,15.386929512023926,0.06613842397928238,232.64735,232.64735,232.64735,15.38692912759073,15.38692912759073,15.38692912759073,99.0,156.0,255.0
002866,train,202.8720245361328,22.848623275756836,0.11262579262256622,202.872025,202.872025,202.872025,22.848623534020053,22.848623534020053,22.848623534020053,109.0,143.0,252.0
002868,train,218.93789672851562,21.398801803588867,0.09773913770914078,218.9379,218.9379,218.9379,21.398802386815948,21.398802386815948,21.398802386815948,109.0,146.0,255.0
002869,train,178.02857971191406,32.52130889892578,0.18267464637756348,178.028575,178.028575,178.028575,32.52131083565629,32.52131083565629,32.52131083565629,148.0,101.0,249.0
002873,train,186.32933044433594,26.36642074584961,0.1415044069290161,186.329325,186.329325,186.329325,26.366421259707867,26.366421259707867,26.366421259707867,137.0,116.0,253.0
002872,train,221.94537353515625,20.630016326904297,0.09295087307691574,221.945375,221.945375,221.945375,20.630016750099234,20.630016750099234,20.630016750099234,103.0,152.0,255.0
002870,train,233.39874267578125,18.254615783691406,0.07821214199066162,233.39875,233.39875,233.39875,18.25461581182962,18.25461581182962,18.25461581182962,74.0,181.0,255.0
002871,train,196.5059051513672,24.9715576171875,0.1270778924226761,196.5059,196.5059,196.5059,24.971557123855934,24.971557123855934,24.971557123855934,137.0,116.0,253.0
002874,train,177.89242553710938,32.62050247192383,0.18337206542491913,177.892425,177.892425,177.892425,32.62050356170755,32.62050356170755,32.62050356170755,147.0,106.0,253.0
002876,train,150.26025390625,36.509681701660156,0.24297630786895752,150.26025,150.26025,150.26025,36.50968255048926,36.50968255048926,36.50968255048926,163.0,63.0,226.0
002875,train,164.3376007080078,36.380977630615234,0.22137950360774994,164.3376,164.3376,164.3376,36.380976158426535,36.380976158426535,36.380976158426535,158.0,89.0,247.0
002877,train,161.81288146972656,28.206151962280273,0.17431339621543884,161.812875,161.812875,161.812875,28.206151974957077,28.206151974957077,28.206151974957077,127.0,95.0,222.0
002879,train,159.996826171875,30.24361801147461,0.1890263557434082,159.996825,159.996825,159.996825,30.243617755145877,30.243617755145877,30.243617755145877,123.0,102.0,225.0
002878,train,193.00970458984375,25.1280574798584,0.1301906406879425,193.0097,193.0097,193.0097,25.128058140453273,25.128058140453273,25.128058140453273,120.0,131.0,251.0
002880,train,178.90805053710938,28.583187103271484,0.15976467728614807,178.90805,178.90805,178.90805,28.58318728199324,28.58318728199324,28.58318728199324,124.0,118.0,242.0
002881,train,228.24237060546875,15.627006530761719,0.06846672296524048,228.242375,228.242375,228.242375,15.627006410678119,15.627006410678119,15.627006410678119,70.0,185.0,255.0
002882,train,127.46052551269531,35.41703796386719,0.2778667211532593,127.460525,127.460525,127.460525,35.41703462635424,35.41703462635424,35.41703462635424,157.0,61.0,218.0
002884,train,162.3883056640625,27.708423614501953,0.17063066363334656,162.3883,162.3883,162.3883,27.708424226397288,27.708424226397288,27.708424226397288,113.0,108.0,221.0
002883,train,180.39622497558594,30.469541549682617,0.1689034253358841,180.396225,180.396225,180.396225,30.469542673781223,30.469542673781223,30.469542673781223,142.0,100.0,242.0
002887,train,154.24533081054688,27.58652687072754,0.17884837090969086,154.245325,154.245325,154.245325,27.586525526865014,27.586525526865014,27.586525526865014,130.0,92.0,222.0
002886,train,189.85243225097656,26.140398025512695,0.13768798112869263,189.852425,189.852425,189.852425,26.140398746372924,26.140398746372924,26.140398746372924,109.0,135.0,244.0
002885,train,174.13722229003906,27.672040939331055,0.1589093953371048,174.137225,174.137225,174.137225,27.6720408408808,27.6720408408808,27.6720408408808,115.0,116.0,231.0
002888,train,102.31097412109375,13.6331205368042,0.13325178623199463,102.310975,102.310975,102.310975,13.63312031595757,13.63312031595757,13.63312031595757,73.0,69.0,142.0
002889,train,138.59320068359375,12.921844482421875,0.09323577582836151,138.5932,138.5932,138.5932,12.921844441100504,12.921844441100504,12.921844441100504,80.0,103.0,183.0
002890,train,142.92410278320312,8.657923698425293,0.06057707220315933,142.9241,142.9241,142.9241,8.657923491807951,8.657923491807951,8.657923491807951,57.0,111.0,168.0
002891,train,142.47012329101562,9.301092147827148,0.06528451293706894,142.470125,142.470125,142.470125,9.301091736155223,9.301091736155223,9.301091736155223,63.0,109.0,172.0
002892,train,103.26922607421875,14.69274616241455,0.14227613806724548,103.269225,103.269225,103.269225,14.692746268120707,14.692746268120707,14.692746268120707,76.0,64.0,140.0
002894,train,100.80852508544922,15.057580947875977,0.14936813712120056,100.808525,100.808525,100.808525,15.057581556291668,15.057581556291668,15.057581556291668,86.0,63.0,149.0
002895,train,75.22125244140625,13.582446098327637,0.18056660890579224,75.22125,75.22125,75.22125,13.582446334791829,13.582446334791829,13.582446334791829,73.0,38.0,111.0
002893,train,104.30404663085938,16.263837814331055,0.15592719614505768,104.30405,104.30405,104.30405,16.26383729620719,16.26383729620719,16.26383729620719,68.0,71.0,139.0
002897,train,119.89702606201172,15.394145011901855,0.1283947229385376,119.897025,119.897025,119.897025,15.394145677801514,15.394145677801514,15.394145677801514,86.0,71.0,157.0
002896,train,106.25015258789062,16.704769134521484,0.15722112357616425,106.25015,106.25015,106.25015,16.704769527817497,16.704769527817497,16.704769527817497,91.0,57.0,148.0
002898,train,104.13140106201172,16.13804054260254,0.15497764945030212,104.1314,104.1314,104.1314,16.138039968967732,16.138039968967732,16.138039968967732,80.0,60.0,140.0
002901,train,59.761226654052734,10.883045196533203,0.1821088045835495,59.761225,59.761225,59.761225,10.883044679655367,10.883044679655367,10.883044679655367,59.0,35.0,94.0
002899,train,49.879825592041016,10.504143714904785,0.21058902144432068,49.879825,49.879825,49.879825,10.504143609517865,10.504143609517865,10.504143609517865,47.0,26.0,73.0
002900,train,87.12997436523438,15.293998718261719,0.17553085088729858,87.129975,87.129975,87.129975,15.293998218234988,15.293998218234988,15.293998218234988,71.0,60.0,131.0
002902,train,117.834228515625,15.40008544921875,0.13069279491901398,117.834225,117.834225,117.834225,15.40008745590021,15.40008745590021,15.40008745590021,78.0,85.0,163.0
002904,train,57.90662384033203,10.622586250305176,0.1834433674812317,57.906625,57.906625,57.906625,10.62258707233671,10.62258707233671,10.62258707233671,51.0,35.0,86.0
002903,train,95.01484680175781,14.316508293151855,0.15067653357982635,95.01485,95.01485,95.01485,14.316508983600016,14.316508983600016,14.316508983600016,118.0,62.0,180.0
002906,train,90.84382629394531,12.884593963623047,0.1418323516845703,90.843825,90.843825,90.843825,12.884594846923786,12.884594846923786,12.884594846923786,69.0,53.0,122.0
002905,train,88.5416259765625,13.541374206542969,0.15293794870376587,88.541625,88.541625,88.541625,13.541374278830602,13.541374278830602,13.541374278830602,78.0,52.0,130.0
002908,train,89.25797271728516,12.698572158813477,0.14226821064949036,89.257975,89.257975,89.257975,12.698571726748446,12.698571726748446,12.698571726748446,66.0,62.0,128.0
002907,train,137.2716522216797,12.751411437988281,0.09289180487394333,137.27165,137.27165,137.27165,12.751411932703766,12.751411932703766,12.751411932703766,82.0,90.0,172.0
002909,train,126.0904769897461,14.427787780761719,0.11442408710718155,126.090475,126.090475,126.090475,14.427787053958587,14.427787053958587,14.427787053958587,93.0,90.0,183.0
002910,train,122.75755310058594,12.449325561523438,0.10141392797231674,122.75755,122.75755,122.75755,12.44932600575228,12.44932600575228,12.44932600575228,85.0,79.0,164.0
002912,train,108.01499938964844,12.267459869384766,0.11357181519269943,108.015,108.015,108.015,12.267460006048521,12.267460006048521,12.267460006048521,93.0,69.0,162.0
002913,train,105.07647705078125,16.53166389465332,0.15732982754707336,105.076475,105.076475,105.076475,16.53166436189578,16.53166436189578,16.53166436189578,145.0,61.0,206.0
002911,train,85.2822494506836,11.570470809936523,0.1356726735830307,85.28225,85.28225,85.28225,11.570470385317098,11.570470385317098,11.570470385317098,67.0,60.0,127.0
002915,train,84.38674926757812,13.589070320129395,0.16103322803974152,84.38675,84.38675,84.38675,13.589070035786113,13.589070035786113,13.589070035786113,65.0,55.0,120.0
002916,train,97.0977783203125,14.434596061706543,0.14866042137145996,97.097775,97.097775,97.097775,14.434596116600389,14.434596116600389,14.434596116600389,81.0,59.0,140.0
002914,train,82.0771255493164,15.085611343383789,0.18379800021648407,82.077125,82.077125,82.077125,15.085611579726391,15.085611579726391,15.085611579726391,100.0,45.0,145.0
002917,train,83.50027465820312,10.672436714172363,0.1278131902217865,83.500275,83.500275,83.500275,10.67243645679725,10.67243645679725,10.67243645679725,83.0,45.0,128.0
002918,train,68.24150085449219,11.337580680847168,0.16613908112049103,68.2415,68.2415,68.2415,11.337580330476163,11.337580330476163,11.337580330476163,62.0,36.0,98.0
002921,train,118.55187225341797,12.3479642868042,0.10415663570165634,118.551875,118.551875,118.551875,12.34796375862737,12.34796375862737,12.34796375862737,79.0,68.0,147.0
002919,train,83.52857208251953,13.901455879211426,0.16642755270004272,83.528575,83.528575,83.528575,13.901456163631742,13.901456163631742,13.901456163631742,88.0,40.0,128.0
002922,train,119.74687194824219,10.414765357971191,0.086973175406456,119.746875,119.746875,119.746875,10.414766091198352,10.414766091198352,10.414766091198352,77.0,77.0,154.0
002923,train,92.89600372314453,10.467912673950195,0.1126842051744461,92.896,92.896,92.896,10.467912112737668,10.467912112737668,10.467912112737668,80.0,47.0,127.0
002920,train,98.18074798583984,16.52267837524414,0.16828837990760803,98.18075,98.18075,98.18075,16.522677732059655,16.522677732059655,16.522677732059655,69.0,66.0,135.0
002924,train,76.91584777832031,10.952960014343262,0.14240185916423798,76.91585,76.91585,76.91585,10.952959361629166,10.952959361629166,10.952959361629166,55.0,52.0,107.0
002926,train,61.82334899902344,9.018134117126465,0.1458693891763687,61.82335,61.82335,61.82335,9.018134218201679,9.018134218201679,9.018134218201679,55.0,35.0,90.0
002925,train,94.3386001586914,9.011043548583984,0.095518097281456,94.3386,94.3386,94.3386,9.011043227063112,9.011043227063112,9.011043227063112,72.0,53.0,125.0
002927,train,217.1068572998047,18.62775230407715,0.0857999250292778,217.10685,217.10685,217.10685,18.627751691428035,18.627751691428035,18.627751691428035,93.0,162.0,255.0
002928,train,141.60604858398438,15.342257499694824,0.1083446517586708,141.60605,141.60605,141.60605,15.342257115480107,15.342257115480107,15.342257115480107,102.0,81.0,183.0
002929,train,142.455322265625,13.073312759399414,0.09177131950855255,142.455325,142.455325,142.455325,13.07331266911241,13.07331266911241,13.07331266911241,94.0,86.0,180.0
002931,train,161.7586212158203,55.810752868652344,0.3450249135494232,161.758625,161.758625,161.758625,55.81075311361938,55.81075311361938,55.81075311361938,237.0,18.0,255.0
002932,train,122.0521240234375,42.87213897705078,0.3512609004974365,122.052125,122.052125,122.052125,42.872137315328416,42.872137315328416,42.872137315328416,237.0,18.0,255.0
002930,train,136.8429718017578,11.289863586425781,0.0825023278594017,136.842975,136.842975,136.842975,11.289863513319148,11.289863513319148,11.289863513319148,82.0,87.0,169.0
002935,train,174.10511779785156,64.702392578125,0.3716283142566681,174.105125,174.105125,174.105125,64.70238924285853,64.70238924285853,64.70238924285853,231.0,24.0,255.0
002934,train,156.07107543945312,48.08488845825195,0.3080960810184479,156.071075,156.071075,156.071075,48.08488664169206,48.08488664169206,48.08488664169206,242.0,13.0,255.0
002933,train,166.43385314941406,47.93196487426758,0.2879940867424011,166.43385,166.43385,166.43385,47.93196192706387,47.93196192706387,47.93196192706387,227.0,28.0,255.0
002936,train,176.9888458251953,71.67011260986328,0.4049414098262787,176.98885,176.98885,176.98885,71.67011738289187,71.67011738289187,71.67011738289187,231.0,24.0,255.0
002937,train,111.77799987792969,55.69892883300781,0.49829956889152527,111.778,111.778,111.778,55.69892921771477,55.69892921771477,55.69892921771477,238.0,17.0,255.0
002938,train,156.25794982910156,56.83809280395508,0.3637452721595764,156.25795,156.25795,156.25795,56.838092964116065,56.838092964116065,56.838092964116065,229.0,26.0,255.0
002940,train,162.31993103027344,64.02560424804688,0.39444079995155334,162.319925,162.319925,162.319925,64.02560482333904,64.02560482333904,64.02560482333904,255.0,0.0,255.0
002939,train,112.92432403564453,60.67377853393555,0.537295937538147,112.924325,112.924325,112.924325,60.67377974293653,60.67377974293653,60.67377974293653,239.0,16.0,255.0
002941,train,114.84120178222656,57.65748596191406,0.5020627379417419,114.8412,114.8412,114.8412,57.65748808749822,57.65748808749822,57.65748808749822,237.0,18.0,255.0
002942,train,160.9522247314453,61.70796203613281,0.3833930492401123,160.952225,160.952225,160.952225,61.70796052819583,61.70796052819583,61.70796052819583,228.0,27.0,255.0
002946,train,127.75137329101562,68.22311401367188,0.5340303778648376,127.751375,127.751375,127.751375,68.22311602828894,68.22311602828894,68.22311602828894,255.0,0.0,255.0
002943,train,70.20760345458984,52.957115173339844,0.7542931437492371,70.2076,70.2076,70.2076,52.95711569033948,52.95711569033948,52.95711569033948,255.0,0.0,255.0
002945,train,138.5638427734375,54.69746398925781,0.3947455883026123,138.56385,138.56385,138.56385,54.697462218804084,54.697462218804084,54.697462218804084,245.0,10.0,255.0
002947,train,166.42727661132812,70.24153137207031,0.4220553934574127,166.427275,166.427275,166.427275,70.24152946138328,70.24152946138328,70.24152946138328,255.0,0.0,255.0
002944,train,121.5770492553711,45.618064880371094,0.3752193748950958,121.57705,121.57705,121.57705,45.61806455010449,45.61806455010449,45.61806455010449,249.0,6.0,255.0
002949,train,85.81277465820312,61.996212005615234,0.7224590182304382,85.812775,85.812775,85.812775,61.9962121568679,61.9962121568679,61.9962121568679,255.0,0.0,255.0
002948,train,162.4394073486328,72.1444320678711,0.44413134455680847,162.4394,162.4394,162.4394,72.14443414179641,72.14443414179641,72.14443414179641,253.0,2.0,255.0
002950,train,37.01634979248047,31.050519943237305,0.8388325572013855,37.01635,37.01635,37.01635,31.050519040388036,31.050519040388036,31.050519040388036,154.0,0.0,154.0
002951,train,102.19844818115234,57.22686767578125,0.559958279132843,102.19845,102.19845,102.19845,57.22686753263278,57.22686753263278,57.22686753263278,255.0,0.0,255.0
002952,train,48.52427673339844,32.845462799072266,0.6768872141838074,48.524275,48.524275,48.524275,32.84546408142797,32.84546408142797,32.84546408142797,182.0,0.0,182.0
002953,train,175.9108428955078,60.804840087890625,0.3456571400165558,175.91085,175.91085,175.91085,60.80484316464848,60.80484316464848,60.80484316464848,251.0,4.0,255.0
002954,train,187.6987762451172,54.22190856933594,0.2888772487640381,187.698775,187.698775,187.698775,54.22190967219225,54.22190967219225,54.22190967219225,252.0,3.0,255.0
002955,train,196.8915252685547,61.312034606933594,0.31140005588531494,196.891525,196.891525,196.891525,61.312037628628644,61.312037628628644,61.312037628628644,251.0,4.0,255.0
002958,train,179.3728790283203,71.40164184570312,0.39806264638900757,179.372875,179.372875,179.372875,71.40164416338307,71.40164416338307,71.40164416338307,255.0,0.0,255.0
002956,train,178.4737548828125,66.66891479492188,0.3735502362251282,178.47375,178.47375,178.47375,66.6689156274309,66.6689156274309,66.6689156274309,255.0,0.0,255.0
002959,train,206.93504333496094,44.220733642578125,0.2136937826871872,206.93505,206.93505,206.93505,44.22073531158771,44.22073531158771,44.22073531158771,228.0,27.0,255.0
002961,train,177.5497283935547,70.41371154785156,0.3965858519077301,177.549725,177.549725,177.549725,70.41371689823208,70.41371689823208,70.41371689823208,239.0,16.0,255.0
002957,train,194.88455200195312,51.154151916503906,0.2624843716621399,194.88455,194.88455,194.88455,51.154152532296926,51.154152532296926,51.154152532296926,249.0,6.0,255.0
002962,train,213.31544494628906,62.031715393066406,0.29079803824424744,213.31545,213.31545,213.31545,62.03170996593194,62.03170996593194,62.03170996593194,231.0,24.0,255.0
002960,train,199.9400177001953,61.437076568603516,0.30727753043174744,199.940025,199.940025,199.940025,61.437077388165,61.437077388165,61.437077388165,255.0,0.0,255.0
002963,train,198.2092742919922,62.11984634399414,0.3134053349494934,198.209275,198.209275,198.209275,62.11984488852475,62.11984488852475,62.11984488852475,248.0,7.0,255.0
002965,train,150.28030395507812,55.81586837768555,0.3714117407798767,150.2803,150.2803,150.2803,55.81586944507807,55.81586944507807,55.81586944507807,255.0,0.0,255.0
002966,train,140.6166534423828,71.57805633544922,0.509029746055603,140.61665,140.61665,140.61665,71.57805454730871,71.57805454730871,71.57805454730871,248.0,7.0,255.0
002964,train,190.891357421875,57.741092681884766,0.30248144268989563,190.89135,190.89135,190.89135,57.74109191189148,57.74109191189148,57.74109191189148,255.0,0.0,255.0
002971,train,204.64830017089844,49.91789245605469,0.24392038583755493,204.6483,204.6483,204.6483,49.91789315576129,49.91789315576129,49.91789315576129,243.0,12.0,255.0
002969,train,147.0845184326172,65.34182739257812,0.4442467987537384,147.084525,147.084525,147.084525,65.34182451175032,65.34182451175032,65.34182451175032,250.0,5.0,255.0
002970,train,223.2927703857422,52.52184295654297,0.23521515727043152,223.292775,223.292775,223.292775,52.52184362528961,52.52184362528961,52.52184362528961,233.0,22.0,255.0
002967,train,184.03927612304688,72.34428405761719,0.3930915594100952,184.039275,184.039275,184.039275,72.34427919659146,72.34427919659146,72.34427919659146,233.0,22.0,255.0
002968,train,205.15863037109375,53.90499496459961,0.2627478837966919,205.158625,205.158625,205.158625,53.90499246924514,53.90499246924514,53.90499246924514,244.0,11.0,255.0
002972,train,158.0054473876953,71.50230407714844,0.4525306224822998,158.00545,158.00545,158.00545,71.50230465025236,71.50230465025236,71.50230465025236,245.0,10.0,255.0
002973,train,195.0834197998047,65.93899536132812,0.33800411224365234,195.083425,195.083425,195.083425,65.9389976817162,65.9389976817162,65.9389976817162,242.0,13.0,255.0
002975,train,208.01780700683594,62.5369758605957,0.3006328046321869,208.0178,208.0178,208.0178,62.536975327881024,62.536975327881024,62.536975327881024,225.0,30.0,255.0
002978,train,181.80564880371094,67.70597076416016,0.37240850925445557,181.80565,181.80565,181.80565,67.70596892503275,67.70596892503275,67.70596892503275,237.0,18.0,255.0
002979,train,209.2760467529297,56.20814895629883,0.2685837745666504,209.27605,209.27605,209.27605,56.20814928813704,56.20814928813704,56.20814928813704,241.0,14.0,255.0
002974,train,150.42591857910156,57.618324279785156,0.3830345571041107,150.425925,150.425925,150.425925,57.61832228462033,57.61832228462033,57.61832228462033,233.0,22.0,255.0
002976,train,161.05072021484375,55.66978454589844,0.34566617012023926,161.050725,161.050725,161.050725,55.66978535951414,55.66978535951414,55.66978535951414,255.0,0.0,255.0
002977,train,214.57350158691406,52.4705924987793,0.24453435838222504,214.5735,214.5735,214.5735,52.4705960300624,52.4705960300624,52.4705960300624,249.0,6.0,255.0
002980,train,187.63897705078125,58.111602783203125,0.30969899892807007,187.638975,187.638975,187.638975,58.111605002351936,58.111605002351936,58.111605002351936,238.0,17.0,255.0
002981,train,194.1783447265625,43.898563385009766,0.22607342898845673,194.17835,194.17835,194.17835,43.89856251948918,43.89856251948918,43.89856251948918,246.0,9.0,255.0
002983,train,193.8095703125,39.70897674560547,0.2048865556716919,193.809575,193.809575,193.809575,39.70897963080108,39.70897963080108,39.70897963080108,255.0,0.0,255.0
002986,train,155.98849487304688,47.288238525390625,0.30315208435058594,155.9885,155.9885,155.9885,47.288237097083666,47.288237097083666,47.288237097083666,233.0,22.0,255.0
002982,train,189.7982940673828,40.33540344238281,0.21251720190048218,189.7983,189.7983,189.7983,40.33540339590023,40.33540339590023,40.33540339590023,219.0,36.0,255.0
002985,train,66.1728286743164,26.040956497192383,0.3935294449329376,66.172825,66.172825,66.172825,26.0409563288174,26.0409563288174,26.0409563288174,150.0,0.0,150.0
002984,train,149.54171752929688,46.430763244628906,0.3104870319366455,149.541725,149.541725,149.541725,46.43076575961649,46.43076575961649,46.43076575961649,232.0,23.0,255.0
002987,train,160.4398956298828,48.95310974121094,0.30511805415153503,160.4399,160.4399,160.4399,48.95311060586447,48.95311060586447,48.95311060586447,235.0,20.0,255.0
002988,train,151.02830505371094,42.42926025390625,0.2809358239173889,151.0283,151.0283,151.0283,42.429259940635305,42.429259940635305,42.429259940635305,241.0,14.0,255.0
002990,train,102.10992431640625,47.599395751953125,0.46615836024284363,102.109925,102.109925,102.109925,47.59939749087561,47.59939749087561,47.59939749087561,253.0,2.0,255.0
002989,train,168.85000610351562,49.94826126098633,0.2958143949508667,168.85,168.85,168.85,49.94825772737223,49.94825772737223,49.94825772737223,244.0,11.0,255.0
002991,train,110.44287872314453,55.49393844604492,0.5024673342704773,110.442875,110.442875,110.442875,55.49393828819843,55.49393828819843,55.49393828819843,255.0,0.0,255.0
002993,train,171.53598022460938,47.46718978881836,0.2767185568809509,171.535975,171.535975,171.535975,47.467190308668734,47.467190308668734,47.467190308668734,241.0,14.0,255.0
002994,train,127.81417846679688,54.4013671875,0.42562857270240784,127.814175,127.814175,127.814175,54.401367575359494,54.401367575359494,54.401367575359494,255.0,0.0,255.0
002992,train,87.49334716796875,25.932939529418945,0.29639899730682373,87.49335,87.49335,87.49335,25.932939589978997,25.932939589978997,25.932939589978997,220.0,6.0,226.0
002995,train,169.0928955078125,54.47583770751953,0.3221651613712311,169.0929,169.0929,169.0929,54.475837942981656,54.475837942981656,54.475837942981656,242.0,13.0,255.0
002996,train,155.56707763671875,55.85157775878906,0.3590192496776581,155.567075,155.567075,155.567075,55.85157653051859,55.85157653051859,55.85157653051859,237.0,18.0,255.0
002999,train,168.32005310058594,60.26512908935547,0.35803890228271484,168.32005,168.32005,168.32005,60.265130199788835,60.265130199788835,60.265130199788835,231.0,24.0,255.0
002997,train,135.55775451660156,43.49238586425781,0.3208402693271637,135.55775,135.55775,135.55775,43.492387436625044,43.492387436625044,43.492387436625044,247.0,8.0,255.0
003000,train,154.42030334472656,55.80754852294922,0.3614003360271454,154.4203,154.4203,154.4203,55.80754875382003,55.80754875382003,55.80754875382003,237.0,18.0,255.0
003002,train,184.96424865722656,52.33577346801758,0.282950758934021,184.96425,184.96425,184.96425,52.33577287035608,52.33577287035608,52.33577287035608,237.0,18.0,255.0
002998,train,161.8728485107422,54.31669998168945,0.3355516493320465,161.87285,161.87285,161.87285,54.31669893207337,54.31669893207337,54.31669893207337,237.0,18.0,255.0
003001,train,153.04562377929688,62.57026672363281,0.4088340699672699,153.045625,153.045625,153.045625,62.570262052826465,62.570262052826465,62.570262052826465,234.0,21.0,255.0
003003,train,133.9048309326172,53.6627311706543,0.4007527530193329,133.904825,133.904825,133.904825,53.66273070501887,53.66273070501887,53.66273070501887,236.0,19.0,255.0
003004,train,136.5386505126953,66.432373046875,0.48654627799987793,136.53865,136.53865,136.53865,66.43237242623132,66.43237242623132,66.43237242623132,243.0,12.0,255.0
003006,train,141.31170654296875,50.808677673339844,0.3595503866672516,141.3117,141.3117,141.3117,50.80867881681239,50.80867881681239,50.80867881681239,231.0,24.0,255.0
003008,train,113.6001968383789,51.40664291381836,0.45252248644828796,113.6002,113.6002,113.6002,51.406642177446294,51.406642177446294,51.406642177446294,245.0,10.0,255.0
003007,train,152.9226531982422,60.785736083984375,0.3974933326244354,152.92265,152.92265,152.92265,60.78573366323302,60.78573366323302,60.78573366323302,245.0,10.0,255.0
003009,train,124.26307678222656,59.407310485839844,0.4780769348144531,124.263075,124.263075,124.263075,59.407311557958714,59.407311557958714,59.407311557958714,246.0,9.0,255.0
003011,train,99.2824478149414,41.87945556640625,0.42182135581970215,99.28245,99.28245,99.28245,41.879454652579945,41.879454652579945,41.879454652579945,248.0,7.0,255.0
003005,train,127.75479888916016,48.35253143310547,0.3784791827201843,127.7548,127.7548,127.7548,48.3525286511471,48.3525286511471,48.3525286511471,240.0,15.0,255.0
003010,train,128.01614379882812,57.11591720581055,0.44616183638572693,128.01615,128.01615,128.01615,57.11591537546693,57.11591537546693,57.11591537546693,240.0,15.0,255.0
003013,train,95.59335327148438,54.08757400512695,0.5658089518547058,95.59335,95.59335,95.59335,54.08757422715036,54.08757422715036,54.08757422715036,253.0,2.0,255.0
003015,train,128.2227783203125,48.093711853027344,0.37507930397987366,128.222775,128.222775,128.222775,48.09371420777745,48.09371420777745,48.09371420777745,245.0,10.0,255.0
003014,train,167.28219604492188,33.479244232177734,0.20013633370399475,167.2822,167.2822,167.2822,33.479243019518826,33.479243019518826,33.479243019518826,227.0,28.0,255.0
003016,train,72.14842224121094,31.298986434936523,0.4338138699531555,72.148425,72.148425,72.148425,31.298985527000312,31.298985527000312,31.298985527000312,180.0,0.0,180.0
003012,train,78.48287200927734,38.62865447998047,0.4921921491622925,78.482875,78.482875,78.482875,38.62865460683785,38.62865460683785,38.62865460683785,227.0,2.0,229.0
003019,train,92.57502746582031,51.85733413696289,0.5601654648780823,92.575025,92.575025,92.575025,51.85733575155375,51.85733575155375,51.85733575155375,249.0,0.0,249.0
003018,train,100.706298828125,47.79916763305664,0.47463929653167725,100.7063,100.7063,100.7063,47.79916777842476,47.79916777842476,47.79916777842476,240.0,12.0,252.0
003017,train,35.58122634887695,17.31987953186035,0.4867701828479767,35.581225,35.581225,35.581225,17.319878824615806,17.319878824615806,17.319878824615806,91.0,0.0,91.0
003022,train,178.5384063720703,52.14375686645508,0.2920590341091156,178.5384,178.5384,178.5384,52.143754903535665,52.143754903535665,52.143754903535665,237.0,18.0,255.0
003021,train,116.31060028076172,59.083797454833984,0.5079829096794128,116.3106,116.3106,116.3106,59.08379792836612,59.08379792836612,59.08379792836612,250.0,5.0,255.0
003020,train,119.41907501220703,55.375205993652344,0.4637048542499542,119.419075,119.419075,119.419075,55.37520655622311,55.37520655622311,55.37520655622311,255.0,0.0,255.0
003024,train,163.49044799804688,57.00039291381836,0.3486466109752655,163.49045,163.49045,163.49045,57.000393496865435,57.000393496865435,57.000393496865435,237.0,18.0,255.0
003026,train,54.55364990234375,22.78725242614746,0.4177035391330719,54.55365,54.55365,54.55365,22.787253491316147,22.787253491316147,22.787253491316147,145.0,0.0,145.0
003025,train,116.31060028076172,59.083797454833984,0.5079829096794128,116.3106,116.3106,116.3106,59.08379792836612,59.08379792836612,59.08379792836612,250.0,5.0,255.0
003023,train,151.8751678466797,46.5771598815918,0.3066805601119995,151.875175,151.875175,151.875175,46.57715957118226,46.57715957118226,46.57715957118226,227.0,28.0,255.0
003027,train,138.65289306640625,40.2217903137207,0.29008981585502625,138.6529,138.6529,138.6529,40.22178976114812,40.22178976114812,40.22178976114812,230.0,25.0,255.0
003031,train,146.02955627441406,71.8893814086914,0.4922933578491211,146.02955,146.02955,146.02955,71.88938361675874,71.88938361675874,71.88938361675874,252.0,3.0,255.0
003030,train,171.3520050048828,59.41334915161133,0.3467327356338501,171.352,171.352,171.352,59.41334779323582,59.41334779323582,59.41334779323582,235.0,20.0,255.0
003028,train,143.0809326171875,70.36830139160156,0.4918076694011688,143.080925,143.080925,143.080925,70.36830661700176,70.36830661700176,70.36830661700176,235.0,20.0,255.0
003029,train,125.37992858886719,43.47298049926758,0.34672999382019043,125.379925,125.379925,125.379925,43.472978181789834,43.472978181789834,43.472978181789834,234.0,21.0,255.0
003032,train,141.2566680908203,70.83456420898438,0.5014599561691284,141.256675,141.256675,141.256675,70.83456354735571,70.83456354735571,70.83456354735571,251.0,4.0,255.0
003033,train,180.1376495361328,59.76814651489258,0.3317915201187134,180.13765,180.13765,180.13765,59.768142036351605,59.768142036351605,59.768142036351605,254.0,1.0,255.0
003034,train,127.45989990234375,65.55960845947266,0.5143547654151917,127.4599,127.4599,127.4599,65.55960754908467,65.55960754908467,65.55960754908467,239.0,16.0,255.0
003035,train,115.5853271484375,56.40548324584961,0.4879986345767975,115.585325,115.585325,115.585325,56.4054826204366,56.4054826204366,56.4054826204366,242.0,13.0,255.0
003036,train,125.27690124511719,64.26886749267578,0.5130144953727722,125.2769,125.2769,125.2769,64.26886514005051,64.26886514005051,64.26886514005051,240.0,15.0,255.0
003037,train,44.11607360839844,20.868425369262695,0.47303450107574463,44.116075,44.116075,44.116075,20.86842594913126,20.86842594913126,20.86842594913126,106.0,0.0,106.0
003040,train,116.9676513671875,60.95524215698242,0.5211290717124939,116.96765,116.96765,116.96765,60.95524221490306,60.95524221490306,60.95524221490306,241.0,14.0,255.0
003038,train,105.99535369873047,54.37449645996094,0.5129894614219666,105.99535,105.99535,105.99535,54.3744979597743,54.3744979597743,54.3744979597743,234.0,21.0,255.0
003041,train,151.5364532470703,52.663475036621094,0.3475300669670105,151.53645,151.53645,151.53645,52.66347378779243,52.66347378779243,52.66347378779243,238.0,17.0,255.0
003039,train,99.73057556152344,60.0294303894043,0.6019160151481628,99.730575,99.730575,99.730575,60.02942849277657,60.02942849277657,60.02942849277657,250.0,5.0,255.0
003043,train,83.64562225341797,39.05683135986328,0.46693217754364014,83.645625,83.645625,83.645625,39.05683030353814,39.05683030353814,39.05683030353814,209.0,9.0,218.0
003046,train,176.4779510498047,59.08811569213867,0.33481869101524353,176.47795,176.47795,176.47795,59.08811482690491,59.08811482690491,59.08811482690491,233.0,22.0,255.0
003042,train,44.199951171875,25.130136489868164,0.5685557723045349,44.19995,44.19995,44.19995,25.130135693973084,25.130135693973084,25.130135693973084,138.0,0.0,138.0
003044,train,111.21649932861328,62.36284255981445,0.5607337355613708,111.2165,111.2165,111.2165,62.362839718457344,62.362839718457344,62.362839718457344,245.0,10.0,255.0
003045,train,160.8845977783203,54.30049514770508,0.3375120759010315,160.8846,160.8846,160.8846,54.30049339407516,54.30049339407516,54.30049339407516,233.0,22.0,255.0
003047,train,91.21507263183594,59.620582580566406,0.6536264419555664,91.215075,91.215075,91.215075,59.62058551997267,59.62058551997267,59.62058551997267,247.0,8.0,255.0
003048,train,126.00029754638672,54.315486907958984,0.43107426166534424,126.0003,126.0003,126.0003,54.31548351906664,54.31548351906664,54.31548351906664,243.0,12.0,255.0
003049,train,209.61618041992188,44.06787109375,0.2102312445640564,209.616175,209.616175,209.616175,44.06786815094843,44.06786815094843,44.06786815094843,220.0,35.0,255.0
003050,train,119.06107330322266,64.51248168945312,0.541843593120575,119.061075,119.061075,119.061075,64.51247898542091,64.51247898542091,64.51247898542091,250.0,5.0,255.0
003052,train,105.84007263183594,59.46933364868164,0.5618791580200195,105.840075,105.840075,105.840075,59.46933368547503,59.46933368547503,59.46933368547503,252.0,3.0,255.0
003053,train,62.978023529052734,26.793424606323242,0.42544084787368774,62.978025,62.978025,62.978025,26.793424419050563,26.793424419050563,26.793424419050563,156.0,0.0,156.0
003051,train,77.01415252685547,36.03768539428711,0.4679358899593353,77.01415,77.01415,77.01415,36.03768721460216,36.03768721460216,36.03768721460216,188.0,0.0,188.0
003054,train,49.75932312011719,26.50520896911621,0.5326681733131409,49.759325,49.759325,49.759325,26.505208932290554,26.505208932290554,26.505208932290554,137.0,0.0,137.0
003055,train,170.93206787109375,37.7232666015625,0.22069157660007477,170.932075,170.932075,170.932075,37.72326617877056,37.72326617877056,37.72326617877056,216.0,39.0,255.0
003057,train,84.03262329101562,48.21146011352539,0.5737231373786926,84.032625,84.032625,84.032625,48.21146140296283,48.21146140296283,48.21146140296283,255.0,0.0,255.0
003056,train,105.94882202148438,50.44437789916992,0.4761202335357666,105.948825,105.948825,105.948825,50.444376357720735,50.444376357720735,50.444376357720735,243.0,12.0,255.0
003059,train,109.7979965209961,49.619544982910156,0.4519166648387909,109.798,109.798,109.798,49.61954399226176,49.61954399226176,49.61954399226176,255.0,0.0,255.0
003062,train,72.17970275878906,47.29767990112305,0.6552767157554626,72.1797,72.1797,72.1797,47.29768025928967,47.29768025928967,47.29768025928967,253.0,0.0,253.0
003058,train,100.48977661132812,55.63190841674805,0.5536076426506042,100.489775,100.489775,100.489775,55.63190896822951,55.63190896822951,55.63190896822951,251.0,4.0,255.0
003061,train,158.4823760986328,60.63604736328125,0.38260436058044434,158.482375,158.482375,158.482375,60.63604818389285,60.63604818389285,60.63604818389285,232.0,23.0,255.0
003060,train,84.86327362060547,58.807899475097656,0.6929723024368286,84.863275,84.863275,84.863275,58.80790152075123,58.80790152075123,58.80790152075123,255.0,0.0,255.0
003063,train,51.552101135253906,35.1148681640625,0.6811529994010925,51.5521,51.5521,51.5521,35.114866304600966,35.114866304600966,35.114866304600966,218.0,0.0,218.0
003065,train,117.02245330810547,64.20623016357422,0.5486658811569214,117.02245,117.02245,117.02245,64.20623408982573,64.20623408982573,64.20623408982573,242.0,13.0,255.0
003067,train,122.96732330322266,68.84221649169922,0.5598415732383728,122.967325,122.967325,122.967325,68.84222002045239,68.84222002045239,68.84222002045239,248.0,7.0,255.0
003066,train,164.20806884765625,61.70455551147461,0.37577053904533386,164.208075,164.208075,164.208075,61.70455639411384,61.70455639411384,61.70455639411384,225.0,30.0,255.0
003064,train,36.363525390625,25.86969566345215,0.7114188075065613,36.363525,36.363525,36.363525,25.869695100143236,25.869695100143236,25.869695100143236,137.0,0.0,137.0
003068,train,140.85125732421875,61.461544036865234,0.4363577961921692,140.85125,140.85125,140.85125,61.461546705541835,61.461546705541835,61.461546705541835,234.0,21.0,255.0
003069,train,145.44557189941406,69.65054321289062,0.4788770377635956,145.445575,145.445575,145.445575,69.65053903538274,69.65053903538274,69.65053903538274,224.0,31.0,255.0
003071,train,121.56390380859375,66.5721664428711,0.547631025314331,121.5639,121.5639,121.5639,66.5721639785729,66.5721639785729,66.5721639785729,255.0,0.0,255.0
003070,train,91.8835220336914,54.7099723815918,0.5954274535179138,91.883525,91.883525,91.883525,54.70997083324369,54.70997083324369,54.70997083324369,248.0,7.0,255.0
003075,train,151.54747009277344,73.2141342163086,0.483110249042511,151.547475,151.547475,151.547475,73.21413590369264,73.21413590369264,73.21413590369264,255.0,0.0,255.0
003072,train,176.24484252929688,73.15425109863281,0.4150717258453369,176.24485,176.24485,176.24485,73.1542483282926,73.1542483282926,73.1542483282926,225.0,30.0,255.0
003073,train,54.88475036621094,29.729978561401367,0.541680097579956,54.88475,54.88475,54.88475,29.72997758891688,29.72997758891688,29.72997758891688,158.0,0.0,158.0
003074,train,162.5563507080078,66.02802276611328,0.40618544816970825,162.55635,162.55635,162.55635,66.02802037527326,66.02802037527326,66.02802037527326,237.0,18.0,255.0
003076,train,174.93572998046875,55.814327239990234,0.3190561830997467,174.935725,174.935725,174.935725,55.81432650963707,55.81432650963707,55.81432650963707,238.0,17.0,255.0
003077,train,140.17633056640625,62.90943145751953,0.4487878382205963,140.176325,140.176325,140.176325,62.90943199945757,62.90943199945757,62.90943199945757,231.0,24.0,255.0
003078,train,136.96702575683594,66.18881225585938,0.4832463264465332,136.967025,136.967025,136.967025,66.18881240549173,66.18881240549173,66.18881240549173,255.0,0.0,255.0
003079,train,141.0229949951172,48.60374069213867,0.34465116262435913,141.023,141.023,141.023,48.60374132718591,48.60374132718591,48.60374132718591,253.0,2.0,255.0
003082,train,42.444175720214844,22.76287269592285,0.5363014340400696,42.444175,42.444175,42.444175,22.76287291994082,22.76287291994082,22.76287291994082,140.0,0.0,140.0
003080,train,139.5405731201172,54.522586822509766,0.39072927832603455,139.540575,139.540575,139.540575,54.522586179209945,54.522586179209945,54.522586179209945,231.0,24.0,255.0
003083,train,153.025146484375,58.12726974487305,0.37985435128211975,153.02515,153.02515,153.02515,58.127264407311486,58.127264407311486,58.127264407311486,235.0,20.0,255.0
003081,train,200.5493927001953,62.826473236083984,0.31327182054519653,200.5494,200.5494,200.5494,62.8264706126327,62.8264706126327,62.8264706126327,253.0,2.0,255.0
003084,train,38.743099212646484,24.599990844726562,0.6349515318870544,38.7431,38.7431,38.7431,24.59999090223409,24.59999090223409,24.59999090223409,166.0,0.0,166.0
003085,train,120.47037506103516,62.02452850341797,0.5148529410362244,120.470375,120.470375,120.470375,62.02452798981525,62.02452798981525,62.02452798981525,246.0,9.0,255.0
003086,train,171.3001251220703,64.07752990722656,0.3740658760070801,171.300125,171.300125,171.300125,64.07752765193406,64.07752765193406,64.07752765193406,224.0,31.0,255.0
003090,train,81.6988754272461,45.42198181152344,0.5559682846069336,81.698875,81.698875,81.698875,45.421981999185974,45.421981999185974,45.421981999185974,243.0,2.0,245.0
003087,train,153.90557861328125,73.92337799072266,0.4803164303302765,153.905575,153.905575,153.905575,73.92337965027961,73.92337965027961,73.92337965027961,252.0,3.0,255.0
003088,train,143.1186981201172,64.6293716430664,0.451578825712204,143.1187,143.1187,143.1187,64.62937420639318,64.62937420639318,64.62937420639318,255.0,0.0,255.0
003091,train,150.8311309814453,58.92176818847656,0.3906472623348236,150.831125,150.831125,150.831125,58.92177022318979,58.92177022318979,58.92177022318979,255.0,0.0,255.0
003092,train,127.58194732666016,53.57659149169922,0.4199386537075043,127.58195,127.58195,127.58195,53.576590356213416,53.576590356213416,53.576590356213416,255.0,0.0,255.0
003089,train,59.624000549316406,42.88722610473633,0.7192946672439575,59.624,59.624,59.624,42.88722623346024,42.88722623346024,42.88722623346024,234.0,0.0,234.0
003093,train,126.41972351074219,60.62387466430664,0.47954443097114563,126.419725,126.419725,126.419725,60.62387818281156,60.62387818281156,60.62387818281156,245.0,10.0,255.0
003094,train,109.1530532836914,63.85518264770508,0.5850059390068054,109.15305,109.15305,109.15305,63.85518284131289,63.85518284131289,63.85518284131289,255.0,0.0,255.0
003097,train,146.53335571289062,60.05622863769531,0.40984681248664856,146.53335,146.53335,146.53335,60.056229799892535,60.056229799892535,60.056229799892535,231.0,24.0,255.0
003096,train,136.70899963378906,58.45500946044922,0.4275871217250824,136.709,136.709,136.709,58.455007219228015,58.455007219228015,58.455007219228015,255.0,0.0,255.0
003098,train,75.45065307617188,46.76677322387695,0.6198325753211975,75.45065,75.45065,75.45065,46.766772548225944,46.766772548225944,46.766772548225944,251.0,4.0,255.0
003099,train,154.91209411621094,62.32032012939453,0.40229472517967224,154.9121,154.9121,154.9121,62.32032231615944,62.32032231615944,62.32032231615944,255.0,0.0,255.0
003100,train,58.282100677490234,40.69438934326172,0.6982313394546509,58.2821,58.2821,58.2821,40.69438928881966,40.69438928881966,40.69438928881966,206.0,0.0,206.0
003095,train,131.39932250976562,65.65226745605469,0.4996393024921417,131.399325,131.399325,131.399325,65.65226777914359,65.65226777914359,65.65226777914359,255.0,0.0,255.0
003101,train,157.38502502441406,60.309932708740234,0.38319993019104004,157.385025,157.385025,157.385025,60.309931443746265,60.309931443746265,60.309931443746265,248.0,7.0,255.0
003103,train,141.40518188476562,61.56318283081055,0.435367226600647,141.405175,141.405175,141.405175,61.56318671267249,61.56318671267249,61.56318671267249,239.0,16.0,255.0
003102,train,89.55039978027344,46.840423583984375,0.5230621099472046,89.5504,89.5504,89.5504,46.840420683849544,46.840420683849544,46.840420683849544,251.0,0.0,251.0
003105,train,138.20265197753906,64.37100982666016,0.4657725989818573,138.20265,138.20265,138.20265,64.37100459816905,64.37100459816905,64.37100459816905,229.0,26.0,255.0
003104,train,168.11070251464844,60.949302673339844,0.3625545799732208,168.1107,168.1107,168.1107,60.94930512737614,60.94930512737614,60.94930512737614,255.0,0.0,255.0
003107,train,150.08267211914062,59.126853942871094,0.39396190643310547,150.082675,150.082675,150.082675,59.12685548753946,59.12685548753946,59.12685548753946,255.0,0.0,255.0
003106,train,137.67225646972656,62.15662384033203,0.4514825642108917,137.67225,137.67225,137.67225,62.15662539052052,62.15662539052052,62.15662539052052,232.0,23.0,255.0
003108,train,106.03269958496094,54.51057434082031,0.5140920877456665,106.0327,106.0327,106.0327,54.510574943858366,54.510574943858366,54.510574943858366,255.0,0.0,255.0
003109,train,144.52059936523438,55.98807144165039,0.38740548491477966,144.5206,144.5206,144.5206,55.988073065966475,55.988073065966475,55.988073065966475,255.0,0.0,255.0
003112,train,46.289451599121094,40.907962799072266,0.88374263048172,46.28945,46.28945,46.28945,40.90796461201046,40.90796461201046,40.90796461201046,200.0,0.0,200.0
003113,train,139.53762817382812,53.23793029785156,0.3815310001373291,139.537625,139.537625,139.537625,53.237928531821886,53.237928531821886,53.237928531821886,254.0,1.0,255.0
003115,train,140.95391845703125,59.9019889831543,0.4249756932258606,140.953925,140.953925,140.953925,59.901989550384506,59.901989550384506,59.901989550384506,255.0,0.0,255.0
003114,train,118.89447784423828,51.19012451171875,0.4305509030818939,118.894475,118.894475,118.894475,51.190125409832454,51.190125409832454,51.190125409832454,230.0,25.0,255.0
003110,train,134.62315368652344,59.217369079589844,0.439875066280365,134.62315,134.62315,134.62315,59.21737231655504,59.21737231655504,59.21737231655504,255.0,0.0,255.0
003111,train,132.68028259277344,63.904170989990234,0.4816403090953827,132.680275,132.680275,132.680275,63.90417201501303,63.90417201501303,63.90417201501303,255.0,0.0,255.0
003116,train,84.84297180175781,46.633140563964844,0.5496405959129333,84.842975,84.842975,84.842975,46.63314184300019,46.63314184300019,46.63314184300019,240.0,6.0,246.0
003119,train,136.96910095214844,55.94021987915039,0.40841490030288696,136.9691,136.9691,136.9691,55.9402171535828,55.9402171535828,55.9402171535828,255.0,0.0,255.0
003118,train,133.2427215576172,59.87673568725586,0.44938090443611145,133.242725,133.242725,133.242725,59.87673721550277,59.87673721550277,59.87673721550277,255.0,0.0,255.0
003120,train,126.99189758300781,65.32129669189453,0.5143737196922302,126.9919,126.9919,126.9919,65.32130000535813,65.32130000535813,65.32130000535813,255.0,0.0,255.0
003122,train,139.9969482421875,61.63515853881836,0.44026073813438416,139.99695,139.99695,139.99695,61.635155477190935,61.635155477190935,61.635155477190935,255.0,0.0,255.0
003121,train,138.0125274658203,57.129539489746094,0.4139446020126343,138.012525,138.012525,138.012525,57.129540678394875,57.129540678394875,57.129540678394875,255.0,0.0,255.0
003117,train,95.45330047607422,47.81251907348633,0.500899612903595,95.4533,95.4533,95.4533,47.812515297879905,47.812515297879905,47.812515297879905,249.0,6.0,255.0
003123,train,73.12259674072266,50.91476058959961,0.6962931156158447,73.1226,73.1226,73.1226,50.9147598368096,50.9147598368096,50.9147598368096,255.0,0.0,255.0
003124,train,136.09461975097656,57.83598709106445,0.424968957901001,136.094625,136.094625,136.094625,57.8359863848571,57.8359863848571,57.8359863848571,255.0,0.0,255.0
003126,train,133.83055114746094,60.448062896728516,0.4516761004924774,133.83055,133.83055,133.83055,60.44806396153229,60.44806396153229,60.44806396153229,255.0,0.0,255.0
003127,train,64.5384750366211,36.622684478759766,0.5674550533294678,64.538475,64.538475,64.538475,36.62268313046403,36.62268313046403,36.62268313046403,222.0,0.0,222.0
003131,train,130.42739868164062,50.602294921875,0.387972891330719,130.4274,130.4274,130.4274,50.602295691401196,50.602295691401196,50.602295691401196,251.0,4.0,255.0
003129,train,92.66400146484375,45.40061569213867,0.4899487793445587,92.664,92.664,92.664,45.40061567864471,45.40061567864471,45.40061567864471,255.0,0.0,255.0
003125,train,63.94255065917969,38.27101516723633,0.598521888256073,63.94255,63.94255,63.94255,38.27101644191724,38.27101644191724,38.27101644191724,222.0,0.0,222.0
003130,train,108.64409637451172,45.15691375732422,0.4156407415866852,108.6441,108.6441,108.6441,45.156914588908755,45.156914588908755,45.156914588908755,251.0,4.0,255.0
003128,train,65.60922241210938,45.93478775024414,0.7001270055770874,65.609225,65.609225,65.609225,45.93478932028942,45.93478932028942,45.93478932028942,244.0,0.0,244.0
003133,train,62.44487380981445,34.07351303100586,0.5456575155258179,62.444875,62.444875,62.444875,34.07351407228751,34.07351407228751,34.07351407228751,198.0,0.0,198.0
003132,train,146.42825317382812,62.98743438720703,0.4301590323448181,146.42825,146.42825,146.42825,62.98743288893031,62.98743288893031,62.98743288893031,252.0,3.0,255.0
003134,train,39.30587387084961,24.444669723510742,0.6219088435173035,39.305875,39.305875,39.305875,24.444669469730513,24.444669469730513,24.444669469730513,135.0,0.0,135.0
003135,train,105.67475128173828,45.49681091308594,0.4305362403392792,105.67475,105.67475,105.67475,45.49680771699813,45.49680771699813,45.49680771699813,255.0,0.0,255.0
003136,train,138.21205139160156,56.8420295715332,0.4112668037414551,138.21205,138.21205,138.21205,56.842030090396136,56.842030090396136,56.842030090396136,233.0,22.0,255.0
003138,train,35.55039978027344,27.60906219482422,0.7766174674034119,35.5504,35.5504,35.5504,27.609062096348005,27.609062096348005,27.609062096348005,178.0,0.0,178.0
003137,train,153.78384399414062,59.66917419433594,0.3880067765712738,153.78385,153.78385,153.78385,59.669172771017195,59.669172771017195,59.669172771017195,255.0,0.0,255.0
003139,train,44.1213264465332,28.378076553344727,0.6431827545166016,44.121325,44.121325,44.121325,28.378076137123443,28.378076137123443,28.378076137123443,155.0,0.0,155.0
003140,train,124.93997192382812,60.801544189453125,0.48664605617523193,124.939975,124.939975,124.939975,60.801542102148815,60.801542102148815,60.801542102148815,243.0,12.0,255.0
003141,train,150.37307739257812,63.30885696411133,0.42101192474365234,150.373075,150.373075,150.373075,63.30885435738333,63.30885435738333,63.30885435738333,247.0,8.0,255.0
003144,train,152.0061798095703,67.53809356689453,0.4443114995956421,152.006175,152.006175,152.006175,67.53809804006458,67.53809804006458,67.53809804006458,255.0,0.0,255.0
003142,train,153.383056640625,60.64048385620117,0.39535319805145264,153.38305,153.38305,153.38305,60.640481715579234,60.640481715579234,60.640481715579234,242.0,13.0,255.0
003143,train,175.41207885742188,67.035400390625,0.3821595311164856,175.412075,175.412075,175.412075,67.03540123840817,67.03540123840817,67.03540123840817,225.0,30.0,255.0
003146,train,68.60385131835938,30.045793533325195,0.43796074390411377,68.60385,68.60385,68.60385,30.045793635341035,30.045793635341035,30.045793635341035,182.0,0.0,182.0
003147,train,162.58396911621094,63.11511993408203,0.38820013403892517,162.583975,162.583975,162.583975,63.11512020268499,63.11512020268499,63.11512020268499,249.0,6.0,255.0
003145,train,88.12265014648438,40.46446990966797,0.45918354392051697,88.12265,88.12265,88.12265,40.4644696861024,40.4644696861024,40.4644696861024,255.0,0.0,255.0
003148,train,148.34344482421875,55.143768310546875,0.37173038721084595,148.34345,148.34345,148.34345,55.143767028536416,55.143767028536416,55.143767028536416,240.0,15.0,255.0
003149,train,174.9384002685547,65.4692611694336,0.37424179911613464,174.9384,174.9384,174.9384,65.46926267677068,65.46926267677068,65.46926267677068,234.0,21.0,255.0
003150,train,144.4937744140625,58.54011154174805,0.40513932704925537,144.493775,144.493775,144.493775,58.54011198528215,58.54011198528215,58.54011198528215,244.0,11.0,255.0
003151,train,153.05271911621094,59.149330139160156,0.3864637613296509,153.052725,153.052725,153.052725,59.14932708893969,59.14932708893969,59.14932708893969,251.0,4.0,255.0
003154,train,149.1878204345703,63.963592529296875,0.42874541878700256,149.187825,149.187825,149.187825,63.963591962689016,63.963591962689016,63.963591962689016,252.0,3.0,255.0
003153,train,59.091224670410156,32.32219696044922,0.5469881296157837,59.091225,59.091225,59.091225,32.32219830084852,32.32219830084852,32.32219830084852,195.0,0.0,195.0
003152,train,73.81077575683594,35.79536437988281,0.48496124148368835,73.810775,73.810775,73.810775,35.795361695328275,35.795361695328275,35.795361695328275,218.0,0.0,218.0
003155,train,176.89602661132812,66.40177917480469,0.3753717839717865,176.896025,176.896025,176.896025,66.40177907405324,66.40177907405324,66.40177907405324,246.0,9.0,255.0
003156,train,174.43710327148438,71.62651062011719,0.41061511635780334,174.4371,174.4371,174.4371,71.62650901440053,71.62650901440053,71.62650901440053,238.0,17.0,255.0
003158,train,139.6187286376953,62.949188232421875,0.4508649408817291,139.618725,139.618725,139.618725,62.94918986273274,62.94918986273274,62.94918986273274,235.0,20.0,255.0
003157,train,162.56932067871094,70.91342163085938,0.436204195022583,162.569325,162.569325,162.569325,70.91341899841224,70.91341899841224,70.91341899841224,220.0,35.0,255.0
003159,train,117.32830047607422,50.148712158203125,0.4274221360683441,117.3283,117.3283,117.3283,50.14871153987907,50.14871153987907,50.14871153987907,242.0,13.0,255.0
003161,train,213.0353546142578,55.749420166015625,0.2616909444332123,213.03535,213.03535,213.03535,55.749421525048135,55.749421525048135,55.749421525048135,239.0,16.0,255.0
003160,train,99.6416015625,35.85129928588867,0.3598025143146515,99.6416,99.6416,99.6416,35.85129773718101,35.85129773718101,35.85129773718101,245.0,7.0,252.0
003163,train,171.93760681152344,63.440914154052734,0.3689763844013214,171.9376,171.9376,171.9376,63.44091626261399,63.44091626261399,63.44091626261399,216.0,39.0,255.0
003162,train,173.7885284423828,61.99330520629883,0.35671690106391907,173.788525,173.788525,173.788525,61.993302487642765,61.993302487642765,61.993302487642765,249.0,6.0,255.0
003169,train,188.90185546875,68.22041320800781,0.361142098903656,188.90185,188.90185,188.90185,68.22041238938314,68.22041238938314,68.22041238938314,255.0,0.0,255.0
003165,train,156.03614807128906,59.42494583129883,0.38084089756011963,156.03615,156.03615,156.03615,59.42494504143441,59.42494504143441,59.42494504143441,255.0,0.0,255.0
003167,train,172.92971801757812,68.35391235351562,0.39526990056037903,172.929725,172.929725,172.929725,68.35391090804077,68.35391090804077,68.35391090804077,254.0,1.0,255.0
003168,train,179.5174560546875,65.19306945800781,0.3631572723388672,179.51745,179.51745,179.51745,65.19306439720026,65.19306439720026,65.19306439720026,252.0,3.0,255.0
003166,train,156.89817810058594,61.903404235839844,0.3945450782775879,156.898175,156.898175,156.898175,61.90340302979615,61.90340302979615,61.90340302979615,241.0,14.0,255.0
003164,train,90.27155303955078,43.48197555541992,0.4816797077655792,90.27155,90.27155,90.27155,43.48197454805267,43.48197454805267,43.48197454805267,245.0,3.0,248.0
003170,train,129.95237731933594,62.66761016845703,0.4822351932525635,129.952375,129.952375,129.952375,62.66761170540469,62.66761170540469,62.66761170540469,255.0,0.0,255.0
003171,train,172.02577209472656,57.36033630371094,0.333440363407135,172.025775,172.025775,172.025775,57.36033699909176,57.36033699909176,57.36033699909176,228.0,27.0,255.0
003177,train,130.97203063964844,63.66679763793945,0.4861098825931549,130.972025,130.972025,130.972025,63.666797016964615,63.666797016964615,63.666797016964615,255.0,0.0,255.0
003175,train,97.3166275024414,41.51723098754883,0.42662012577056885,97.316625,97.316625,97.316625,41.51722923810517,41.51722923810517,41.51722923810517,252.0,3.0,255.0
003174,train,161.3367462158203,66.37030792236328,0.411377489566803,161.33675,161.33675,161.33675,66.37030999955854,66.37030999955854,66.37030999955854,227.0,28.0,255.0
003173,train,64.85222625732422,32.063167572021484,0.49440351128578186,64.852225,64.852225,64.852225,32.06316480869246,32.06316480869246,32.06316480869246,193.0,0.0,193.0
003178,train,106.41792297363281,43.61045837402344,0.40980368852615356,106.417925,106.417925,106.417925,43.61045991152094,43.61045991152094,43.61045991152094,246.0,9.0,255.0
003172,train,115.54934692382812,45.13313293457031,0.3905961811542511,115.54935,115.54935,115.54935,45.13313100791368,45.13313100791368,45.13313100791368,245.0,10.0,255.0
003176,train,189.2322235107422,66.6444320678711,0.3521833121776581,189.232225,189.232225,189.232225,66.64442922367462,66.64442922367462,66.64442922367462,255.0,0.0,255.0
003179,train,170.05784606933594,56.641292572021484,0.3330707252025604,170.05785,170.05785,170.05785,56.64129327070048,56.64129327070048,56.64129327070048,255.0,0.0,255.0
003180,train,165.20672607421875,67.92146301269531,0.4111301302909851,165.206725,165.206725,165.206725,67.92146008276305,67.92146008276305,67.92146008276305,255.0,0.0,255.0
003185,train,180.81031799316406,63.32248306274414,0.35021498799324036,180.810325,180.810325,180.810325,63.322484935403274,63.322484935403274,63.322484935403274,255.0,0.0,255.0
003184,train,38.28974914550781,24.21063804626465,0.6323007941246033,38.28975,38.28975,38.28975,24.210639085689166,24.210639085689166,24.210639085689166,128.0,0.0,128.0
003183,train,116.14140319824219,60.060997009277344,0.517136812210083,116.1414,116.1414,116.1414,60.06099529678142,60.06099529678142,60.06099529678142,247.0,8.0,255.0
003181,train,48.39179992675781,23.30698585510254,0.4816308915615082,48.3918,48.3918,48.3918,23.30698592182181,23.30698592182181,23.30698592182181,158.0,0.0,158.0
003186,train,96.09407806396484,42.96046447753906,0.4470667243003845,96.094075,96.094075,96.094075,42.96046816428302,42.96046816428302,42.96046816428302,247.0,0.0,247.0
003182,train,109.97602844238281,56.1401481628418,0.5104762315750122,109.976025,109.976025,109.976025,56.14014873688326,56.14014873688326,56.14014873688326,250.0,5.0,255.0
003187,train,167.47439575195312,72.69371795654297,0.43405869603157043,167.4744,167.4744,167.4744,72.69372046222425,72.69372046222425,72.69372046222425,255.0,0.0,255.0
003188,train,186.82476806640625,64.65320587158203,0.3460633456707001,186.824775,186.824775,186.824775,64.65320464756077,64.65320464756077,64.65320464756077,255.0,0.0,255.0
003191,train,117.361572265625,47.549156188964844,0.40515097975730896,117.361575,117.361575,117.361575,47.54915549743628,47.54915549743628,47.54915549743628,238.0,17.0,255.0
003189,train,129.39857482910156,64.99021911621094,0.5022483468055725,129.398575,129.398575,129.398575,64.99021897923852,64.99021897923852,64.99021897923852,255.0,0.0,255.0
003190,train,213.84751892089844,58.35322952270508,0.27287307381629944,213.847525,213.847525,213.847525,58.353229356860574,58.353229356860574,58.353229356860574,212.0,43.0,255.0
003193,train,185.3271942138672,63.847537994384766,0.3445125222206116,185.3272,185.3272,185.3272,63.847539421343406,63.847539421343406,63.847539421343406,209.0,46.0,255.0
003192,train,154.44894409179688,59.49357223510742,0.3851989507675171,154.44895,154.44895,154.44895,59.49357145017855,59.49357145017855,59.49357145017855,233.0,22.0,255.0
003194,train,195.17758178710938,48.47951889038086,0.2483867108821869,195.177575,195.177575,195.177575,48.47951827441538,48.47951827441538,48.47951827441538,255.0,0.0,255.0
003195,train,54.08184814453125,27.19145393371582,0.5027833580970764,54.08185,54.08185,54.08185,27.191452711789783,27.191452711789783,27.191452711789783,140.0,0.0,140.0
003196,train,178.5782928466797,63.689510345458984,0.3566475510597229,178.5783,178.5783,178.5783,63.68950988278996,63.68950988278996,63.68950988278996,245.0,10.0,255.0
003197,train,154.50990295410156,56.78759765625,0.36753371357917786,154.5099,154.5099,154.5099,56.787593733050535,56.787593733050535,56.787593733050535,235.0,20.0,255.0
003198,train,43.24205017089844,28.37455940246582,0.6561797857284546,43.24205,43.24205,43.24205,28.374559235299145,28.374559235299145,28.374559235299145,139.0,0.0,139.0
003199,train,116.2386245727539,43.08165740966797,0.3706311583518982,116.238625,116.238625,116.238625,43.081655993118176,43.081655993118176,43.081655993118176,242.0,13.0,255.0
003200,train,147.99478149414062,63.90000534057617,0.43177202343940735,147.994775,147.994775,147.994775,63.9000078067239,63.9000078067239,63.9000078067239,230.0,25.0,255.0
003201,train,142.1409454345703,58.852317810058594,0.4140419661998749,142.14095,142.14095,142.14095,58.852315019016025,58.852315019016025,58.852315019016025,233.0,22.0,255.0
003202,train,149.41404724121094,66.09156036376953,0.44233831763267517,149.41405,149.41405,149.41405,66.0915608273666,66.0915608273666,66.0915608273666,243.0,12.0,255.0
003203,train,44.188323974609375,25.870187759399414,0.5854530334472656,44.188325,44.188325,44.188325,25.870188609563225,25.870188609563225,25.870188609563225,136.0,0.0,136.0
003204,train,123.37542724609375,60.2995491027832,0.4887484610080719,123.375425,123.375425,123.375425,60.29955000718807,60.29955000718807,60.29955000718807,234.0,21.0,255.0
003205,train,131.51304626464844,62.70707702636719,0.47681260108947754,131.51305,131.51305,131.51305,62.707078784595765,62.707078784595765,62.707078784595765,255.0,0.0,255.0
003207,train,141.4131317138672,66.20954895019531,0.4681994318962097,141.413125,141.413125,141.413125,66.20954616016013,66.20954616016013,66.20954616016013,253.0,2.0,255.0
003206,train,121.52887725830078,63.80244445800781,0.5249982476234436,121.528875,121.528875,121.528875,63.80244757244329,63.80244757244329,63.80244757244329,255.0,0.0,255.0
003208,train,113.36792755126953,40.24253463745117,0.35497283935546875,113.367925,113.367925,113.367925,40.242532924685236,40.242532924685236,40.242532924685236,250.0,5.0,255.0
003210,train,148.08885192871094,68.1402359008789,0.4601307511329651,148.08885,148.08885,148.08885,68.14023742017268,68.14023742017268,68.14023742017268,255.0,0.0,255.0
003212,train,186.4193572998047,60.506011962890625,0.32456937432289124,186.41935,186.41935,186.41935,60.506011235062424,60.506011235062424,60.506011235062424,239.0,16.0,255.0
003213,train,145.8509979248047,52.834537506103516,0.36225008964538574,145.851,145.851,145.851,52.83453888319647,52.83453888319647,52.83453888319647,215.0,40.0,255.0
003211,train,149.20462036132812,69.84325408935547,0.46810382604599,149.204625,149.204625,149.204625,69.84325488985587,69.84325488985587,69.84325488985587,253.0,2.0,255.0
003214,train,135.03489685058594,68.1201400756836,0.504463255405426,135.0349,135.0349,135.0349,68.12013565745447,68.12013565745447,68.12013565745447,247.0,8.0,255.0
003209,train,63.71802520751953,37.221378326416016,0.5841577649116516,63.718025,63.718025,63.718025,37.22137846855453,37.22137846855453,37.22137846855453,189.0,0.0,189.0
003215,train,146.14744567871094,70.0965576171875,0.4796290397644043,146.14745,146.14745,146.14745,70.09655953395645,70.09655953395645,70.09655953395645,255.0,0.0,255.0
003216,train,138.36282348632812,58.697898864746094,0.42423170804977417,138.362825,138.362825,138.362825,58.69789888078938,58.69789888078938,58.69789888078938,239.0,16.0,255.0
003218,train,95.1571273803711,43.43975067138672,0.4565054774284363,95.157125,95.157125,95.157125,43.43974950128482,43.43974950128482,43.43974950128482,253.0,2.0,255.0
003220,train,91.99849700927734,44.809226989746094,0.48706477880477905,91.9985,91.9985,91.9985,44.80922781916689,44.80922781916689,44.80922781916689,246.0,0.0,246.0
003217,train,127.02519989013672,72.7306137084961,0.5725683569908142,127.0252,127.0252,127.0252,72.73061367099827,72.73061367099827,72.73061367099827,255.0,0.0,255.0
003219,train,52.23474884033203,38.01568603515625,0.7277853488922119,52.23475,52.23475,52.23475,38.0156861366134,38.0156861366134,38.0156861366134,213.0,0.0,213.0
003222,train,97.3970718383789,13.407682418823242,0.13766001164913177,97.397075,97.397075,97.397075,13.40768273954806,13.40768273954806,13.40768273954806,183.0,67.0,250.0
003221,train,103.68407440185547,11.165501594543457,0.10768771916627884,103.684075,103.684075,103.684075,11.165501170765914,11.165501170765914,11.165501170765914,164.0,75.0,239.0
003224,train,104.27727508544922,26.603595733642578,0.2551236152648926,104.277275,104.277275,104.277275,26.60359550087873,26.60359550087873,26.60359550087873,187.0,68.0,255.0
003223,train,97.93722534179688,15.702030181884766,0.1603274941444397,97.937225,97.937225,97.937225,15.70202962356698,15.70202962356698,15.70202962356698,184.0,71.0,255.0
003225,train,108.24337768554688,28.59416389465332,0.2641654908657074,108.243375,108.243375,108.243375,28.594165377037584,28.594165377037584,28.594165377037584,188.0,67.0,255.0
003228,train,107.51872253417969,25.77903938293457,0.2397632598876953,107.518725,107.518725,107.518725,25.779039923441193,25.779039923441193,25.779039923441193,186.0,69.0,255.0
003227,train,132.14999389648438,26.092836380004883,0.19744864106178284,132.15,132.15,132.15,26.09283713972093,26.09283713972093,26.09283713972093,184.0,71.0,255.0
003226,train,119.45735168457031,30.38578224182129,0.25436511635780334,119.45735,119.45735,119.45735,30.38578172398235,30.38578172398235,30.38578172398235,185.0,70.0,255.0
003229,train,113.09767150878906,28.34323501586914,0.2506084740161896,113.097675,113.097675,113.097675,28.343235252779014,28.343235252779014,28.343235252779014,185.0,70.0,255.0
003231,train,136.42300415039062,18.96291160583496,0.13900083303451538,136.423,136.423,136.423,18.962910404260207,18.962910404260207,18.962910404260207,166.0,89.0,255.0
003230,train,124.01119995117188,24.425439834594727,0.19696156680583954,124.0112,124.0112,124.0112,24.42544010985268,24.42544010985268,24.42544010985268,184.0,71.0,255.0
003232,train,135.89892578125,10.970529556274414,0.08072565495967865,135.898925,135.898925,135.898925,10.970529105032949,10.970529105032949,10.970529105032949,160.0,95.0,255.0
003233,train,112.45832824707031,16.328283309936523,0.14519408345222473,112.458325,112.458325,112.458325,16.328284147281828,16.328284147281828,16.328284147281828,190.0,65.0,255.0
003234,train,127.29542541503906,13.999119758605957,0.1099734678864479,127.295425,127.295425,127.295425,13.999119581937109,13.999119581937109,13.999119581937109,165.0,90.0,255.0
003236,train,144.38160705566406,8.57906723022461,0.05941938981413841,144.3816,144.3816,144.3816,8.579066466696712,8.579066466696712,8.579066466696712,133.0,117.0,250.0
003235,train,138.704345703125,14.403554916381836,0.1038435772061348,138.70435,138.70435,138.70435,14.403554806973867,14.403554806973867,14.403554806973867,150.0,105.0,255.0
003237,train,115.99755096435547,16.18492317199707,0.13952814042568207,115.99755,115.99755,115.99755,16.18492335469958,16.18492335469958,16.18492335469958,174.0,81.0,255.0
003238,train,108.09529876708984,13.72685718536377,0.1269884705543518,108.0953,108.0953,108.0953,13.726857539509908,13.726857539509908,13.726857539509908,174.0,81.0,255.0
003239,train,121.7228775024414,15.820147514343262,0.1299685686826706,121.722875,121.722875,121.722875,15.820147810130441,15.820147810130441,15.820147810130441,166.0,89.0,255.0
003240,train,64.32649993896484,15.001333236694336,0.2332061231136322,64.3265,64.3265,64.3265,15.001333199086007,15.001333199086007,15.001333199086007,155.0,39.0,194.0
003242,train,79.8884506225586,19.532852172851562,0.24450157582759857,79.88845,79.88845,79.88845,19.532853263092417,19.532853263092417,19.532853263092417,194.0,50.0,244.0
003244,train,89.67050170898438,24.344987869262695,0.2714938223361969,89.6705,89.6705,89.6705,24.344987774693994,24.344987774693994,24.344987774693994,201.0,54.0,255.0
003241,train,81.58122253417969,16.064302444458008,0.1969117671251297,81.581225,81.581225,81.581225,16.064302116785992,16.064302116785992,16.064302116785992,193.0,50.0,243.0
003246,train,93.69722747802734,25.18683433532715,0.26881086826324463,93.697225,93.697225,93.697225,25.186833907805386,25.186833907805386,25.186833907805386,198.0,57.0,255.0
003243,train,102.81212615966797,21.731922149658203,0.21137508749961853,102.812125,102.812125,102.812125,21.73192301625365,21.73192301625365,21.73192301625365,183.0,72.0,255.0
003245,train,111.43777465820312,25.751007080078125,0.23107969760894775,111.437775,111.437775,111.437775,25.751006350225907,25.751006350225907,25.751006350225907,182.0,73.0,255.0
003247,train,114.03079986572266,25.64563751220703,0.2249009758234024,114.0308,114.0308,114.0308,25.645638057182357,25.645638057182357,25.645638057182357,178.0,77.0,255.0
003248,train,86.27042388916016,18.8450870513916,0.21844203770160675,86.270425,86.270425,86.270425,18.84508676868788,18.84508676868788,18.84508676868788,192.0,55.0,247.0
003250,train,111.8530502319336,20.06339454650879,0.17937280237674713,111.85305,111.85305,111.85305,20.06339467033184,20.06339467033184,20.06339467033184,171.0,84.0,255.0
003251,train,109.93589782714844,13.576354026794434,0.12349336594343185,109.9359,109.9359,109.9359,13.576354119939566,13.576354119939566,13.576354119939566,175.0,80.0,255.0
003249,train,106.11767578125,18.9980525970459,0.17902816832065582,106.117675,106.117675,106.117675,18.998053258015016,18.998053258015016,18.998053258015016,181.0,74.0,255.0
003252,train,88.32610321044922,15.94124984741211,0.18048174679279327,88.3261,88.3261,88.3261,15.941250226691759,15.941250226691759,15.941250226691759,192.0,52.0,244.0
003255,train,123.41862487792969,20.39640998840332,0.16526201367378235,123.418625,123.418625,123.418625,20.396409686740824,20.396409686740824,20.396409686740824,151.0,86.0,237.0
003253,train,70.6613998413086,13.22270393371582,0.18712767958641052,70.6614,70.6614,70.6614,13.222703960990732,13.222703960990732,13.222703960990732,76.0,47.0,123.0
003254,train,120.26954650878906,18.325870513916016,0.1523733288049698,120.26955,120.26955,120.26955,18.32587086054848,18.32587086054848,18.32587086054848,140.0,84.0,224.0
003256,train,113.4832763671875,21.845138549804688,0.19249653816223145,113.483275,113.483275,113.483275,21.84513836702288,21.84513836702288,21.84513836702288,161.0,76.0,237.0
003257,train,149.22267150878906,15.890597343444824,0.1064891591668129,149.222675,149.222675,149.222675,15.890597560959593,15.890597560959593,15.890597560959593,124.0,118.0,242.0
003261,train,132.4678192138672,24.12376594543457,0.18211038410663605,132.467825,132.467825,132.467825,24.12376659581532,24.12376659581532,24.12376659581532,159.0,96.0,255.0
003258,train,143.15460205078125,19.597484588623047,0.13689734041690826,143.1546,143.1546,143.1546,19.597484502864138,19.597484502864138,19.597484502864138,137.0,108.0,245.0
003259,train,128.2063446044922,23.14995574951172,0.1805679351091385,128.20635,128.20635,128.20635,23.149956148500586,23.149956148500586,23.149956148500586,151.0,91.0,242.0
003263,train,77.32937622070312,13.57148551940918,0.17550233006477356,77.329375,77.329375,77.329375,13.57148617909531,13.57148617909531,13.57148617909531,64.0,51.0,115.0
003262,train,116.25422668457031,18.62078857421875,0.16017299890518188,116.254225,116.254225,116.254225,18.620789313274962,18.620789313274962,18.620789313274962,149.0,82.0,231.0
003260,train,152.65655517578125,15.924520492553711,0.10431599617004395,152.65655,152.65655,152.65655,15.924520152817793,15.924520152817793,15.924520152817793,127.0,116.0,243.0
003264,train,76.33377838134766,13.635744094848633,0.17863315343856812,76.333775,76.333775,76.333775,13.635744176588787,13.635744176588787,13.635744176588787,63.0,50.0,113.0
003267,train,105.64232635498047,22.91592788696289,0.2169199436903,105.642325,105.642325,105.642325,22.915926636171076,22.915926636171076,22.915926636171076,183.0,72.0,255.0
003266,train,157.08717346191406,13.991495132446289,0.08906834572553635,157.087175,157.087175,157.087175,13.991494756435962,13.991494756435962,13.991494756435962,123.0,126.0,249.0
003265,train,141.60879516601562,21.97589874267578,0.15518738329410553,141.6088,141.6088,141.6088,21.975898447162518,21.975898447162518,21.975898447162518,149.0,106.0,255.0
003268,train,126.75595092773438,20.201324462890625,0.15937180817127228,126.75595,126.75595,126.75595,20.201325194093084,20.201325194093084,20.201325194093084,166.0,89.0,255.0
003269,train,120.3906478881836,23.524520874023438,0.19540156424045563,120.39065,120.39065,120.39065,23.52452215407361,23.52452215407361,23.52452215407361,175.0,80.0,255.0
003270,train,139.30984497070312,28.834735870361328,0.20698276162147522,139.30985,139.30985,139.30985,28.834736741948934,28.834736741948934,28.834736741948934,156.0,99.0,255.0
003271,train,150.5444793701172,22.57413101196289,0.14994990825653076,150.544475,150.544475,150.544475,22.574131699234304,22.574131699234304,22.574131699234304,142.0,113.0,255.0
003272,train,156.28042602539062,23.32608985900879,0.14925791323184967,156.280425,156.280425,156.280425,23.326090260036615,23.326090260036615,23.326090260036615,141.0,114.0,255.0
003273,train,164.3228302001953,19.30573844909668,0.11748664826154709,164.322825,164.322825,164.322825,19.30573901769562,19.30573901769562,19.30573901769562,122.0,133.0,255.0
003278,train,104.46892547607422,22.591712951660156,0.21625295281410217,104.468925,104.468925,104.468925,22.59171273596526,22.59171273596526,22.59171273596526,170.0,72.0,242.0
003274,train,146.4392547607422,28.50437355041504,0.1946498155593872,146.43925,146.43925,146.43925,28.504373514208307,28.504373514208307,28.504373514208307,153.0,102.0,255.0
003276,train,130.5592041015625,22.022157669067383,0.16867564618587494,130.5592,130.5592,130.5592,22.022158054105414,22.022158054105414,22.022158054105414,165.0,90.0,255.0
003275,train,142.23641967773438,26.091432571411133,0.18343707919120789,142.236425,142.236425,142.236425,26.09143400082439,26.09143400082439,26.09143400082439,159.0,96.0,255.0
003277,train,107.01544952392578,19.837207794189453,0.18536770343780518,107.01545,107.01545,107.01545,19.837207749517066,19.837207749517066,19.837207749517066,158.0,75.0,233.0
003280,train,165.12413024902344,18.743288040161133,0.11351028829813004,165.124125,165.124125,165.124125,18.743287277966342,18.743287277966342,18.743287277966342,119.0,136.0,255.0
003279,train,154.3488006591797,25.047870635986328,0.16228094696998596,154.3488,154.3488,154.3488,25.047869940575787,25.047869940575787,25.047869940575787,144.0,111.0,255.0
003281,train,145.38922119140625,28.265806198120117,0.19441473484039307,145.389225,145.389225,145.389225,28.265806708802334,28.265806708802334,28.265806708802334,147.0,108.0,255.0
003283,train,127.45442199707031,21.420345306396484,0.16806279122829437,127.454425,127.454425,127.454425,21.42034483661211,21.42034483661211,21.42034483661211,170.0,85.0,255.0
003285,train,162.7052001953125,20.27623176574707,0.12461944669485092,162.7052,162.7052,162.7052,20.27623221804288,20.27623221804288,20.27623221804288,124.0,131.0,255.0
003284,train,118.3770523071289,27.07642364501953,0.22873033583164215,118.37705,118.37705,118.37705,27.076423938502295,27.076423938502295,27.076423938502295,180.0,75.0,255.0
003286,train,138.49530029296875,20.34888458251953,0.1469283401966095,138.4953,138.4953,138.4953,20.348885176097486,20.348885176097486,20.348885176097486,160.0,95.0,255.0
003287,train,140.61740112304688,20.34392547607422,0.14467573165893555,140.6174,140.6174,140.6174,20.343925806982288,20.343925806982288,20.343925806982288,147.0,108.0,255.0
003288,train,127.57337188720703,29.920791625976562,0.23453791439533234,127.573375,127.573375,127.573375,29.92078902885709,29.92078902885709,29.92078902885709,181.0,74.0,255.0
003282,train,109.3883285522461,24.24726676940918,0.22166228294372559,109.388325,109.388325,109.388325,24.247266416946363,24.247266416946363,24.247266416946363,177.0,72.0,249.0
003289,train,101.22687530517578,15.078275680541992,0.14895525574684143,101.226875,101.226875,101.226875,15.078275854167643,15.078275854167643,15.078275854167643,80.0,67.0,147.0
003291,train,113.93634796142578,17.67901611328125,0.15516573190689087,113.93635,113.93635,113.93635,17.67901718641339,17.67901718641339,17.67901718641339,121.0,68.0,189.0
003290,train,143.68484497070312,14.779631614685059,0.1028614491224289,143.68485,143.68485,143.68485,14.779630593404558,14.779630593404558,14.779630593404558,114.0,104.0,218.0
003294,train,80.10222625732422,19.899951934814453,0.2484319508075714,80.102225,80.102225,80.102225,19.899952890632054,19.899952890632054,19.899952890632054,104.0,34.0,138.0
003293,train,106.84312438964844,17.87068748474121,0.16726098954677582,106.843125,106.843125,106.843125,17.870687318465816,17.870687318465816,17.870687318465816,124.0,63.0,187.0
003295,train,51.19102478027344,13.517546653747559,0.2640608847141266,51.191025,51.191025,51.191025,13.51754727934676,13.51754727934676,13.51754727934676,98.0,26.0,124.0
003292,train,129.16244506835938,14.881864547729492,0.11521819978952408,129.16245,129.16245,129.16245,14.881863458502096,14.881863458502096,14.881863458502096,137.0,73.0,210.0
003296,train,90.15750122070312,18.832515716552734,0.20888462662696838,90.1575,90.1575,90.1575,18.83251692552007,18.83251692552007,18.83251692552007,123.0,50.0,173.0
003297,train,103.70567321777344,24.252901077270508,0.23386281728744507,103.705675,103.705675,103.705675,24.252900811951857,24.252900811951857,24.252900811951857,199.0,56.0,255.0
003302,train,128.44297790527344,18.086061477661133,0.1408100426197052,128.442975,128.442975,128.442975,18.086060879842655,18.086060879842655,18.086060879842655,151.0,79.0,230.0
003298,train,112.36385345458984,24.87778663635254,0.2214038223028183,112.36385,112.36385,112.36385,24.87778553604601,24.87778553604601,24.87778553604601,194.0,61.0,255.0
003299,train,122.64929962158203,26.044715881347656,0.21235111355781555,122.6493,122.6493,122.6493,26.044715577444883,26.044715577444883,26.044715577444883,194.0,61.0,255.0
003303,train,133.4874725341797,16.856220245361328,0.1262756735086441,133.487475,133.487475,133.487475,16.856221199437762,16.856221199437762,16.856221199437762,146.0,71.0,217.0
003301,train,118.67009735107422,19.109907150268555,0.16103388369083405,118.6701,118.6701,118.6701,19.109907534836477,19.109907534836477,19.109907534836477,159.0,76.0,235.0
003300,train,103.96219635009766,19.25860023498535,0.18524618446826935,103.9622,103.9622,103.9622,19.258599927305205,19.258599927305205,19.258599927305205,111.0,65.0,176.0
003304,train,86.91134643554688,19.996070861816406,0.23007434606552124,86.91135,86.91135,86.91135,19.996070643441428,19.996070643441428,19.996070643441428,92.0,47.0,139.0
003305,train,79.68599700927734,18.616830825805664,0.23362737894058228,79.686,79.686,79.686,18.616829859028094,18.616829859028094,18.616829859028094,99.0,41.0,140.0
003307,train,95.3041763305664,20.959938049316406,0.21992675960063934,95.304175,95.304175,95.304175,20.959938038299995,20.959938038299995,20.959938038299995,106.0,48.0,154.0
003306,train,63.64189910888672,16.742164611816406,0.263068288564682,63.6419,63.6419,63.6419,16.742164268397318,16.742164268397318,16.742164268397318,104.0,34.0,138.0
003309,train,53.75807571411133,13.261091232299805,0.24668091535568237,53.758075,53.758075,53.758075,13.261091482015159,13.261091482015159,13.261091482015159,86.0,29.0,115.0
003308,train,79.87692260742188,16.8928165435791,0.21148556470870972,79.876925,79.876925,79.876925,16.892817335908628,16.892817335908628,16.892817335908628,93.0,49.0,142.0
003311,train,136.65985107421875,20.327226638793945,0.14874322712421417,136.65985,136.65985,136.65985,20.327225535657835,20.327225535657835,20.327225535657835,157.0,93.0,250.0
003312,train,129.92697143554688,22.48080825805664,0.17302648723125458,129.926975,129.926975,129.926975,22.48080942380356,22.48080942380356,22.48080942380356,196.0,56.0,252.0
003310,train,135.62957763671875,16.716197967529297,0.12324891239404678,135.629575,135.629575,135.629575,16.716197543681247,16.716197543681247,16.716197543681247,134.0,95.0,229.0
003313,train,137.91925048828125,20.847126007080078,0.15115457773208618,137.91925,137.91925,137.91925,20.847126407193393,20.847126407193393,20.847126407193393,176.0,79.0,255.0
003314,train,148.37013244628906,22.645084381103516,0.15262562036514282,148.370125,148.370125,148.370125,22.64508296483753,22.64508296483753,22.64508296483753,157.0,91.0,248.0
003316,train,90.74517822265625,17.06824493408203,0.18808983266353607,90.745175,90.745175,90.745175,17.068245053882226,17.068245053882226,17.068245053882226,113.0,55.0,168.0
003315,train,128.07064819335938,17.614709854125977,0.13753901422023773,128.07065,128.07065,128.07065,17.614708586221344,17.614708586221344,17.614708586221344,182.0,73.0,255.0
003318,train,82.75602722167969,16.88564682006836,0.2040412873029709,82.756025,82.756025,82.756025,16.88564778737775,16.88564778737775,16.88564778737775,188.0,49.0,237.0
003317,train,142.4583740234375,22.603229522705078,0.1586655080318451,142.458375,142.458375,142.458375,22.603230241701628,22.603230241701628,22.603230241701628,181.0,74.0,255.0
003319,train,113.29025268554688,26.068925857543945,0.2301073968410492,113.29025,113.29025,113.29025,26.068925082126032,26.068925082126032,26.068925082126032,186.0,69.0,255.0
003320,train,119.90139770507812,28.282217025756836,0.23587895929813385,119.9014,119.9014,119.9014,28.282216639436164,28.282216639436164,28.282216639436164,178.0,77.0,255.0
003321,train,102.82559967041016,32.6039924621582,0.3170804977416992,102.8256,102.8256,102.8256,32.60399415163731,32.60399415163731,32.60399415163731,199.0,56.0,255.0
003323,train,40.79684829711914,12.306936264038086,0.30166390538215637,40.79685,40.79685,40.79685,12.306936258772936,12.306936258772936,12.306936258772936,100.0,23.0,123.0
003322,train,72.2884750366211,29.38774299621582,0.4065342843532562,72.288475,72.288475,72.288475,29.387741614053553,29.387741614053553,29.387741614053553,220.0,35.0,255.0
003324,train,103.44445037841797,27.04010581970215,0.2613973617553711,103.44445,103.44445,103.44445,27.040105661729577,27.040105661729577,27.040105661729577,187.0,68.0,255.0
003325,train,117.00082397460938,29.65944480895996,0.25349774956703186,117.000825,117.000825,117.000825,29.659444099972184,29.659444099972184,29.659444099972184,178.0,77.0,255.0
003326,train,99.56645202636719,24.797033309936523,0.2490500807762146,99.56645,99.56645,99.56645,24.797034790424036,24.797034790424036,24.797034790424036,196.0,59.0,255.0
003328,train,81.9417724609375,27.70172119140625,0.3380659222602844,81.941775,81.941775,81.941775,27.70172169467766,27.70172169467766,27.70172169467766,215.0,40.0,255.0
003327,train,86.1946029663086,32.74759292602539,0.37992626428604126,86.1946,86.1946,86.1946,32.74759198536589,32.74759198536589,32.74759198536589,207.0,48.0,255.0
003329,train,86.03907775878906,25.666112899780273,0.2983076274394989,86.039075,86.039075,86.039075,25.66611088857007,25.66611088857007,25.66611088857007,209.0,46.0,255.0
003332,train,109.11012268066406,42.322593688964844,0.3878887891769409,109.110125,109.110125,109.110125,42.32259499941344,42.32259499941344,42.32259499941344,205.0,50.0,255.0
003330,train,100.44842529296875,37.72233581542969,0.3755393326282501,100.448425,100.448425,100.448425,37.72233476363009,37.72233476363009,37.72233476363009,206.0,49.0,255.0
003331,train,110.16352844238281,37.71559524536133,0.34236007928848267,110.163525,110.163525,110.163525,37.71559471325323,37.71559471325323,37.71559471325323,206.0,49.0,255.0
003334,train,135.57667541503906,36.04239273071289,0.26584509015083313,135.576675,135.576675,135.576675,36.04239407897837,36.04239407897837,36.04239407897837,176.0,79.0,255.0
003335,train,125.61039733886719,41.73823547363281,0.33228328824043274,125.6104,125.6104,125.6104,41.738235011078274,41.738235011078274,41.738235011078274,186.0,69.0,255.0
003333,train,123.0134506225586,40.097957611083984,0.3259640038013458,123.01345,123.01345,123.01345,40.097957792105824,40.097957792105824,40.097957792105824,195.0,60.0,255.0
003336,train,134.46546936035156,35.86235809326172,0.2667030990123749,134.465475,134.465475,134.465475,35.862355723298144,35.862355723298144,35.862355723298144,176.0,79.0,255.0
003337,train,137.85995483398438,35.71330261230469,0.25905492901802063,137.85995,137.85995,137.85995,35.71330334759724,35.71330334759724,35.71330334759724,163.0,92.0,255.0
003339,train,133.33572387695312,35.08986282348633,0.2631692588329315,133.335725,133.335725,133.335725,35.08986055435922,35.08986055435922,35.08986055435922,169.0,86.0,255.0
003338,train,128.0376434326172,38.01513671875,0.2969059348106384,128.03765,128.03765,128.03765,38.01513754384561,38.01513754384561,38.01513754384561,204.0,51.0,255.0
003340,train,132.9924774169922,32.0857048034668,0.24125954508781433,132.992475,132.992475,132.992475,32.085705826339165,32.085705826339165,32.085705826339165,188.0,67.0,255.0
003341,train,118.26962280273438,38.54270553588867,0.325888454914093,118.269625,118.269625,118.269625,38.542705890471346,38.542705890471346,38.542705890471346,203.0,52.0,255.0
003342,train,113.55997467041016,38.793270111083984,0.3416104018688202,113.559975,113.559975,113.559975,38.793270717991476,38.793270717991476,38.793270717991476,193.0,62.0,255.0
003343,train,120.65137481689453,33.562294006347656,0.27817580103874207,120.651375,120.651375,120.651375,33.562291870630276,33.562291870630276,33.562291870630276,190.0,65.0,255.0
003344,train,100.06547546386719,16.575782775878906,0.16564936935901642,100.065475,100.065475,100.065475,16.575783179819137,16.575783179819137,16.575783179819137,168.0,70.0,238.0
003345,train,64.39089965820312,19.911516189575195,0.30922871828079224,64.3909,64.3909,64.3909,19.911516697378932,19.911516697378932,19.911516697378932,194.0,31.0,225.0
003346,train,38.121524810791016,12.09325885772705,0.31722915172576904,38.121525,38.121525,38.121525,12.093258728497254,12.093258728497254,12.093258728497254,107.0,20.0,127.0
003349,train,68.35040283203125,24.00156593322754,0.35115471482276917,68.3504,68.3504,68.3504,24.001565987243417,24.001565987243417,24.001565987243417,168.0,28.0,196.0
003347,train,74.23985290527344,21.60117530822754,0.29096469283103943,74.23985,74.23985,74.23985,21.601176402629093,21.601176402629093,21.601176402629093,166.0,29.0,195.0
003348,train,53.20790100097656,21.8651065826416,0.41093721985816956,53.2079,53.2079,53.2079,21.865107536666724,21.865107536666724,21.865107536666724,171.0,26.0,197.0
003350,train,62.719974517822266,22.95893096923828,0.3660545349121094,62.719975,62.719975,62.719975,22.958930963774748,22.958930963774748,22.958930963774748,167.0,31.0,198.0
003351,train,90.54102325439453,21.778642654418945,0.24053895473480225,90.541025,90.541025,90.541025,21.778642449642607,21.778642449642607,21.778642449642607,170.0,30.0,200.0
003353,train,80.62257385253906,23.5135440826416,0.29164963960647583,80.622575,80.622575,80.622575,23.513542382409653,23.513542382409653,23.513542382409653,168.0,40.0,208.0
003352,train,54.250999450683594,17.473039627075195,0.32207775115966797,54.251,54.251,54.251,17.47303920329832,17.47303920329832,17.47303920329832,156.0,23.0,179.0
003356,train,114.25237274169922,38.422569274902344,0.33629560470581055,114.252375,114.252375,114.252375,38.42257320715747,38.42257320715747,38.42257320715747,197.0,58.0,255.0
003354,train,92.05760192871094,30.95646858215332,0.33627280592918396,92.0576,92.0576,92.0576,30.956470765253588,30.956470765253588,30.956470765253588,212.0,43.0,255.0
003355,train,109.34737396240234,29.97806739807129,0.2741544246673584,109.347375,109.347375,109.347375,29.97806624199391,29.97806624199391,29.97806624199391,196.0,59.0,255.0
003357,train,123.12377166748047,38.65040588378906,0.31391504406929016,123.123775,123.123775,123.123775,38.65040432840742,38.65040432840742,38.65040432840742,183.0,72.0,255.0
003359,train,128.08517456054688,48.918209075927734,0.38191938400268555,128.085175,128.085175,128.085175,48.9182084731174,48.9182084731174,48.9182084731174,193.0,62.0,255.0
003358,train,128.66403198242188,37.80927276611328,0.29386046528816223,128.664025,128.664025,128.664025,37.809271955426155,37.809271955426155,37.809271955426155,183.0,72.0,255.0
003360,train,138.10440063476562,46.52786636352539,0.33690357208251953,138.1044,138.1044,138.1044,46.52786746284424,46.52786746284424,46.52786746284424,201.0,54.0,255.0
003362,train,137.53274536132812,42.292274475097656,0.3075069487094879,137.53275,137.53275,137.53275,42.292276806025704,42.292276806025704,42.292276806025704,193.0,62.0,255.0
003361,train,144.1468048095703,44.18785095214844,0.3065475523471832,144.1468,144.1468,144.1468,44.18784844004062,44.18784844004062,44.18784844004062,203.0,52.0,255.0
003363,train,126.71595001220703,47.12604904174805,0.37190306186676025,126.71595,126.71595,126.71595,47.12605028641271,47.12605028641271,47.12605028641271,185.0,70.0,255.0
003364,train,140.9677276611328,38.12501907348633,0.2704521119594574,140.967725,140.967725,140.967725,38.12502043703551,38.12502043703551,38.12502043703551,168.0,87.0,255.0
003366,train,106.64827728271484,34.16726303100586,0.3203733265399933,106.648275,106.648275,106.648275,34.167259394402336,34.167259394402336,34.167259394402336,210.0,45.0,255.0
003365,train,124.20960235595703,38.25510025024414,0.3079882562160492,124.2096,124.2096,124.2096,38.255101200232104,38.255101200232104,38.255101200232104,195.0,60.0,255.0
003368,train,116.07667541503906,31.91244125366211,0.2749255299568176,116.076675,116.076675,116.076675,31.912441867465656,31.912441867465656,31.912441867465656,187.0,68.0,255.0
003370,train,51.464473724365234,12.779244422912598,0.24831196665763855,51.464475,51.464475,51.464475,12.779244421106242,12.779244421106242,12.779244421106242,111.0,23.0,134.0
003369,train,76.7188720703125,21.9912166595459,0.2866467535495758,76.718875,76.718875,76.718875,21.99121742274345,21.99121742274345,21.99121742274345,161.0,47.0,208.0
003367,train,105.4249267578125,31.696863174438477,0.30065813660621643,105.424925,105.424925,105.424925,31.696862048858637,31.696862048858637,31.696862048858637,209.0,46.0,255.0
003372,train,72.37972259521484,20.621183395385742,0.28490278124809265,72.379725,72.379725,72.379725,20.621184105777605,20.621184105777605,20.621184105777605,212.0,42.0,254.0
003371,train,68.69762420654297,17.600963592529297,0.25620919466018677,68.697625,68.697625,68.697625,17.60096430197434,17.60096430197434,17.60096430197434,178.0,45.0,223.0
003373,train,80.61617279052734,15.631220817565918,0.1938968300819397,80.616175,80.616175,80.616175,15.631220469604253,15.631220469604253,15.631220469604253,201.0,54.0,255.0
003374,train,92.53882598876953,19.576210021972656,0.2115459144115448,92.538825,92.538825,92.538825,19.576209863489282,19.576209863489282,19.576209863489282,193.0,62.0,255.0
003377,train,96.30719757080078,26.677644729614258,0.27700573205947876,96.3072,96.3072,96.3072,26.67764660085293,26.67764660085293,26.67764660085293,200.0,55.0,255.0
003375,train,92.82479858398438,27.185792922973633,0.2928721010684967,92.8248,92.8248,92.8248,27.185794175635184,27.185794175635184,27.185794175635184,195.0,60.0,255.0
003376,train,83.6396255493164,24.152433395385742,0.28876784443855286,83.639625,83.639625,83.639625,24.152431655205547,24.152431655205547,24.152431655205547,199.0,56.0,255.0
003378,train,100.63992309570312,23.1314754486084,0.22984392940998077,100.639925,100.639925,100.639925,23.131476844213275,23.131476844213275,23.131476844213275,191.0,64.0,255.0
003379,train,97.4908218383789,29.17978858947754,0.29930806159973145,97.490825,97.490825,97.490825,29.179787795996308,29.179787795996308,29.179787795996308,207.0,48.0,255.0
003380,train,94.29267120361328,26.92408561706543,0.2855374217033386,94.292675,94.292675,94.292675,26.92408617473163,26.92408617473163,26.92408617473163,197.0,58.0,255.0
003381,train,79.73322296142578,17.316890716552734,0.217185378074646,79.733225,79.733225,79.733225,17.31689077459851,17.31689077459851,17.31689077459851,161.0,53.0,214.0
003384,train,94.47937774658203,26.399747848510742,0.27942338585853577,94.479375,94.479375,94.479375,26.39974667699247,26.39974667699247,26.39974667699247,193.0,62.0,255.0
003383,train,104.27822875976562,28.555768966674805,0.27384209632873535,104.278225,104.278225,104.278225,28.55576939690778,28.55576939690778,28.55576939690778,189.0,66.0,255.0
003382,train,102.5802230834961,29.593935012817383,0.2884955108165741,102.580225,102.580225,102.580225,29.59393373563871,29.59393373563871,29.59393373563871,198.0,57.0,255.0
003385,train,90.89212799072266,23.608097076416016,0.2597375214099884,90.892125,90.892125,90.892125,23.60809581445261,23.60809581445261,23.60809581445261,172.0,57.0,229.0
003387,train,67.56722259521484,17.637041091918945,0.26102954149246216,67.567225,67.567225,67.567225,17.637041441221797,17.637041441221797,17.637041441221797,126.0,32.0,158.0
003386,train,92.35234832763672,27.34961700439453,0.2961442470550537,92.35235,92.35235,92.35235,27.349615161414977,27.349615161414977,27.349615161414977,197.0,53.0,250.0
003389,train,42.32059860229492,11.717707633972168,0.27687954902648926,42.3206,42.3206,42.3206,11.717707354256634,11.717707354256634,11.717707354256634,126.0,23.0,149.0
003388,train,64.1884994506836,15.722917556762695,0.2449491322040558,64.1885,64.1885,64.1885,15.72291855063811,15.72291855063811,15.72291855063811,151.0,34.0,185.0
003391,train,38.24937438964844,9.725571632385254,0.25426748394966125,38.249375,38.249375,38.249375,9.725571299896732,9.725571299896732,9.725571299896732,115.0,24.0,139.0
003395,train,66.5677261352539,17.582048416137695,0.26412272453308105,66.567725,66.567725,66.567725,17.58204804123726,17.58204804123726,17.58204804123726,179.0,41.0,220.0
003390,train,37.52299880981445,11.789271354675293,0.3141878843307495,37.523,37.523,37.523,11.78927143635263,11.78927143635263,11.78927143635263,105.0,22.0,127.0
003392,train,50.3473014831543,16.137714385986328,0.3205278813838959,50.3473,50.3473,50.3473,16.137714606164035,16.137714606164035,16.137714606164035,132.0,27.0,159.0
003393,train,34.885948181152344,10.315272331237793,0.2956855893135071,34.88595,34.88595,34.88595,10.31527229875683,10.31527229875683,10.31527229875683,126.0,21.0,147.0
003394,train,77.6196517944336,21.043529510498047,0.2711108326911926,77.61965,77.61965,77.61965,21.043529501428697,21.043529501428697,21.043529501428697,200.0,39.0,239.0
003396,train,75.73702239990234,22.872478485107422,0.30199864506721497,75.737025,75.737025,75.737025,22.87247842166159,22.87247842166159,22.87247842166159,198.0,48.0,246.0
003397,train,80.18142700195312,27.808189392089844,0.3468158543109894,80.181425,80.181425,80.181425,27.808188721478697,27.808188721478697,27.808188721478697,201.0,54.0,255.0
003400,train,98.27690124511719,34.95095443725586,0.3556375205516815,98.2769,98.2769,98.2769,34.95095530010589,34.95095530010589,34.95095530010589,190.0,65.0,255.0
003398,train,94.14955139160156,34.22908401489258,0.3635607659816742,94.14955,94.14955,94.14955,34.229083172026385,34.229083172026385,34.229083172026385,194.0,61.0,255.0
003401,train,91.36940002441406,34.80390548706055,0.38091424107551575,91.3694,91.3694,91.3694,34.803906298575164,34.803906298575164,34.803906298575164,194.0,61.0,255.0
003399,train,92.94862365722656,35.95826721191406,0.38686174154281616,92.948625,92.948625,92.948625,35.95826658237818,35.95826658237818,35.95826658237818,194.0,61.0,255.0
003403,train,69.62372589111328,31.183691024780273,0.4478888511657715,69.623725,69.623725,69.623725,31.183691925818774,31.183691925818774,31.183691925818774,217.0,38.0,255.0
003402,train,80.29542541503906,34.65550994873047,0.43160006403923035,80.295425,80.295425,80.295425,34.65551037092622,34.65551037092622,34.65551037092622,204.0,51.0,255.0
003404,train,66.83985137939453,25.313886642456055,0.37872445583343506,66.83985,66.83985,66.83985,25.31388555669595,25.31388555669595,25.31388555669595,201.0,39.0,240.0
003405,train,93.27412414550781,33.8047981262207,0.36242419481277466,93.274125,93.274125,93.274125,33.80479892684433,33.80479892684433,33.80479892684433,194.0,61.0,255.0
003409,train,84.47592163085938,20.365583419799805,0.24108152091503143,84.475925,84.475925,84.475925,20.365582986852477,20.365582986852477,20.365582986852477,201.0,54.0,255.0
003408,train,83.10030364990234,21.42010498046875,0.25776204466819763,83.1003,83.1003,83.1003,21.420105973360634,21.420105973360634,21.420105973360634,202.0,53.0,255.0
003410,train,81.83822631835938,21.226381301879883,0.25936999917030334,81.838225,81.838225,81.838225,21.226379904481476,21.226379904481476,21.226379904481476,200.0,55.0,255.0
003407,train,83.41290283203125,20.922996520996094,0.25083646178245544,83.4129,83.4129,83.4129,20.922994852315,20.922994852315,20.922994852315,203.0,52.0,255.0
003406,train,93.4561996459961,39.306602478027344,0.42058849334716797,93.4562,93.4562,93.4562,39.30660353630163,39.30660353630163,39.30660353630163,200.0,55.0,255.0
003411,train,77.45580291748047,21.279949188232422,0.2747366726398468,77.4558,77.4558,77.4558,21.27994822268137,21.27994822268137,21.27994822268137,207.0,48.0,255.0
003412,train,75.54427337646484,18.563262939453125,0.24572694301605225,75.544275,75.544275,75.544275,18.56326317554042,18.56326317554042,18.56326317554042,205.0,50.0,255.0
003413,train,66.00990295410156,11.690917015075684,0.1771085262298584,66.0099,66.0099,66.0099,11.69091749992275,11.69091749992275,11.69091749992275,209.0,46.0,255.0
003416,train,67.20860290527344,11.111964225769043,0.16533544659614563,67.2086,67.2086,67.2086,11.11196364464895,11.11196364464895,11.11196364464895,125.0,44.0,169.0
003415,train,60.62922668457031,11.055340766906738,0.18234342336654663,60.629225,60.629225,60.629225,11.05534037917309,11.05534037917309,11.05534037917309,119.0,40.0,159.0
003417,train,66.30157470703125,12.307416915893555,0.18562781810760498,66.301575,66.301575,66.301575,12.307417581254608,12.307417581254608,12.307417581254608,161.0,41.0,202.0
003414,train,66.78377532958984,13.470804214477539,0.20170773565769196,66.783775,66.783775,66.783775,13.470804421020112,13.470804421020112,13.470804421020112,210.0,45.0,255.0
003419,train,57.69504928588867,13.198759078979492,0.22876761853694916,57.69505,57.69505,57.69505,13.198759619657448,13.198759619657448,13.198759619657448,151.0,30.0,181.0
003418,train,62.87682342529297,11.02357006072998,0.1753200888633728,62.876825,62.876825,62.876825,11.02357033448669,11.02357033448669,11.02357033448669,141.0,41.0,182.0
003421,train,49.260826110839844,11.851423263549805,0.24058514833450317,49.260825,49.260825,49.260825,11.851423767605942,11.851423767605942,11.851423767605942,151.0,31.0,182.0
003420,train,51.94227600097656,12.894675254821777,0.2482500970363617,51.942275,51.942275,51.942275,12.894674979400412,12.894674979400412,12.894674979400412,145.0,30.0,175.0
003424,train,64.39399719238281,9.086584091186523,0.1411091834306717,64.394,64.394,64.394,9.086584286738335,9.086584286738335,9.086584286738335,127.0,43.0,170.0
003422,train,70.01007843017578,8.544599533081055,0.12204813212156296,70.010075,70.010075,70.010075,8.544599083302563,8.544599083302563,8.544599083302563,102.0,49.0,151.0
003423,train,70.85277557373047,10.99459457397461,0.15517520904541016,70.852775,70.852775,70.852775,10.99459411708204,10.99459411708204,10.99459411708204,154.0,43.0,197.0
003425,train,67.2467269897461,7.583449363708496,0.11277053505182266,67.246725,67.246725,67.246725,7.583449200355666,7.583449200355666,7.583449200355666,89.0,42.0,131.0
003426,train,83.92224884033203,18.019847869873047,0.2147207409143448,83.92225,83.92225,83.92225,18.019847528142407,18.019847528142407,18.019847528142407,205.0,47.0,252.0
003429,train,83.62214660644531,15.986004829406738,0.19116951525211334,83.62215,83.62215,83.62215,15.986004171696566,15.986004171696566,15.986004171696566,195.0,56.0,251.0
003427,train,82.06295013427734,15.796731948852539,0.19249530136585236,82.06295,82.06295,82.06295,15.796731854959745,15.796731854959745,15.796731854959745,200.0,49.0,249.0
003428,train,75.79115295410156,9.634903907775879,0.1271243840456009,75.79115,75.79115,75.79115,9.634904341896705,9.634904341896705,9.634904341896705,111.0,51.0,162.0
003431,train,87.12417602539062,19.288511276245117,0.22139103710651398,87.124175,87.124175,87.124175,19.288510973358598,19.288510973358598,19.288510973358598,199.0,56.0,255.0
003432,train,84.74859619140625,17.758155822753906,0.2095392346382141,84.7486,84.7486,84.7486,17.758154409735265,17.758154409735265,17.758154409735265,196.0,53.0,249.0
003433,train,87.47440338134766,17.47021484375,0.19971802830696106,87.4744,87.4744,87.4744,17.470215929976366,17.470215929976366,17.470215929976366,196.0,59.0,255.0
003430,train,83.3678970336914,16.991666793823242,0.20381546020507812,83.3679,83.3679,83.3679,16.991667063298998,16.991667063298998,16.991667063298998,171.0,55.0,226.0
003435,train,76.02974700927734,14.487300872802734,0.19054779410362244,76.02975,76.02975,76.02975,14.48730012588612,14.48730012588612,14.48730012588612,191.0,52.0,243.0
003434,train,80.81714630126953,15.618185997009277,0.19325336813926697,80.81715,80.81715,80.81715,15.618185422048874,15.618185422048874,15.618185422048874,199.0,56.0,255.0
003436,train,61.903099060058594,12.843640327453613,0.20747976005077362,61.9031,61.9031,61.9031,12.843640854134781,12.843640854134781,12.843640854134781,151.0,42.0,193.0
003437,train,58.34175109863281,13.993562698364258,0.23985503613948822,58.34175,58.34175,58.34175,13.993563053686506,13.993563053686506,13.993563053686506,158.0,36.0,194.0
003439,train,81.373046875,15.662949562072754,0.19248326122760773,81.37305,81.37305,81.37305,15.662949393313507,15.662949393313507,15.662949393313507,169.0,53.0,222.0
003440,train,67.17154693603516,12.797643661499023,0.19052179157733917,67.17155,67.17155,67.17155,12.797643165735634,12.797643165735634,12.797643165735634,175.0,32.0,207.0
003438,train,57.5671501159668,9.80870532989502,0.17038719356060028,57.56715,57.56715,57.56715,9.808704852196339,9.808704852196339,9.808704852196339,131.0,37.0,168.0
003445,train,70.76750183105469,11.122733116149902,0.15717288851737976,70.7675,70.7675,70.7675,11.122733196026955,11.122733196026955,11.122733196026955,152.0,46.0,198.0
003443,train,62.31330108642578,14.316756248474121,0.22975441813468933,62.3133,62.3133,62.3133,14.316755676828462,14.316755676828462,14.316755676828462,133.0,26.0,159.0
003441,train,73.64752197265625,14.336861610412598,0.19466862082481384,73.647525,73.647525,73.647525,14.336861106057178,14.336861106057178,14.336861106057178,146.0,32.0,178.0
003442,train,39.72197341918945,7.354742050170898,0.18515551090240479,39.721975,39.721975,39.721975,7.354741810517552,7.354741810517552,7.354741810517552,84.0,25.0,109.0
003444,train,59.07887649536133,12.953316688537598,0.21925462782382965,59.078875,59.078875,59.078875,12.953316321868119,12.953316321868119,12.953316321868119,151.0,33.0,184.0
003446,train,84.67790222167969,18.06561279296875,0.21334506571292877,84.6779,84.6779,84.6779,18.065612405617475,18.065612405617475,18.065612405617475,205.0,46.0,251.0
003447,train,80.90059661865234,12.285691261291504,0.15186156332492828,80.9006,80.9006,80.9006,12.285691663068873,12.285691663068873,12.285691663068873,173.0,51.0,224.0
003448,train,89.79125213623047,19.8809814453125,0.22141334414482117,89.79125,89.79125,89.79125,19.880981450559727,19.880981450559727,19.880981450559727,201.0,54.0,255.0
003449,train,82.69722747802734,16.100746154785156,0.1946951150894165,82.697225,82.697225,82.697225,16.10074539576895,16.10074539576895,16.10074539576895,198.0,57.0,255.0
003450,train,60.564849853515625,13.769615173339844,0.22735324501991272,60.56485,60.56485,60.56485,13.769614899389888,13.769614899389888,13.769614899389888,161.0,37.0,198.0
003453,train,57.74195098876953,13.96214485168457,0.24180243909358978,57.74195,57.74195,57.74195,13.962145615824955,13.962145615824955,13.962145615824955,163.0,35.0,198.0
003452,train,73.34507751464844,11.977883338928223,0.16330862045288086,73.345075,73.345075,73.345075,11.97788371309285,11.97788371309285,11.97788371309285,176.0,41.0,217.0
003451,train,84.52102661132812,17.705663681030273,0.2094823569059372,84.521025,84.521025,84.521025,17.70566316039518,17.70566316039518,17.70566316039518,201.0,53.0,254.0
003455,train,58.449249267578125,14.577940940856934,0.249411940574646,58.44925,58.44925,58.44925,14.577941364866989,14.577941364866989,14.577941364866989,183.0,23.0,206.0
003454,train,58.85332489013672,13.484237670898438,0.22911599278450012,58.853325,58.853325,58.853325,13.484237518094044,13.484237518094044,13.484237518094044,173.0,31.0,204.0
003456,train,66.02259826660156,8.464350700378418,0.1282038390636444,66.0226,66.0226,66.0226,8.464351082038126,8.464351082038126,8.464351082038126,91.0,37.0,128.0
003457,train,39.780826568603516,7.319340229034424,0.18399165570735931,39.780825,39.780825,39.780825,7.319339951073116,7.319339951073116,7.319339951073116,85.0,25.0,110.0
003458,train,70.94554901123047,11.465588569641113,0.16161110997200012,70.94555,70.94555,70.94555,11.465589177948948,11.465589177948948,11.465589177948948,201.0,48.0,249.0
003460,train,75.9905776977539,19.740638732910156,0.2597774565219879,75.990575,75.990575,75.990575,19.74063920366752,19.74063920366752,19.74063920366752,207.0,48.0,255.0
003459,train,71.58625030517578,15.533217430114746,0.2169860452413559,71.58625,71.58625,71.58625,15.533217983969065,15.533217983969065,15.533217983969065,209.0,46.0,255.0
003462,train,84.06647491455078,20.42488670349121,0.24296113848686218,84.066475,84.066475,84.066475,20.424885705295267,20.424885705295267,20.424885705295267,216.0,39.0,255.0
003461,train,84.4655990600586,19.13916778564453,0.22659127414226532,84.4656,84.4656,84.4656,19.139168389457257,19.139168389457257,19.139168389457257,213.0,39.0,252.0
003463,train,82.7812271118164,21.217987060546875,0.2563140094280243,82.781225,82.781225,82.781225,21.21798676829107,21.21798676829107,21.21798676829107,200.0,55.0,255.0
003465,train,60.526451110839844,22.311248779296875,0.36861979961395264,60.52645,60.52645,60.52645,22.3112482931256,22.3112482931256,22.3112482931256,187.0,35.0,222.0
003464,train,75.86744689941406,17.887968063354492,0.23577922582626343,75.86745,75.86745,75.86745,17.88796887568569,17.88796887568569,17.88796887568569,204.0,51.0,255.0
003466,train,64.67142486572266,27.10601806640625,0.41913437843322754,64.671425,64.671425,64.671425,27.106017108187896,27.106017108187896,27.106017108187896,201.0,40.0,241.0
003467,train,73.30587768554688,32.239418029785156,0.43979308009147644,73.305875,73.305875,73.305875,32.23941710832216,32.23941710832216,32.23941710832216,210.0,45.0,255.0
003469,train,96.2594985961914,35.275638580322266,0.3664639890193939,96.2595,96.2595,96.2595,35.2756369148737,35.2756369148737,35.2756369148737,193.0,62.0,255.0
003470,train,88.09500122070312,34.04891586303711,0.3865022361278534,88.095,88.095,88.095,34.04891444671915,34.04891444671915,34.04891444671915,195.0,60.0,255.0
003468,train,93.56230163574219,34.117034912109375,0.3646450936794281,93.5623,93.5623,93.5623,34.117034142932184,34.117034142932184,34.117034142932184,194.0,61.0,255.0
003471,train,82.83552551269531,22.936861038208008,0.2768964171409607,82.835525,82.835525,82.835525,22.93686057363507,22.93686057363507,22.93686057363507,197.0,49.0,246.0
003472,train,69.61412811279297,19.491355895996094,0.27999138832092285,69.614125,69.614125,69.614125,19.491356430078824,19.491356430078824,19.491356430078824,177.0,44.0,221.0
003473,train,65.48357391357422,19.802947998046875,0.30241093039512634,65.483575,65.483575,65.483575,19.802948775861008,19.802948775861008,19.802948775861008,175.0,43.0,218.0
003475,train,105.76297760009766,27.003902435302734,0.25532472133636475,105.762975,105.762975,105.762975,27.003901461629113,27.003901461629113,27.003901461629113,192.0,63.0,255.0
003474,train,91.60040283203125,25.906410217285156,0.28281983733177185,91.6004,91.6004,91.6004,25.906410786521548,25.906410786521548,25.906410786521548,200.0,55.0,255.0
003478,train,82.13542175292969,14.375353813171387,0.17502014338970184,82.135425,82.135425,82.135425,14.375353389373599,14.375353389373599,14.375353389373599,202.0,53.0,255.0
003476,train,100.76104736328125,18.385255813598633,0.18246391415596008,100.76105,100.76105,100.76105,18.385255040316952,18.385255040316952,18.385255040316952,184.0,71.0,255.0
003477,train,95.28974914550781,15.141849517822266,0.15890324115753174,95.28975,95.28975,95.28975,15.14184912543709,15.14184912543709,15.14184912543709,191.0,64.0,255.0
003481,train,103.25407409667969,27.08894920349121,0.2623523473739624,103.254075,103.254075,103.254075,27.088949239392345,27.088949239392345,27.088949239392345,191.0,64.0,255.0
003480,train,99.7907485961914,18.890060424804688,0.18929670751094818,99.79075,99.79075,99.79075,18.890061260819138,18.890061260819138,18.890061260819138,192.0,63.0,255.0
003479,train,93.46465301513672,19.511629104614258,0.20875944197177887,93.46465,93.46465,93.46465,19.511629874961752,19.511629874961752,19.511629874961752,193.0,62.0,255.0
003483,train,98.05177307128906,26.918106079101562,0.27452951669692993,98.051775,98.051775,98.051775,26.91810532614387,26.91810532614387,26.91810532614387,199.0,56.0,255.0
003482,train,84.94629669189453,22.55591583251953,0.2655314803123474,84.9463,84.9463,84.9463,22.55591643693512,22.55591643693512,22.55591643693512,199.0,56.0,255.0
003486,train,69.11572265625,17.567035675048828,0.25416845083236694,69.115725,69.115725,69.115725,17.567035399417144,17.567035399417144,17.567035399417144,204.0,43.0,247.0
003484,train,103.25700378417969,25.504674911499023,0.24700188636779785,103.257,103.257,103.257,25.50467508124736,25.50467508124736,25.50467508124736,182.0,64.0,246.0
003485,train,98.54205322265625,25.848915100097656,0.2623135447502136,98.54205,98.54205,98.54205,25.848915485905785,25.848915485905785,25.848915485905785,193.0,62.0,255.0
003487,train,73.26287841796875,21.675134658813477,0.29585427045822144,73.262875,73.262875,73.262875,21.67513602574099,21.67513602574099,21.67513602574099,213.0,42.0,255.0
003489,train,94.05537414550781,25.964550018310547,0.2760559916496277,94.055375,94.055375,94.055375,25.96455003672074,25.96455003672074,25.96455003672074,199.0,54.0,253.0
003488,train,81.56314849853516,26.654830932617188,0.3267999291419983,81.56315,81.56315,81.56315,26.654831871116727,26.654831871116727,26.654831871116727,209.0,46.0,255.0
003491,train,69.05899810791016,18.113651275634766,0.26229241490364075,69.059,69.059,69.059,18.11365007390835,18.11365007390835,18.11365007390835,188.0,40.0,228.0
003493,train,48.236576080322266,16.041805267333984,0.33256515860557556,48.236575,48.236575,48.236575,16.041804987886337,16.041804987886337,16.041804987886337,134.0,27.0,161.0
003490,train,94.05570220947266,26.86444854736328,0.2856227457523346,94.0557,94.0557,94.0557,26.8644485800472,26.8644485800472,26.8644485800472,194.0,52.0,246.0
003494,train,42.754451751708984,13.346375465393066,0.31216341257095337,42.75445,42.75445,42.75445,13.34637610729969,13.34637610729969,13.34637610729969,120.0,22.0,142.0
003497,train,83.4051284790039,32.3261604309082,0.387580007314682,83.405125,83.405125,83.405125,32.32615966573164,32.32615966573164,32.32615966573164,209.0,46.0,255.0
003492,train,47.744049072265625,14.145506858825684,0.2962779104709625,47.74405,47.74405,47.74405,14.145505985912981,14.145505985912981,14.145505985912981,120.0,26.0,146.0
003495,train,34.313926696777344,11.770491600036621,0.34302374720573425,34.313925,34.313925,34.313925,11.770491752444967,11.770491752444967,11.770491752444967,109.0,18.0,127.0
003496,train,36.50902557373047,10.591140747070312,0.2900964915752411,36.509025,36.509025,36.509025,10.591141040953756,10.591141040953756,10.591141040953756,130.0,19.0,149.0
003498,train,67.68170166015625,23.514013290405273,0.3474205434322357,67.6817,67.6817,67.6817,23.514013589985016,23.514013589985016,23.514013589985016,189.0,31.0,220.0
003499,train,89.34207153320312,21.264997482299805,0.238017737865448,89.342075,89.342075,89.342075,21.264997288840057,21.264997288840057,21.264997288840057,199.0,56.0,255.0
003500,train,133.56199645996094,22.24382781982422,0.16654309630393982,133.562,133.562,133.562,22.243827368508327,22.243827368508327,22.243827368508327,203.0,52.0,255.0
003502,train,120.77532196044922,31.2492733001709,0.2587389051914215,120.775325,120.775325,120.775325,31.24927272984725,31.24927272984725,31.24927272984725,185.0,70.0,255.0
003504,train,105.92725372314453,26.57225227355957,0.2508537769317627,105.92725,105.92725,105.92725,26.572252584933405,26.572252584933405,26.572252584933405,183.0,72.0,255.0
003503,train,128.39019775390625,17.404151916503906,0.13555669784545898,128.3902,128.3902,128.3902,17.40415162999909,17.40415162999909,17.40415162999909,169.0,86.0,255.0
003505,train,112.79139709472656,25.840049743652344,0.229095920920372,112.7914,112.7914,112.7914,25.84004810444439,25.84004810444439,25.84004810444439,181.0,74.0,255.0
003501,train,144.2917022705078,18.20173454284668,0.1261454075574875,144.2917,144.2917,144.2917,18.201735112620444,18.201735112620444,18.201735112620444,157.0,98.0,255.0
003506,train,116.74757385253906,24.540987014770508,0.210205540060997,116.747575,116.747575,116.747575,24.540985241415534,24.540985241415534,24.540985241415534,169.0,86.0,255.0
003508,train,89.54037475585938,25.803010940551758,0.28817179799079895,89.540375,89.540375,89.540375,25.803011836980872,25.803011836980872,25.803011836980872,200.0,55.0,255.0
003507,train,107.93522644042969,12.821911811828613,0.11879265308380127,107.935225,107.935225,107.935225,12.821912072673676,12.821912072673676,12.821912072673676,178.0,77.0,255.0
003509,train,112.50647735595703,29.515094757080078,0.26234129071235657,112.506475,112.506475,112.506475,29.51509373311179,29.51509373311179,29.51509373311179,186.0,69.0,255.0
003593,train,116.8531265258789,38.78050231933594,0.33187389373779297,116.853125,116.853125,116.853125,38.78050157920053,38.78050157920053,38.78050157920053,220.0,35.0,255.0
003592,train,110.42880249023438,37.69886779785156,0.34138619899749756,110.4288,110.4288,110.4288,37.6988670991583,37.6988670991583,37.6988670991583,219.0,36.0,255.0
003510,train,88.74424743652344,25.684967041015625,0.2894268333911896,88.74425,88.74425,88.74425,25.684967236449808,25.684967236449808,25.684967236449808,201.0,54.0,255.0
003591,train,94.95142364501953,29.90461540222168,0.3149464726448059,94.951425,94.951425,94.951425,29.904613615115895,29.904613615115895,29.904613615115895,220.0,29.0,249.0
003594,train,93.51187133789062,21.13268280029297,0.22598931193351746,93.511875,93.511875,93.511875,21.13268343075188,21.13268343075188,21.13268343075188,159.0,26.0,185.0
003595,train,133.25250244140625,46.98819351196289,0.3526252210140228,133.2525,133.2525,133.2525,46.98819472750576,46.98819472750576,46.98819472750576,222.0,33.0,255.0
003596,train,103.21397399902344,23.529644012451172,0.22796955704689026,103.213975,103.213975,103.213975,23.529642787330516,23.529642787330516,23.529642787330516,200.0,54.0,254.0
003599,train,96.7104721069336,39.431243896484375,0.40772464871406555,96.710475,96.710475,96.710475,39.43124522855416,39.43124522855416,39.43124522855416,222.0,33.0,255.0
003597,train,120.91504669189453,32.49014663696289,0.26870226860046387,120.91505,120.91505,120.91505,32.49014517507578,32.49014517507578,32.49014517507578,216.0,38.0,254.0
003600,train,131.45606994628906,31.718883514404297,0.24128884077072144,131.456075,131.456075,131.456075,31.718881925351262,31.718881925351262,31.718881925351262,225.0,30.0,255.0
003601,train,124.5812759399414,31.427396774291992,0.25226420164108276,124.581275,124.581275,124.581275,31.42739639827606,31.42739639827606,31.42739639827606,226.0,29.0,255.0
003598,train,103.69652557373047,42.283485412597656,0.4077618420124054,103.696525,103.696525,103.696525,42.28348528591719,42.28348528591719,42.28348528591719,169.0,0.0,169.0
003602,train,136.31924438476562,42.028202056884766,0.3083071708679199,136.31925,136.31925,136.31925,42.028199217162516,42.028199217162516,42.028199217162516,227.0,28.0,255.0
003603,train,119.2416763305664,49.70850372314453,0.41687190532684326,119.241675,119.241675,119.241675,49.70850347973046,49.70850347973046,49.70850347973046,219.0,36.0,255.0
003605,train,120.67527770996094,59.05424499511719,0.489364892244339,120.675275,120.675275,120.675275,59.05424564478303,59.05424564478303,59.05424564478303,217.0,38.0,255.0
003607,train,126.76897430419922,25.371583938598633,0.2001403272151947,126.768975,126.768975,126.768975,25.371583562114818,25.371583562114818,25.371583562114818,207.0,44.0,251.0
003604,train,109.74927520751953,36.52682876586914,0.33282068371772766,109.749275,109.749275,109.749275,36.5268293446663,36.5268293446663,36.5268293446663,219.0,36.0,255.0
003608,train,135.96102905273438,41.23593521118164,0.30329230427742004,135.961025,135.961025,135.961025,41.23593282501773,41.23593282501773,41.23593282501773,222.0,33.0,255.0
003606,train,148.43075561523438,34.89596176147461,0.23509927093982697,148.43075,148.43075,148.43075,34.89595971509453,34.89595971509453,34.89595971509453,222.0,33.0,255.0
003609,train,107.21530151367188,27.446077346801758,0.25599029660224915,107.2153,107.2153,107.2153,27.44607705866177,27.44607705866177,27.44607705866177,190.0,32.0,222.0
003611,train,121.9936752319336,36.98202896118164,0.3031471073627472,121.993675,121.993675,121.993675,36.98202854082473,36.98202854082473,36.98202854082473,244.0,11.0,255.0
003610,train,123.31857299804688,29.498807907104492,0.2392081469297409,123.318575,123.318575,123.318575,29.498807348253504,29.498807348253504,29.498807348253504,203.0,24.0,227.0
003617,train,93.9377212524414,43.01622772216797,0.4579228460788727,93.937725,93.937725,93.937725,43.016225971421235,43.016225971421235,43.016225971421235,209.0,46.0,255.0
003615,train,127.1218032836914,48.46466827392578,0.3812459111213684,127.1218,127.1218,127.1218,48.46466924224285,48.46466924224285,48.46466924224285,231.0,24.0,255.0
003612,train,102.28812408447266,48.767539978027344,0.4767664074897766,102.288125,102.288125,102.288125,48.7675395010285,48.7675395010285,48.7675395010285,222.0,33.0,255.0
003616,train,108.42254638671875,29.33909797668457,0.2705996036529541,108.42255,108.42255,108.42255,29.33909936411648,29.33909936411648,29.33909936411648,227.0,28.0,255.0
003614,train,143.90597534179688,51.36132049560547,0.3569088876247406,143.905975,143.905975,143.905975,51.36132041039614,51.36132041039614,51.36132041039614,231.0,24.0,255.0
003613,train,131.93702697753906,28.311140060424805,0.214580699801445,131.937025,131.937025,131.937025,28.311138429059596,28.311138429059596,28.311138429059596,223.0,30.0,253.0
003619,train,109.64910125732422,38.5828971862793,0.35187608003616333,109.6491,109.6491,109.6491,38.582896718494325,38.582896718494325,38.582896718494325,232.0,23.0,255.0
003618,train,92.57462310791016,25.563547134399414,0.27613988518714905,92.574625,92.574625,92.574625,25.563546919576225,25.563546919576225,25.563546919576225,203.0,25.0,228.0
003624,train,119.47660064697266,27.34663963317871,0.22888699173927307,119.4766,119.4766,119.4766,27.346639691925585,27.346639691925585,27.346639691925585,214.0,35.0,249.0
003622,train,150.35768127441406,53.637393951416016,0.35673198103904724,150.357675,150.357675,150.357675,53.63739594344952,53.63739594344952,53.63739594344952,225.0,30.0,255.0
003623,train,124.84022521972656,38.3778076171875,0.3074153959751129,124.840225,124.840225,124.840225,38.377806698004186,38.377806698004186,38.377806698004186,237.0,18.0,255.0
003621,train,136.3824005126953,48.69465637207031,0.3570450246334076,136.3824,136.3824,136.3824,48.69465699889465,48.69465699889465,48.69465699889465,218.0,37.0,255.0
003620,train,119.04192352294922,38.366886138916016,0.32229727506637573,119.041925,119.041925,119.041925,38.366887641485526,38.366887641485526,38.366887641485526,235.0,20.0,255.0
003625,train,112.5114974975586,40.788055419921875,0.3625234365463257,112.5115,112.5115,112.5115,40.78805545438517,40.78805545438517,40.78805545438517,237.0,18.0,255.0
003627,train,130.3639678955078,41.8679084777832,0.3211616575717926,130.363975,130.363975,130.363975,41.867905932818935,41.867905932818935,41.867905932818935,252.0,3.0,255.0
003626,train,106.03929901123047,45.68717575073242,0.43085137009620667,106.0393,106.0393,106.0393,45.68717659814404,45.68717659814404,45.68717659814404,238.0,17.0,255.0
003631,train,151.52902221679688,57.12868118286133,0.37701478600502014,151.529025,151.529025,151.529025,57.12868200430827,57.12868200430827,57.12868200430827,241.0,14.0,255.0
003629,train,114.6644515991211,40.29926681518555,0.35145387053489685,114.66445,114.66445,114.66445,40.299269301036965,40.299269301036965,40.299269301036965,251.0,4.0,255.0
003628,train,137.98684692382812,54.74172592163086,0.39671698212623596,137.98685,137.98685,137.98685,54.74172473605029,54.74172473605029,54.74172473605029,228.0,27.0,255.0
003630,train,109.02447509765625,31.727924346923828,0.29101651906967163,109.024475,109.024475,109.024475,31.727925806367725,31.727925806367725,31.727925806367725,185.0,12.0,197.0
003632,train,93.85645294189453,30.70669174194336,0.3271665573120117,93.85645,93.85645,93.85645,30.70669134565787,30.70669134565787,30.70669134565787,212.0,22.0,234.0
003633,train,134.43247985839844,46.85400390625,0.3485318720340729,134.432475,134.432475,134.432475,46.85400506226095,46.85400506226095,46.85400506226095,215.0,40.0,255.0
003635,train,154.3927764892578,55.99861145019531,0.36270228028297424,154.392775,154.392775,154.392775,55.99861027560751,55.99861027560751,55.99861027560751,237.0,18.0,255.0
003634,train,144.7281036376953,53.3339729309082,0.36851152777671814,144.7281,144.7281,144.7281,53.33397201024878,53.33397201024878,53.33397201024878,236.0,19.0,255.0
003637,train,165.5965576171875,60.833892822265625,0.36736205220222473,165.59655,165.59655,165.59655,60.833894566249,60.833894566249,60.833894566249,207.0,48.0,255.0
003636,train,97.7437973022461,40.68251037597656,0.41621577739715576,97.7438,97.7438,97.7438,40.68251174104175,40.68251174104175,40.68251174104175,242.0,11.0,253.0
003638,train,111.41177368164062,49.92295455932617,0.44809406995773315,111.411775,111.411775,111.411775,49.92295580541456,49.92295580541456,49.92295580541456,225.0,30.0,255.0
003639,train,128.8041534423828,58.15770721435547,0.4515204429626465,128.80415,128.80415,128.80415,58.1577109485707,58.1577109485707,58.1577109485707,215.0,40.0,255.0
003641,train,73.06002807617188,21.773344039916992,0.2980199158191681,73.060025,73.060025,73.060025,21.773343151647037,21.773343151647037,21.773343151647037,155.0,17.0,172.0
003640,train,126.95570373535156,30.563913345336914,0.2407447099685669,126.9557,126.9557,126.9557,30.563914793592787,30.563914793592787,30.563914793592787,216.0,26.0,242.0
003642,train,114.88894653320312,46.566246032714844,0.4053152799606323,114.88895,114.88895,114.88895,46.56624494091724,46.56624494091724,46.56624494091724,235.0,20.0,255.0
003645,train,130.21417236328125,57.35378646850586,0.4404573142528534,130.214175,130.214175,130.214175,57.3537867456838,57.3537867456838,57.3537867456838,232.0,23.0,255.0
003643,train,111.88982391357422,50.6173210144043,0.45238539576530457,111.889825,111.889825,111.889825,50.61731953066435,50.61731953066435,50.61731953066435,228.0,27.0,255.0
003644,train,200.69297790527344,53.54093551635742,0.2667803168296814,200.692975,200.692975,200.692975,53.54093350558407,53.54093350558407,53.54093350558407,239.0,16.0,255.0
003646,train,193.81629943847656,45.937469482421875,0.2370155155658722,193.8163,193.8163,193.8163,45.9374689584657,45.9374689584657,45.9374689584657,218.0,37.0,255.0
003647,train,172.24000549316406,34.39692306518555,0.19970345497131348,172.24,172.24,172.24,34.396920647057925,34.396920647057925,34.396920647057925,203.0,52.0,255.0
003649,train,130.6916046142578,40.09426498413086,0.30678531527519226,130.6916,130.6916,130.6916,40.09426442073729,40.09426442073729,40.09426442073729,211.0,22.0,233.0
003648,train,188.62229919433594,47.09385681152344,0.2496728003025055,188.6223,188.6223,188.6223,47.09385514809761,47.09385514809761,47.09385514809761,230.0,25.0,255.0
003650,train,176.58384704589844,48.43938064575195,0.2743137776851654,176.58385,176.58385,176.58385,48.439381903338735,48.439381903338735,48.439381903338735,253.0,2.0,255.0
003651,train,158.67897033691406,52.9009895324707,0.3333837389945984,158.678975,158.678975,158.678975,52.90099307148567,52.90099307148567,52.90099307148567,236.0,19.0,255.0
003652,train,94.05355072021484,38.98249053955078,0.41447123885154724,94.05355,94.05355,94.05355,38.98249007435903,38.98249007435903,38.98249007435903,243.0,12.0,255.0
003653,train,137.00563049316406,52.42231369018555,0.3826288878917694,137.005625,137.005625,137.005625,52.42231245719112,52.42231245719112,52.42231245719112,216.0,39.0,255.0
003656,train,134.01712036132812,49.45077133178711,0.3689884543418884,134.017125,134.017125,134.017125,49.450767251220434,49.450767251220434,49.450767251220434,218.0,37.0,255.0
003654,train,176.44842529296875,63.779335021972656,0.3614616394042969,176.448425,176.448425,176.448425,63.77933434913989,63.77933434913989,63.77933434913989,235.0,20.0,255.0
003655,train,204.49827575683594,59.44017028808594,0.2906634211540222,204.498275,204.498275,204.498275,59.44017157633695,59.44017157633695,59.44017157633695,231.0,24.0,255.0
003657,train,126.4418716430664,60.013370513916016,0.4746320843696594,126.441875,126.441875,126.441875,60.013370772556804,60.013370772556804,60.013370772556804,234.0,21.0,255.0
003658,train,114.84754943847656,44.50787353515625,0.38753873109817505,114.84755,114.84755,114.84755,44.507873000150205,44.507873000150205,44.507873000150205,255.0,0.0,255.0
003659,train,146.17730712890625,54.897586822509766,0.37555477023124695,146.1773,146.1773,146.1773,54.89758478029794,54.89758478029794,54.89758478029794,229.0,26.0,255.0
003660,train,163.73370361328125,62.94453430175781,0.3844323754310608,163.7337,163.7337,163.7337,62.94453418931624,62.94453418931624,62.94453418931624,255.0,0.0,255.0
003661,train,112.2022476196289,24.904598236083984,0.22196167707443237,112.20225,112.20225,112.20225,24.904597867411955,24.904597867411955,24.904597867411955,194.0,42.0,236.0
003662,train,125.39089965820312,42.63484191894531,0.3400154411792755,125.3909,125.3909,125.3909,42.63484311206035,42.63484311206035,42.63484311206035,243.0,12.0,255.0
003664,train,128.7987518310547,50.601776123046875,0.39287474751472473,128.79875,128.79875,128.79875,50.601777127266,50.601777127266,50.601777127266,241.0,14.0,255.0
003663,train,108.03679656982422,32.293540954589844,0.2989124357700348,108.0368,108.0368,108.0368,32.29354031009917,32.29354031009917,32.29354031009917,240.0,15.0,255.0
003665,train,149.46299743652344,33.24504852294922,0.22242996096611023,149.463,149.463,149.463,33.24504746575044,33.24504746575044,33.24504746575044,216.0,39.0,255.0
003666,train,100.99857330322266,27.231948852539062,0.26962706446647644,100.998575,100.998575,100.998575,27.23194857092263,27.23194857092263,27.23194857092263,187.0,15.0,202.0
003667,train,149.74009704589844,55.59243392944336,0.37125951051712036,149.7401,149.7401,149.7401,55.59243610411402,55.59243610411402,55.59243610411402,227.0,28.0,255.0
003668,train,106.99727630615234,50.24326705932617,0.4695751965045929,106.997275,106.997275,106.997275,50.24326887827239,50.24326887827239,50.24326887827239,232.0,23.0,255.0
003670,train,144.0146942138672,47.761199951171875,0.33164116740226746,144.0147,144.0147,144.0147,47.7612000886703,47.7612000886703,47.7612000886703,255.0,0.0,255.0
003672,train,93.51249694824219,21.138431549072266,0.2260492742061615,93.5125,93.5125,93.5125,21.138431676687844,21.138431676687844,21.138431676687844,159.0,27.0,186.0
003669,train,110.6436996459961,34.52238082885742,0.31201398372650146,110.6437,110.6437,110.6437,34.52237970230326,34.52237970230326,34.52237970230326,244.0,11.0,255.0
003671,train,116.85220336914062,38.77920150756836,0.3318654000759125,116.8522,116.8522,116.8522,38.77920132184262,38.77920132184262,38.77920132184262,222.0,33.0,255.0
003673,train,133.2530975341797,46.98138427734375,0.35257256031036377,133.2531,133.2531,133.2531,46.981382380577095,46.981382380577095,46.981382380577095,222.0,33.0,255.0
003675,train,96.71170043945312,39.43565368652344,0.40776506066322327,96.7117,96.7117,96.7117,39.43565243672279,39.43565243672279,39.43565243672279,221.0,34.0,255.0
003674,train,103.69357299804688,42.28388977050781,0.407777339220047,103.693575,103.693575,103.693575,42.28388734162665,42.28388734162665,42.28388734162665,168.0,2.0,170.0
003676,train,131.45152282714844,31.7219181060791,0.24132028222084045,131.451525,131.451525,131.451525,31.721918292788896,31.721918292788896,31.721918292788896,223.0,32.0,255.0
003677,train,124.58595275878906,31.438762664794922,0.2523459792137146,124.58595,124.58595,124.58595,31.43876369384617,31.43876369384617,31.43876369384617,226.0,29.0,255.0
003678,train,136.323974609375,42.0328483581543,0.30833056569099426,136.323975,136.323975,136.323975,42.0328462657405,42.0328462657405,42.0328462657405,227.0,28.0,255.0
003679,train,119.2415771484375,49.710575103759766,0.41688960790634155,119.241575,119.241575,119.241575,49.71057449395827,49.71057449395827,49.71057449395827,219.0,36.0,255.0
003680,train,109.75052642822266,36.518943786621094,0.3327450454235077,109.750525,109.750525,109.750525,36.51894285469358,36.51894285469358,36.51894285469358,221.0,34.0,255.0
003681,train,120.67542266845703,59.051273345947266,0.489339679479599,120.675425,120.675425,120.675425,59.0512728573176,59.0512728573176,59.0512728573176,216.0,39.0,255.0
003682,train,148.4315185546875,34.898014068603516,0.23511187732219696,148.431525,148.431525,148.431525,34.898015146629405,34.898015146629405,34.898015146629405,222.0,33.0,255.0
003683,train,126.77044677734375,25.36821937561035,0.20011146366596222,126.77045,126.77045,126.77045,25.368217454080213,25.368217454080213,25.368217454080213,206.0,43.0,249.0
003684,train,135.95993041992188,41.2314567565918,0.30326181650161743,135.959925,135.959925,135.959925,41.23145545568789,41.23145545568789,41.23145545568789,221.0,34.0,255.0
003688,train,102.28412628173828,48.77361297607422,0.4768444001674652,102.284125,102.284125,102.284125,48.77361169715008,48.77361169715008,48.77361169715008,220.0,35.0,255.0
003685,train,107.21542358398438,27.4621639251709,0.2561400532722473,107.215425,107.215425,107.215425,27.462162461637558,27.462162461637558,27.462162461637558,195.0,30.0,225.0
003687,train,121.99067687988281,36.97367477416992,0.3030860722064972,121.990675,121.990675,121.990675,36.973672904438025,36.973672904438025,36.973672904438025,244.0,11.0,255.0
003686,train,123.32039642333984,29.504514694213867,0.23925088346004486,123.3204,123.3204,123.3204,29.504513957020205,29.504513957020205,29.504513957020205,211.0,25.0,236.0
003689,train,94.95484924316406,29.89991569519043,0.31488561630249023,94.95485,94.95485,94.95485,29.899916579774935,29.899916579774935,29.899916579774935,224.0,29.0,253.0
003691,train,131.934326171875,28.309473037719727,0.2145724594593048,131.934325,131.934325,131.934325,28.309474770726055,28.309474770726055,28.309474770726055,222.0,29.0,251.0
003692,train,127.12147521972656,48.47654724121094,0.381340354681015,127.121475,127.121475,127.121475,48.476548648025414,48.476548648025414,48.476548648025414,233.0,22.0,255.0
003690,train,110.43017578125,37.70358657836914,0.3414246737957001,110.430175,110.430175,110.430175,37.703588350041365,37.703588350041365,37.703588350041365,218.0,37.0,255.0
003695,train,108.42122650146484,29.35771369934082,0.27077460289001465,108.421225,108.421225,108.421225,29.35771354345183,29.35771354345183,29.35771354345183,227.0,27.0,254.0
003696,train,93.93470001220703,43.02750778198242,0.4580576419830322,93.9347,93.9347,93.9347,43.02750731694784,43.02750731694784,43.02750731694784,208.0,47.0,255.0
003694,train,120.91349792480469,32.49403762817383,0.26873788237571716,120.9135,120.9135,120.9135,32.49403664905301,32.49403664905301,32.49403664905301,217.0,38.0,255.0
003693,train,103.21237182617188,23.53875732421875,0.22806139290332794,103.212375,103.212375,103.212375,23.538756803607427,23.538756803607427,23.538756803607427,196.0,54.0,250.0
003697,train,92.5728988647461,25.573514938354492,0.27625271677970886,92.5729,92.5729,92.5729,25.57351531545869,25.57351531545869,25.57351531545869,205.0,24.0,229.0
003699,train,136.38816833496094,48.70140838623047,0.357079416513443,136.388175,136.388175,136.388175,48.70140958092872,48.70140958092872,48.70140958092872,218.0,37.0,255.0
003698,train,109.64242553710938,38.580352783203125,0.35187432169914246,109.642425,109.642425,109.642425,38.5803514125957,38.5803514125957,38.5803514125957,233.0,22.0,255.0
003700,train,150.35855102539062,53.68631362915039,0.35705527663230896,150.35855,150.35855,150.35855,53.68631335729341,53.68631335729341,53.68631335729341,227.0,28.0,255.0
003701,train,124.84420013427734,38.37807846069336,0.30740776658058167,124.8442,124.8442,124.8442,38.37807937299625,38.37807937299625,38.37807937299625,237.0,18.0,255.0
003702,train,106.03717803955078,45.695762634277344,0.4309409558773041,106.037175,106.037175,106.037175,45.695761762108475,45.695761762108475,45.695761762108475,239.0,16.0,255.0
003704,train,114.66480255126953,40.33677291870117,0.35177990794181824,114.6648,114.6648,114.6648,40.33677281290609,40.33677281290609,40.33677281290609,254.0,1.0,255.0
003705,train,143.90272521972656,51.36056137084961,0.35691165924072266,143.902725,143.902725,143.902725,51.36055989350559,51.36055989350559,51.36055989350559,226.0,29.0,255.0
003703,train,137.9822235107422,54.7681999206543,0.39692214131355286,137.982225,137.982225,137.982225,54.76819797153614,54.76819797153614,54.76819797153614,228.0,27.0,255.0
003706,train,154.393798828125,55.99448013305664,0.3626731038093567,154.3938,154.3938,154.3938,55.99448027761308,55.99448027761308,55.99448027761308,235.0,20.0,255.0
003707,train,119.04302215576172,38.376502990722656,0.3223750591278076,119.043025,119.043025,119.043025,38.37650484149612,38.37650484149612,38.37650484149612,234.0,21.0,255.0
003710,train,130.36077880859375,41.88080596923828,0.3212684690952301,130.360775,130.360775,130.360775,41.88080844968701,41.88080844968701,41.88080844968701,252.0,3.0,255.0
003708,train,119.47879791259766,27.351552963256836,0.22892390191555023,119.4788,119.4788,119.4788,27.351553896625322,27.351553896625322,27.351553896625322,211.0,35.0,246.0
003709,train,112.51734924316406,40.825599670410156,0.3628382682800293,112.51735,112.51735,112.51735,40.825601024081685,40.825601024081685,40.825601024081685,239.0,16.0,255.0
003712,train,151.53274536132812,57.143585205078125,0.37710386514663696,151.53275,151.53275,151.53275,57.14358649435211,57.14358649435211,57.14358649435211,240.0,15.0,255.0
003711,train,109.02539825439453,31.74343490600586,0.2911563217639923,109.0254,109.0254,109.0254,31.74343404296391,31.74343404296391,31.74343404296391,188.0,8.0,196.0
003714,train,134.43154907226562,46.85581970214844,0.3485477864742279,134.43155,134.43155,134.43155,46.85582209925998,46.85582209925998,46.85582209925998,211.0,44.0,255.0
003713,train,93.85765075683594,30.722509384155273,0.32733088731765747,93.85765,93.85765,93.85765,30.72251107050822,30.72251107050822,30.72251107050822,208.0,22.0,230.0
003715,train,144.7259521484375,53.35132598876953,0.3686369061470032,144.72595,144.72595,144.72595,53.3513242253414,53.3513242253414,53.3513242253414,232.0,23.0,255.0
003716,train,97.74437713623047,40.69705581665039,0.41636210680007935,97.744375,97.744375,97.744375,40.69705371226982,40.69705371226982,40.69705371226982,243.0,11.0,254.0
003717,train,165.58897399902344,60.83540344238281,0.3673880100250244,165.588975,165.588975,165.588975,60.835404440583574,60.835404440583574,60.835404440583574,207.0,48.0,255.0
003720,train,126.95494842529297,30.57160758972168,0.24080674350261688,126.95495,126.95495,126.95495,30.57160726061847,30.57160726061847,30.57160726061847,218.0,25.0,243.0
003718,train,111.41187286376953,49.93194580078125,0.4481743574142456,111.411875,111.411875,111.411875,49.931946026410536,49.931946026410536,49.931946026410536,225.0,30.0,255.0
003719,train,128.80043029785156,58.15909957885742,0.45154428482055664,128.800425,128.800425,128.800425,58.15909726620054,58.15909726620054,58.15909726620054,215.0,40.0,255.0
003722,train,114.88847351074219,46.588287353515625,0.405508816242218,114.888475,114.888475,114.888475,46.58828594372598,46.58828594372598,46.58828594372598,237.0,18.0,255.0
003721,train,73.0634536743164,21.780216217041016,0.29809999465942383,73.06345,73.06345,73.06345,21.78021634643467,21.78021634643467,21.78021634643467,156.0,16.0,172.0
003723,train,111.8895492553711,50.62690353393555,0.45247215032577515,111.88955,111.88955,111.88955,50.62690688554358,50.62690688554358,50.62690688554358,228.0,27.0,255.0
003725,train,130.21075439453125,57.376991271972656,0.44064709544181824,130.21075,130.21075,130.21075,57.376990461660675,57.376990461660675,57.376990461660675,234.0,21.0,255.0
003724,train,200.69052124023438,53.53995895385742,0.26677870750427246,200.690525,200.690525,200.690525,53.53995704354249,53.53995704354249,53.53995704354249,247.0,8.0,255.0
003726,train,193.81370544433594,45.949501037597656,0.23708076775074005,193.8137,193.8137,193.8137,45.949502089903,45.949502089903,45.949502089903,220.0,35.0,255.0
003727,train,172.2354736328125,34.40685272216797,0.1997663527727127,172.235475,172.235475,172.235475,34.40685508041058,34.40685508041058,34.40685508041058,204.0,51.0,255.0
003730,train,176.5856475830078,48.451454162597656,0.27437934279441833,176.58565,176.58565,176.58565,48.45145419982253,48.45145419982253,48.45145419982253,250.0,5.0,255.0
003731,train,158.67965698242188,52.89849853515625,0.33336660265922546,158.67965,158.67965,158.67965,52.89850022332864,52.89850022332864,52.89850022332864,238.0,17.0,255.0
003729,train,130.68968200683594,40.098976135253906,0.3068258762359619,130.689675,130.689675,130.689675,40.0989734705812,40.0989734705812,40.0989734705812,210.0,22.0,232.0
003728,train,188.6231689453125,47.0947151184082,0.2496761977672577,188.623175,188.623175,188.623175,47.09471549886861,47.09471549886861,47.09471549886861,228.0,27.0,255.0
003732,train,94.05139923095703,38.99135208129883,0.41457492113113403,94.0514,94.0514,94.0514,38.991352349463334,38.991352349463334,38.991352349463334,244.0,11.0,255.0
003733,train,137.00180053710938,52.43612289428711,0.3827403783798218,137.0018,137.0018,137.0018,52.43612396773812,52.43612396773812,52.43612396773812,221.0,34.0,255.0
003734,train,176.4449462890625,63.7958869934082,0.3615625500679016,176.44495,176.44495,176.44495,63.795887951320964,63.795887951320964,63.795887951320964,235.0,20.0,255.0
003735,train,204.4927215576172,59.45427703857422,0.29074031114578247,204.492725,204.492725,204.492725,59.45427694518179,59.45427694518179,59.45427694518179,237.0,18.0,255.0
003736,train,134.01609802246094,49.455055236816406,0.36902323365211487,134.0161,134.0161,134.0161,49.455055260205704,49.455055260205704,49.455055260205704,219.0,36.0,255.0
003738,train,114.84625244140625,44.52924728393555,0.3877292275428772,114.84625,114.84625,114.84625,44.52924669178112,44.52924669178112,44.52924669178112,255.0,0.0,255.0
003737,train,126.44247436523438,60.01836395263672,0.47466933727264404,126.442475,126.442475,126.442475,60.0183650300004,60.0183650300004,60.0183650300004,233.0,22.0,255.0
003740,train,163.7342529296875,62.95771408081055,0.3845115602016449,163.73425,163.73425,163.73425,62.95771300593359,62.95771300593359,62.95771300593359,255.0,0.0,255.0
003739,train,146.17477416992188,54.89910125732422,0.3755716383457184,146.174775,146.174775,146.174775,54.89909952539636,54.89909952539636,54.89909952539636,227.0,28.0,255.0
003742,train,125.39227294921875,42.65596389770508,0.3401801586151123,125.392275,125.392275,125.392275,42.65596377207266,42.65596377207266,42.65596377207266,239.0,16.0,255.0
003741,train,112.1989517211914,24.906124114990234,0.22198179364204407,112.19895,112.19895,112.19895,24.906124124349418,24.906124124349418,24.906124124349418,199.0,41.0,240.0
003745,train,149.4633026123047,33.240455627441406,0.2223987728357315,149.4633,149.4633,149.4633,33.24045732402008,33.24045732402008,33.24045732402008,219.0,36.0,255.0
003743,train,108.03679656982422,32.3115234375,0.29907888174057007,108.0368,108.0368,108.0368,32.31152264688249,32.31152264688249,32.31152264688249,242.0,13.0,255.0
003744,train,128.79844665527344,50.61936569213867,0.39301222562789917,128.79845,128.79845,128.79845,50.619364156392756,50.619364156392756,50.619364156392756,241.0,14.0,255.0
003746,train,101.00037384033203,27.241607666015625,0.26971790194511414,101.000375,101.000375,101.000375,27.241606502909754,27.241606502909754,27.241606502909754,185.0,13.0,198.0
003747,train,149.74102783203125,55.59931564331055,0.37130314111709595,149.741025,149.741025,149.741025,55.599315705765434,55.599315705765434,55.599315705765434,224.0,31.0,255.0
003748,train,106.99417877197266,50.26171875,0.4697612524032593,106.994175,106.994175,106.994175,50.26171645566211,50.26171645566211,50.26171645566211,238.0,17.0,255.0
003749,train,110.64412689208984,34.537784576416016,0.3121519982814789,110.644125,110.644125,110.644125,34.53778768225283,34.53778768225283,34.53778768225283,241.0,14.0,255.0
003751,train,94.95124816894531,29.90443992614746,0.31494519114494324,94.95125,94.95125,94.95125,29.90444153361671,29.90444153361671,29.90444153361671,220.0,29.0,249.0
003754,train,93.51197814941406,21.132118225097656,0.22598300874233246,93.511975,93.511975,93.511975,21.13211907498571,21.13211907498571,21.13211907498571,159.0,26.0,185.0
003750,train,144.01119995117188,47.77874755859375,0.33177104592323303,144.0112,144.0112,144.0112,47.77874710119553,47.77874710119553,47.77874710119553,255.0,0.0,255.0
003752,train,110.42912292480469,37.698760986328125,0.34138423204421997,110.429125,110.429125,110.429125,37.69876160743712,37.69876160743712,37.69876160743712,219.0,36.0,255.0
003753,train,116.8531723022461,38.780513763427734,0.3318738639354706,116.853175,116.853175,116.853175,38.78051595091761,38.78051595091761,38.78051595091761,220.0,35.0,255.0
003755,train,133.2519989013672,46.98851776123047,0.3526289761066437,133.252,133.252,133.252,46.98851770379653,46.98851770379653,46.98851770379653,222.0,33.0,255.0
003756,train,103.21399688720703,23.5289249420166,0.22796253859996796,103.214,103.214,103.214,23.52892589983657,23.52892589983657,23.52892589983657,200.0,54.0,254.0
003759,train,96.71052551269531,39.43144226074219,0.4077264666557312,96.710525,96.710525,96.710525,39.43144213979975,39.43144213979975,39.43144213979975,222.0,33.0,255.0
003762,train,136.31924438476562,42.02829360961914,0.30830785632133484,136.31925,136.31925,136.31925,42.028292606736954,42.028292606736954,42.028292606736954,227.0,28.0,255.0
003760,train,131.4562530517578,31.719341278076172,0.24129199981689453,131.45625,131.45625,131.45625,31.719340881195812,31.719340881195812,31.719340881195812,225.0,30.0,255.0
003758,train,103.69672393798828,42.283382415771484,0.40776005387306213,103.696725,103.696725,103.696725,42.28338029621538,42.28338029621538,42.28338029621538,169.0,0.0,169.0
003757,train,120.91519927978516,32.49010467529297,0.26870158314704895,120.9152,120.9152,120.9152,32.490102476908255,32.490102476908255,32.490102476908255,216.0,38.0,254.0
003763,train,119.24195098876953,49.70844650268555,0.41687044501304626,119.24195,119.24195,119.24195,49.70844455620694,49.70844455620694,49.70844455620694,219.0,36.0,255.0
003761,train,124.5813217163086,31.42766761779785,0.2522662878036499,124.581325,124.581325,124.581325,31.427668323379876,31.427668323379876,31.427668323379876,226.0,29.0,255.0
003764,train,109.74925231933594,36.52610778808594,0.33281418681144714,109.74925,109.74925,109.74925,36.52610812059642,36.52610812059642,36.52610812059642,219.0,36.0,255.0
003765,train,120.67562866210938,59.05439376831055,0.48936471343040466,120.675625,120.675625,120.675625,59.054393620283456,59.054393620283456,59.054393620283456,217.0,38.0,255.0
003768,train,135.96055603027344,41.2358283996582,0.30329257249832153,135.96055,135.96055,135.96055,41.235829004610785,41.235829004610785,41.235829004610785,222.0,33.0,255.0
003770,train,123.31855010986328,29.498260498046875,0.23920375108718872,123.31855,123.31855,123.31855,29.498261404657395,29.498261404657395,29.498261404657395,203.0,24.0,227.0
003769,train,107.21520233154297,27.445831298828125,0.2559882402420044,107.2152,107.2152,107.2152,27.445832815930363,27.445832815930363,27.445832815930363,190.0,32.0,222.0
003767,train,126.76854705810547,25.371353149414062,0.20013917982578278,126.76855,126.76855,126.76855,25.37135354878608,25.37135354878608,25.37135354878608,207.0,44.0,251.0
003766,train,148.43069458007812,34.895965576171875,0.23509939014911652,148.4307,148.4307,148.4307,34.89596606357245,34.89596606357245,34.89596606357245,222.0,33.0,255.0
003771,train,121.99382781982422,36.981754302978516,0.3031444847583771,121.993825,121.993825,121.993825,36.98175207949692,36.98175207949692,36.98175207949692,244.0,11.0,255.0
003772,train,102.28829956054688,48.76797866821289,0.4767698645591736,102.2883,102.2883,102.2883,48.76798061341068,48.76798061341068,48.76798061341068,222.0,33.0,255.0
003774,train,143.90570068359375,51.36112976074219,0.35690823197364807,143.9057,143.9057,143.9057,51.36113080443225,51.36113080443225,51.36113080443225,231.0,24.0,255.0
003778,train,92.57434844970703,25.563634872436523,0.2761416733264923,92.57435,92.57435,92.57435,25.563636714628455,25.563636714628455,25.563636714628455,203.0,25.0,228.0
003777,train,93.9377212524414,43.016239166259766,0.45792296528816223,93.937725,93.937725,93.937725,43.01624224434737,43.01624224434737,43.01624224434737,209.0,46.0,255.0
003775,train,127.12167358398438,48.4648323059082,0.3812475800514221,127.121675,127.121675,127.121675,48.46483075586229,48.46483075586229,48.46483075586229,231.0,24.0,255.0
003776,train,108.42292785644531,29.339229583740234,0.2705998718738556,108.422925,108.422925,108.422925,29.33922987135782,29.33922987135782,29.33922987135782,227.0,28.0,255.0
003779,train,109.64877319335938,38.582881927490234,0.35187700390815735,109.648775,109.648775,109.648775,38.58288307007882,38.58288307007882,38.58288307007882,232.0,23.0,255.0
003773,train,131.93699645996094,28.311506271362305,0.21458353102207184,131.937,131.937,131.937,28.31150615915727,28.31150615915727,28.31150615915727,223.0,30.0,253.0
003781,train,136.38185119628906,48.694862365722656,0.357047975063324,136.38185,136.38185,136.38185,48.69486410883083,48.69486410883083,48.69486410883083,218.0,37.0,255.0
003780,train,119.04190063476562,38.36722183227539,0.32230013608932495,119.0419,119.0419,119.0419,38.36722422055053,38.36722422055053,38.36722422055053,235.0,20.0,255.0
003783,train,124.84034729003906,38.37792205810547,0.30741602182388306,124.84035,124.84035,124.84035,38.37792349616508,38.37792349616508,38.37792349616508,237.0,18.0,255.0
003782,train,150.35760498046875,53.63736343383789,0.35673195123672485,150.3576,150.3576,150.3576,53.637364516165405,53.637364516165405,53.637364516165405,225.0,30.0,255.0
003785,train,112.511474609375,40.788665771484375,0.3625289499759674,112.511475,112.511475,112.511475,40.78866531678102,40.78866531678102,40.78866531678102,237.0,18.0,255.0
003787,train,130.36390686035156,41.86811828613281,0.3211634159088135,130.3639,130.3639,130.3639,41.86811527630543,41.86811527630543,41.86811527630543,252.0,3.0,255.0
003786,train,106.03922271728516,45.68737030029297,0.4308534860610962,106.039225,106.039225,106.039225,45.68736900281493,45.68736900281493,45.68736900281493,238.0,17.0,255.0
003784,train,119.47634887695312,27.345617294311523,0.228878915309906,119.47635,119.47635,119.47635,27.34561739433762,27.34561739433762,27.34561739433762,214.0,35.0,249.0
003789,train,114.66462707519531,40.29955291748047,0.35145583748817444,114.664625,114.664625,114.664625,40.299553330147155,40.299553330147155,40.299553330147155,251.0,4.0,255.0
003788,train,137.9865264892578,54.741546630859375,0.3967165946960449,137.986525,137.986525,137.986525,54.74154357911708,54.74154357911708,54.74154357911708,228.0,27.0,255.0
003792,train,93.85637664794922,30.706674575805664,0.3271666169166565,93.856375,93.856375,93.856375,30.70667593308294,30.70667593308294,30.70667593308294,212.0,22.0,234.0
003795,train,154.39259338378906,55.99892044067383,0.36270469427108765,154.3926,154.3926,154.3926,55.99891575057503,55.99891575057503,55.99891575057503,237.0,18.0,255.0
003791,train,151.529052734375,57.129024505615234,0.37701696157455444,151.52905,151.52905,151.52905,57.129023762860676,57.129023762860676,57.129023762860676,241.0,14.0,255.0
003793,train,134.43272399902344,46.85391616821289,0.3485305905342102,134.432725,134.432725,134.432725,46.85391258021442,46.85391258021442,46.85391258021442,215.0,40.0,255.0
003794,train,144.72787475585938,53.33404541015625,0.3685126006603241,144.727875,144.727875,144.727875,53.33404468990117,53.33404468990117,53.33404468990117,236.0,19.0,255.0
003790,train,109.02455139160156,31.72769546508789,0.2910142242908478,109.02455,109.02455,109.02455,31.727695272387816,31.727695272387816,31.727695272387816,185.0,12.0,197.0
003796,train,97.74400329589844,40.68257141113281,0.4162155091762543,97.744,97.744,97.744,40.68257199342244,40.68257199342244,40.68257199342244,242.0,11.0,253.0
003797,train,165.59657287597656,60.83384704589844,0.36736175417900085,165.596575,165.596575,165.596575,60.833847677665226,60.833847677665226,60.833847677665226,207.0,48.0,255.0
003799,train,128.80422973632812,58.157718658447266,0.45152026414871216,128.804225,128.804225,128.804225,58.15771786400645,58.15771786400645,58.15771786400645,215.0,40.0,255.0
003798,train,111.41239929199219,49.92263412475586,0.448088675737381,111.4124,111.4124,111.4124,49.92263340650211,49.92263340650211,49.92263340650211,225.0,30.0,255.0
003803,train,111.88997650146484,50.61732864379883,0.4523848295211792,111.889975,111.889975,111.889975,50.61732924107489,50.61732924107489,50.61732924107489,228.0,27.0,255.0
003800,train,126.95555114746094,30.56395149230957,0.24074529111385345,126.95555,126.95555,126.95555,30.56395301981568,30.56395301981568,30.56395301981568,216.0,26.0,242.0
003801,train,73.06012725830078,21.77347183227539,0.29802125692367554,73.060125,73.060125,73.060125,21.773472621159332,21.773472621159332,21.773472621159332,155.0,17.0,172.0
003802,train,114.8894271850586,46.56682586669922,0.40531864762306213,114.889425,114.889425,114.889425,46.56682454461948,46.56682454461948,46.56682454461948,235.0,20.0,255.0
003806,train,193.81654357910156,45.9372673034668,0.23701417446136475,193.81655,193.81655,193.81655,45.93726914061718,45.93726914061718,45.93726914061718,218.0,37.0,255.0
003804,train,200.69297790527344,53.54109191894531,0.2667810916900635,200.692975,200.692975,200.692975,53.541087593075424,53.541087593075424,53.541087593075424,239.0,16.0,255.0
003805,train,130.21377563476562,57.3536491394043,0.44045761227607727,130.213775,130.213775,130.213775,57.35364700914297,57.35364700914297,57.35364700914297,232.0,23.0,255.0
003809,train,130.6918487548828,40.094398498535156,0.3067857623100281,130.69185,130.69185,130.69185,40.09439853118513,40.09439853118513,40.09439853118513,211.0,22.0,233.0
003807,train,172.2403564453125,34.397216796875,0.19970475137233734,172.24035,172.24035,172.24035,34.39721910093169,34.39721910093169,34.39721910093169,203.0,52.0,255.0
003808,train,188.62237548828125,47.09392547607422,0.2496730536222458,188.622375,188.622375,188.622375,47.093923433489536,47.093923433489536,47.093923433489536,230.0,25.0,255.0
003811,train,158.67845153808594,52.90132522583008,0.33338695764541626,158.67845,158.67845,158.67845,52.90132612324099,52.90132612324099,52.90132612324099,236.0,19.0,255.0
003810,train,176.58389282226562,48.439109802246094,0.27431216835975647,176.5839,176.5839,176.5839,48.43910931045285,48.43910931045285,48.43910931045285,253.0,2.0,255.0
003813,train,137.00559997558594,52.42251205444336,0.38263043761253357,137.0056,137.0056,137.0056,52.42250917916844,52.42250917916844,52.42250917916844,216.0,39.0,255.0
003814,train,176.44834899902344,63.77949905395508,0.36146271228790283,176.44835,176.44835,176.44835,63.77950166219159,63.77950166219159,63.77950166219159,235.0,20.0,255.0
003812,train,94.05370330810547,38.98269271850586,0.41447269916534424,94.0537,94.0537,94.0537,38.98269123995931,38.98269123995931,38.98269123995931,243.0,12.0,255.0
003817,train,126.44212341308594,60.01325988769531,0.4746302664279938,126.442125,126.442125,126.442125,60.0132622883007,60.0132622883007,60.0132622883007,234.0,21.0,255.0
003816,train,134.01699829101562,49.45024871826172,0.3689849078655243,134.017,134.017,134.017,49.45024884669439,49.45024884669439,49.45024884669439,218.0,37.0,255.0
003815,train,204.49725341796875,59.439613342285156,0.29066216945648193,204.49725,204.49725,204.49725,59.439614252092014,59.439614252092014,59.439614252092014,231.0,24.0,255.0
003818,train,114.84739685058594,44.50789260864258,0.38753941655158997,114.8474,114.8474,114.8474,44.50789270724913,44.50789270724913,44.50789270724913,255.0,0.0,255.0
003819,train,146.17709350585938,54.89802932739258,0.37555834650993347,146.1771,146.1771,146.1771,54.89802852188774,54.89802852188774,54.89802852188774,229.0,26.0,255.0
003820,train,163.73387145996094,62.94425582885742,0.38443025946617126,163.733875,163.733875,163.733875,62.944254324635345,62.944254324635345,62.944254324635345,255.0,0.0,255.0
003822,train,125.39089965820312,42.63531494140625,0.34001922607421875,125.3909,125.3909,125.3909,42.63531865941663,42.63531865941663,42.63531865941663,243.0,12.0,255.0
003821,train,112.20234680175781,24.905071258544922,0.22196568548679352,112.20235,112.20235,112.20235,24.905070858712687,24.905070858712687,24.905070858712687,194.0,42.0,236.0
003824,train,128.79867553710938,50.601505279541016,0.3928728699684143,128.798675,128.798675,128.798675,50.6015038634661,50.6015038634661,50.6015038634661,241.0,14.0,255.0
003825,train,149.46331787109375,33.245338439941406,0.22243142127990723,149.463325,149.463325,149.463325,33.24533809339853,33.24533809339853,33.24533809339853,216.0,39.0,255.0
003823,train,108.03724670410156,32.294151306152344,0.2989168167114258,108.03725,108.03725,108.03725,32.294151365804616,32.294151365804616,32.294151365804616,240.0,15.0,255.0
003826,train,100.99845123291016,27.23259162902832,0.2696337401866913,100.99845,100.99845,100.99845,27.232590725039362,27.232590725039362,27.232590725039362,187.0,15.0,202.0
003827,train,149.73973083496094,55.59275817871094,0.3712625801563263,149.739725,149.739725,149.739725,55.59275790896126,55.59275790896126,55.59275790896126,227.0,28.0,255.0
003828,train,106.99727630615234,50.24283218383789,0.46957114338874817,106.997275,106.997275,106.997275,50.242832499515536,50.242832499515536,50.242832499515536,232.0,23.0,255.0
003830,train,144.014892578125,47.761207580566406,0.33164075016975403,144.0149,144.0149,144.0149,47.76120630794411,47.76120630794411,47.76120630794411,255.0,0.0,255.0
003829,train,110.64347839355469,34.522438049316406,0.3120151162147522,110.643475,110.643475,110.643475,34.52244001985339,34.52244001985339,34.52244001985339,244.0,11.0,255.0
003832,train,101.06722259521484,11.692750930786133,0.11569280922412872,101.067225,101.067225,101.067225,11.69275013841376,11.69275013841376,11.69275013841376,177.0,73.0,250.0
003831,train,93.74907684326172,14.88628101348877,0.1587885618209839,93.749075,93.749075,93.749075,14.88628098768712,14.88628098768712,14.88628098768712,184.0,64.0,248.0
003834,train,94.54507446289062,14.935056686401367,0.15796758234500885,94.545075,94.545075,94.545075,14.935056687015788,14.935056687015788,14.935056687015788,167.0,66.0,233.0
003833,train,102.39444732666016,14.932332992553711,0.14583146572113037,102.39445,102.39445,102.39445,14.932332677699756,14.932332677699756,14.932332677699756,184.0,71.0,255.0
003835,train,113.20065307617188,24.57406234741211,0.2170841097831726,113.20065,113.20065,113.20065,24.574062333637475,24.574062333637475,24.574062333637475,177.0,78.0,255.0
003836,train,130.3980255126953,15.799738883972168,0.12116547673940659,130.398025,130.398025,130.398025,15.799738956684537,15.799738956684537,15.799738956684537,169.0,84.0,253.0
003838,train,114.6624984741211,9.839526176452637,0.08581294119358063,114.6625,114.6625,114.6625,9.839527110080036,9.839527110080036,9.839527110080036,112.0,84.0,196.0
003837,train,115.94092559814453,10.67303466796875,0.0920557975769043,115.940925,115.940925,115.940925,10.673035423176248,10.673035423176248,10.673035423176248,152.0,85.0,237.0
003839,train,122.03459930419922,11.125338554382324,0.0911654457449913,122.0346,122.0346,122.0346,11.125338324743208,11.125338324743208,11.125338324743208,162.0,91.0,253.0
003842,train,76.08209991455078,17.805604934692383,0.23403145372867584,76.0821,76.0821,76.0821,17.805604724074946,17.805604724074946,17.805604724074946,155.0,47.0,202.0
003840,train,59.65617370605469,15.199467658996582,0.254784494638443,59.656175,59.656175,59.656175,15.199467404135415,15.199467404135415,15.199467404135415,159.0,37.0,196.0
003841,train,65.36897277832031,16.30048942565918,0.24936126172542572,65.368975,65.368975,65.368975,16.300488718114405,16.300488718114405,16.300488718114405,183.0,40.0,223.0
003844,train,63.05422592163086,27.88541603088379,0.4422450065612793,63.054225,63.054225,63.054225,27.885416164177556,27.885416164177556,27.885416164177556,217.0,35.0,252.0
003843,train,93.8081283569336,15.177921295166016,0.16179750859737396,93.808125,93.808125,93.808125,15.177921761044066,15.177921761044066,15.177921761044066,175.0,66.0,241.0
003845,train,77.43900299072266,23.007335662841797,0.297102689743042,77.439,77.439,77.439,23.00733533028108,23.00733533028108,23.00733533028108,203.0,42.0,245.0
003846,train,116.06352233886719,13.303024291992188,0.11461848020553589,116.063525,116.063525,116.063525,13.303023700436492,13.303023700436492,13.303023700436492,172.0,81.0,253.0
003847,train,117.62732696533203,12.26622486114502,0.10428040474653244,117.627325,117.627325,117.627325,12.266225513350673,12.266225513350673,12.266225513350673,154.0,90.0,244.0
003850,train,98.45852661132812,18.879980087280273,0.19175566732883453,98.458525,98.458525,98.458525,18.879979603388744,18.879979603388744,18.879979603388744,187.0,65.0,252.0
003849,train,116.87022399902344,14.898428916931152,0.12747839093208313,116.870225,116.870225,116.870225,14.898428891979686,14.898428891979686,14.898428891979686,172.0,83.0,255.0
003848,train,121.56625366210938,9.951879501342773,0.08186383545398712,121.56625,121.56625,121.56625,9.951879769043636,9.951879769043636,9.951879769043636,153.0,92.0,245.0
003852,train,97.5748519897461,12.032095909118652,0.12331144511699677,97.57485,97.57485,97.57485,12.032096553697532,12.032096553697532,12.032096553697532,176.0,68.0,244.0
003851,train,114.27639770507812,11.47368335723877,0.10040291398763657,114.2764,114.2764,114.2764,11.473683063428238,11.473683063428238,11.473683063428238,179.0,76.0,255.0
003854,train,95.2759017944336,21.9177188873291,0.23004472255706787,95.2759,95.2759,95.2759,21.917718384676814,21.917718384676814,21.917718384676814,134.0,60.0,194.0
003853,train,86.07875061035156,12.451401710510254,0.14465127885341644,86.07875,86.07875,86.07875,12.451401464795037,12.451401464795037,12.451401464795037,61.0,58.0,119.0
003858,train,80.7435531616211,22.344017028808594,0.27672818303108215,80.74355,80.74355,80.74355,22.344017843653365,22.344017843653365,22.344017843653365,116.0,48.0,164.0
003855,train,76.62792205810547,16.474205017089844,0.2149895876646042,76.627925,76.627925,76.627925,16.474203628533157,16.474203628533157,16.474203628533157,129.0,53.0,182.0
003857,train,64.81825256347656,20.723169326782227,0.31971195340156555,64.81825,64.81825,64.81825,20.723169809117042,20.723169809117042,20.723169809117042,126.0,39.0,165.0
003856,train,78.39949798583984,26.110321044921875,0.3330419361591339,78.3995,78.3995,78.3995,26.110322666524056,26.110322666524056,26.110322666524056,162.0,43.0,205.0
003859,train,57.113948822021484,16.18193817138672,0.28332725167274475,57.11395,57.11395,57.11395,16.181937937017924,16.181937937017924,16.181937937017924,97.0,34.0,131.0
003860,train,121.1198501586914,21.178869247436523,0.17485877871513367,121.11985,121.11985,121.11985,21.178868855004982,21.178868855004982,21.178868855004982,158.0,77.0,235.0
003862,train,102.8113021850586,14.583231925964355,0.14184464514255524,102.8113,102.8113,102.8113,14.58323154551144,14.58323154551144,14.58323154551144,126.0,72.0,198.0
003861,train,85.7334213256836,29.101085662841797,0.3394368886947632,85.733425,85.733425,85.733425,29.101086109789357,29.101086109789357,29.101086109789357,164.0,46.0,210.0
003866,train,77.12654876708984,24.600627899169922,0.3189644515514374,77.12655,77.12655,77.12655,24.600625705406355,24.600625705406355,24.600625705406355,166.0,49.0,215.0
003864,train,114.61312866210938,10.310778617858887,0.08996158093214035,114.613125,114.613125,114.613125,10.310778473731991,10.310778473731991,10.310778473731991,78.0,77.0,155.0
003863,train,113.2540512084961,9.959335327148438,0.08793800324201584,113.25405,113.25405,113.25405,9.959335248775393,9.959335248775393,9.959335248775393,65.0,83.0,148.0
003865,train,109.65882873535156,23.16609001159668,0.21125604212284088,109.658825,109.658825,109.658825,23.166089972616764,23.166089972616764,23.166089972616764,162.0,72.0,234.0
003867,train,89.51277160644531,23.81157875061035,0.2660132050514221,89.512775,89.512775,89.512775,23.81157988877208,23.81157988877208,23.81157988877208,180.0,56.0,236.0
003869,train,91.06562805175781,18.19492530822754,0.19980013370513916,91.065625,91.065625,91.065625,18.19492562115534,18.19492562115534,18.19492562115534,128.0,59.0,187.0
003873,train,102.65184783935547,14.384915351867676,0.14013303816318512,102.65185,102.65185,102.65185,14.384915417808337,14.384915417808337,14.384915417808337,143.0,69.0,212.0
003870,train,96.52857208251953,27.189678192138672,0.28167492151260376,96.528575,96.528575,96.528575,27.189677884619652,27.189677884619652,27.189677884619652,130.0,60.0,190.0
003871,train,100.14977264404297,14.043988227844238,0.14022985100746155,100.149775,100.149775,100.149775,14.043987768770485,14.043987768770485,14.043987768770485,159.0,55.0,214.0
003872,train,94.1031723022461,15.22711181640625,0.1618129462003708,94.103175,94.103175,94.103175,15.227113315378427,15.227113315378427,15.227113315378427,184.0,50.0,234.0
003868,train,96.45272827148438,26.034711837768555,0.2699219882488251,96.452725,96.452725,96.452725,26.034710773779974,26.034710773779974,26.034710773779974,156.0,57.0,213.0
003874,train,94.68624877929688,15.951598167419434,0.1684679538011551,94.68625,94.68625,94.68625,15.951597441557382,15.951597441557382,15.951597441557382,182.0,68.0,250.0
003875,train,80.85330200195312,14.79317855834961,0.18296319246292114,80.8533,80.8533,80.8533,14.793178465427907,14.793178465427907,14.793178465427907,136.0,52.0,188.0
003877,train,88.690673828125,27.39432716369629,0.3088749349117279,88.690675,88.690675,88.690675,27.39432684050431,27.39432684050431,27.39432684050431,206.0,49.0,255.0
003879,train,101.84324645996094,27.06568145751953,0.2657582461833954,101.84325,101.84325,101.84325,27.065680841935233,27.065680841935233,27.065680841935233,190.0,65.0,255.0
003880,train,74.84574890136719,21.694101333618164,0.28985080122947693,74.84575,74.84575,74.84575,21.694101892853276,21.694101892853276,21.694101892853276,159.0,45.0,204.0
003876,train,101.40865325927734,17.06379508972168,0.1682676374912262,101.40865,101.40865,101.40865,17.063795157511123,17.063795157511123,17.063795157511123,163.0,61.0,224.0
003878,train,87.94747161865234,26.4802303314209,0.30109143257141113,87.947475,87.947475,87.947475,26.480228777795237,26.480228777795237,26.480228777795237,170.0,52.0,222.0
003881,train,95.54229736328125,13.675284385681152,0.14313329756259918,95.5423,95.5423,95.5423,13.675284666506945,13.675284666506945,13.675284666506945,150.0,61.0,211.0
003882,train,101.01695251464844,17.678936004638672,0.1750095933675766,101.01695,101.01695,101.01695,17.67893697871849,17.67893697871849,17.67893697871849,144.0,61.0,205.0
003884,train,119.8074722290039,16.049898147583008,0.13396407663822174,119.807475,119.807475,119.807475,16.0498974801827,16.0498974801827,16.0498974801827,165.0,75.0,240.0
003883,train,113.40032196044922,19.589950561523438,0.17275039851665497,113.400325,113.400325,113.400325,19.589950609799278,19.589950609799278,19.589950609799278,182.0,73.0,255.0
003888,train,78.33679962158203,14.440873146057129,0.18434341251850128,78.3368,78.3368,78.3368,14.440873095488374,14.440873095488374,14.440873095488374,87.0,33.0,120.0
003887,train,82.09257507324219,15.110185623168945,0.18406274914741516,82.092575,82.092575,82.092575,15.110185467735828,15.110185467735828,15.110185467735828,100.0,46.0,146.0
003886,train,88.02549743652344,16.233112335205078,0.18441374599933624,88.0255,88.0255,88.0255,16.233112756030497,16.233112756030497,16.233112756030497,133.0,55.0,188.0
003889,train,86.46485137939453,21.891721725463867,0.2531863749027252,86.46485,86.46485,86.46485,21.891721368533357,21.891721368533357,21.891721368533357,109.0,32.0,141.0
003890,train,86.19304656982422,24.074865341186523,0.279313325881958,86.19305,86.19305,86.19305,24.074865143910984,24.074865143910984,24.074865143910984,177.0,45.0,222.0
003885,train,112.79650115966797,18.206100463867188,0.16140660643577576,112.7965,112.7965,112.7965,18.206101662629482,18.206101662629482,18.206101662629482,176.0,70.0,246.0
003891,train,87.93025207519531,19.00054931640625,0.21608659625053406,87.93025,87.93025,87.93025,19.000549595669593,19.000549595669593,19.000549595669593,191.0,41.0,232.0
003893,train,122.85542297363281,19.39827537536621,0.15789514780044556,122.855425,122.855425,122.855425,19.39827500241645,19.39827500241645,19.39827500241645,170.0,67.0,237.0
003894,train,123.3841781616211,20.943878173828125,0.16974525153636932,123.384175,123.384175,123.384175,20.943878212245576,20.943878212245576,20.943878212245576,176.0,76.0,252.0
003897,train,217.07711791992188,18.665998458862305,0.0859878659248352,217.077125,217.077125,217.077125,18.665997876737663,18.665997876737663,18.665997876737663,97.0,158.0,255.0
003892,train,98.19982147216797,16.560100555419922,0.1686367690563202,98.199825,98.199825,98.199825,16.560099485491474,16.560099485491474,16.560099485491474,70.0,67.0,137.0
003898,train,140.8896026611328,16.175277709960938,0.11480817198753357,140.8896,140.8896,140.8896,16.175277797923595,16.175277797923595,16.175277797923595,114.0,79.0,193.0
003896,train,94.3438720703125,9.03439998626709,0.09576032310724258,94.343875,94.343875,94.343875,9.034399536459244,9.034399536459244,9.034399536459244,72.0,53.0,125.0
003895,train,76.92220306396484,10.962745666503906,0.1425173133611679,76.9222,76.9222,76.9222,10.962745876832136,10.962745876832136,10.962745876832136,55.0,52.0,107.0
003900,train,136.64674377441406,15.499613761901855,0.11342834681272507,136.64675,136.64675,136.64675,15.499613364129443,15.499613364129443,15.499613364129443,169.0,86.0,255.0
003899,train,143.49429321289062,19.587196350097656,0.13650156557559967,143.4943,143.4943,143.4943,19.587197796264785,19.587197796264785,19.587197796264785,162.0,86.0,248.0
003983,train,101.04409790039062,22.083131790161133,0.218549445271492,101.0441,101.0441,101.0441,22.083131688915863,22.083131688915863,22.083131688915863,188.0,67.0,255.0
003981,train,102.47750091552734,21.084930419921875,0.20575180649757385,102.4775,102.4775,102.4775,21.084930489570034,21.084930489570034,21.084930489570034,197.0,58.0,255.0
003984,train,91.74404907226562,21.897357940673828,0.23867878317832947,91.74405,91.74405,91.74405,21.897359192320426,21.897359192320426,21.897359192320426,199.0,56.0,255.0
003982,train,107.34114837646484,25.118867874145508,0.23400968313217163,107.34115,107.34115,107.34115,25.118866747476883,25.118866747476883,25.118866747476883,191.0,64.0,255.0
003985,train,96.12214660644531,27.2916202545166,0.28392645716667175,96.12215,96.12215,96.12215,27.291621963113514,27.291621963113514,27.291621963113514,195.0,60.0,255.0
003986,train,96.09220123291016,22.914756774902344,0.23846635222434998,96.0922,96.0922,96.0922,22.91475723545855,22.91475723545855,22.91475723545855,183.0,58.0,241.0
003990,train,97.71334838867188,23.754497528076172,0.24310392141342163,97.71335,97.71335,97.71335,23.754498137773822,23.754498137773822,23.754498137773822,206.0,49.0,255.0
003987,train,89.20137786865234,20.985570907592773,0.23526062071323395,89.201375,89.201375,89.201375,20.98557178418961,20.98557178418961,20.98557178418961,195.0,60.0,255.0
003989,train,116.7832260131836,19.46568489074707,0.1666821986436844,116.783225,116.783225,116.783225,19.465684770882707,19.465684770882707,19.465684770882707,193.0,62.0,255.0
003988,train,66.81510162353516,23.283546447753906,0.348477303981781,66.8151,66.8151,66.8151,23.283547023381125,23.283547023381125,23.283547023381125,188.0,30.0,218.0
003993,train,102.37462615966797,14.908072471618652,0.14562273025512695,102.374625,102.374625,102.374625,14.908072682589626,14.908072682589626,14.908072682589626,185.0,70.0,255.0
003994,train,94.5250473022461,14.925739288330078,0.15790247917175293,94.52505,94.52505,94.52505,14.92573859135621,14.92573859135621,14.92573859135621,166.0,68.0,234.0
003992,train,101.0489730834961,11.665383338928223,0.11544287204742432,101.048975,101.048975,101.048975,11.665383682047281,11.665383682047281,11.665383682047281,166.0,73.0,239.0
003991,train,93.70545196533203,14.864946365356445,0.15863481163978577,93.70545,93.70545,93.70545,14.86494669675946,14.86494669675946,14.86494669675946,173.0,66.0,239.0
003995,train,113.18842315673828,24.51389503479004,0.2165759950876236,113.188425,113.188425,113.188425,24.513893428408615,24.513893428408615,24.513893428408615,176.0,79.0,255.0
003999,train,122.00887298583984,11.085082054138184,0.0908547192811966,122.008875,122.008875,122.008875,11.085082148291686,11.085082148291686,11.085082148291686,164.0,91.0,255.0
003997,train,115.91697692871094,10.654840469360352,0.09191785752773285,115.916975,115.916975,115.916975,10.654840770718959,10.654840770718959,10.654840770718959,150.0,84.0,234.0
004000,train,59.64212417602539,15.17834758758545,0.2544904053211212,59.642125,59.642125,59.642125,15.17834808153954,15.17834808153954,15.17834808153954,155.0,39.0,194.0
003996,train,130.41078186035156,15.787349700927734,0.1210586205124855,130.410775,130.410775,130.410775,15.78734901430177,15.78734901430177,15.78734901430177,167.0,84.0,251.0
003998,train,114.62627410888672,9.805296897888184,0.08554144203662872,114.626275,114.626275,114.626275,9.805297273636073,9.805297273636073,9.805297273636073,117.0,78.0,195.0
004002,train,76.05352783203125,17.804115295410156,0.23409979045391083,76.053525,76.053525,76.053525,17.80411638005029,17.80411638005029,17.80411638005029,158.0,47.0,205.0
004001,train,65.34557342529297,16.319679260253906,0.2497442215681076,65.345575,65.345575,65.345575,16.31967839509636,16.31967839509636,16.31967839509636,181.0,41.0,222.0
004003,train,93.77224731445312,15.185118675231934,0.16193616390228271,93.77225,93.77225,93.77225,15.185118700145217,15.185118700145217,15.185118700145217,181.0,66.0,247.0
004004,train,63.052101135253906,27.876304626464844,0.4421153962612152,63.0521,63.0521,63.0521,27.876305092138736,27.876305092138736,27.876305092138736,220.0,34.0,254.0
004006,train,116.06477355957031,13.311626434326172,0.1146913543343544,116.064775,116.064775,116.064775,13.31162571586863,13.31162571586863,13.31162571586863,171.0,79.0,250.0
004005,train,77.41232299804688,22.997699737548828,0.2970806062221527,77.412325,77.412325,77.412325,22.997701256742484,22.997701256742484,22.997701256742484,205.0,41.0,246.0
004007,train,117.59310150146484,12.25747013092041,0.10423630475997925,117.5931,117.5931,117.5931,12.257470472736209,12.257470472736209,12.257470472736209,150.0,90.0,240.0
004008,train,121.5447006225586,9.902914047241211,0.08147548884153366,121.5447,121.5447,121.5447,9.9029138090766,9.9029138090766,9.9029138090766,152.0,93.0,245.0
004009,train,116.84175109863281,14.856796264648438,0.12715314328670502,116.84175,116.84175,116.84175,14.856796658011444,14.856796658011444,14.856796658011444,174.0,81.0,255.0
004010,train,98.42877197265625,18.876136779785156,0.19177457690238953,98.428775,98.428775,98.428775,18.876136442592667,18.876136442592667,18.876136442592667,190.0,65.0,255.0
004011,train,114.24144744873047,11.433608055114746,0.10008283704519272,114.24145,114.24145,114.24145,11.4336084373001,11.4336084373001,11.4336084373001,177.0,78.0,255.0
004012,train,97.55590057373047,12.010608673095703,0.12311514467000961,97.5559,97.5559,97.5559,12.010608860086984,12.010608860086984,12.010608860086984,180.0,68.0,248.0
004015,train,76.59232330322266,16.476171493530273,0.21511517465114594,76.592325,76.592325,76.592325,16.4761714634916,16.4761714634916,16.4761714634916,121.0,55.0,176.0
004013,train,86.04105377197266,12.454920768737793,0.144755557179451,86.04105,86.04105,86.04105,12.454921312376888,12.454921312376888,12.454921312376888,61.0,58.0,119.0
004016,train,78.39659881591797,26.102407455444336,0.3329533040523529,78.3966,78.3966,78.3966,26.102407138806182,26.102407138806182,26.102407138806182,160.0,43.0,203.0
004014,train,95.24707794189453,21.914031982421875,0.2300756424665451,95.247075,95.247075,95.247075,21.914031553878328,21.914031553878328,21.914031553878328,138.0,59.0,197.0
004017,train,64.80650329589844,20.73069953918457,0.31988608837127686,64.8065,64.8065,64.8065,20.730699644488606,20.730699644488606,20.730699644488606,123.0,39.0,162.0
004018,train,80.724853515625,22.342605590820312,0.2767747938632965,80.72485,80.72485,80.72485,22.342604872250238,22.342604872250238,22.342604872250238,115.0,47.0,162.0
004019,train,57.07987594604492,16.163415908813477,0.2831718921661377,57.079875,57.079875,57.079875,16.163416872195526,16.163416872195526,16.163416872195526,97.0,34.0,131.0
004021,train,85.74745178222656,29.093345642089844,0.3392910957336426,85.74745,85.74745,85.74745,29.093345776955594,29.093345776955594,29.093345776955594,166.0,46.0,212.0
004020,train,121.09684753417969,21.164127349853516,0.1747702658176422,121.09685,121.09685,121.09685,21.16412814357114,21.16412814357114,21.16412814357114,159.0,76.0,235.0
004022,train,102.79315185546875,14.567865371704102,0.14172019064426422,102.79315,102.79315,102.79315,14.56786576947701,14.56786576947701,14.56786576947701,128.0,72.0,200.0
004023,train,113.22779846191406,9.903555870056152,0.08746576309204102,113.2278,113.2278,113.2278,9.903555278787511,9.903555278787511,9.903555278787511,63.0,83.0,146.0
004024,train,114.59294891357422,10.278488159179688,0.08969563990831375,114.59295,114.59295,114.59295,10.278487743705297,10.278487743705297,10.278487743705297,75.0,78.0,153.0
004026,train,77.0999755859375,24.592422485351562,0.3189679682254791,77.099975,77.099975,77.099975,24.592423223411213,24.592423223411213,24.592423223411213,164.0,49.0,213.0
004027,train,89.4802474975586,23.813995361328125,0.26613688468933105,89.48025,89.48025,89.48025,23.81399504361878,23.81399504361878,23.81399504361878,185.0,55.0,240.0
004025,train,109.64097595214844,23.159164428710938,0.21122726798057556,109.640975,109.640975,109.640975,23.159165055100218,23.159165055100218,23.159165055100218,163.0,72.0,235.0
004030,train,96.5198745727539,27.201576232910156,0.2818235754966736,96.519875,96.519875,96.519875,27.20157541364792,27.20157541364792,27.20157541364792,133.0,58.0,191.0
004028,train,96.43782806396484,26.038881301879883,0.27000692486763,96.437825,96.437825,96.437825,26.038881202336153,26.038881202336153,26.038881202336153,158.0,58.0,216.0
004032,train,94.07914733886719,15.20140266418457,0.16158099472522736,94.07915,94.07915,94.07915,15.201402411537561,15.201402411537561,15.201402411537561,188.0,46.0,234.0
004031,train,100.11507415771484,14.017770767211914,0.1400165855884552,100.115075,100.115075,100.115075,14.01777024866562,14.01777024866562,14.01777024866562,159.0,54.0,213.0
004033,train,102.62787628173828,14.362726211547852,0.13994956016540527,102.627875,102.627875,102.627875,14.36272599419675,14.36272599419675,14.36272599419675,144.0,68.0,212.0
004029,train,91.04757690429688,18.190881729125977,0.19979533553123474,91.047575,91.047575,91.047575,18.190882650915402,18.190882650915402,18.190882650915402,131.0,58.0,189.0
004034,train,94.66752624511719,15.934358596801758,0.16831916570663452,94.667525,94.667525,94.667525,15.934358643333436,15.934358643333436,15.934358643333436,189.0,66.0,255.0
004035,train,80.82422637939453,14.771015167236328,0.18275479972362518,80.824225,80.824225,80.824225,14.771014797547764,14.771014797547764,14.771014797547764,129.0,52.0,181.0
004036,train,101.38804626464844,17.05745506286621,0.1682393103837967,101.38805,101.38805,101.38805,17.057454886280663,17.057454886280663,17.057454886280663,164.0,61.0,225.0
004039,train,101.82060241699219,27.068912506103516,0.2658490836620331,101.8206,101.8206,101.8206,27.06891419396057,27.06891419396057,27.06891419396057,190.0,65.0,255.0
004038,train,87.9343490600586,26.462879180908203,0.30093905329704285,87.93435,87.93435,87.93435,26.46287947441661,26.46287947441661,26.46287947441661,175.0,53.0,228.0
004041,train,95.51647186279297,13.670324325561523,0.14312006533145905,95.516475,95.516475,95.516475,13.670324742827985,13.670324742827985,13.670324742827985,146.0,62.0,208.0
004037,train,88.67745208740234,27.38697624206543,0.3088380992412567,88.67745,88.67745,88.67745,27.386976129129334,27.386976129129334,27.386976129129334,206.0,49.0,255.0
004042,train,100.9977035522461,17.665189743041992,0.17490684986114502,100.9977,100.9977,100.9977,17.665190197391027,17.665190197391027,17.665190197391027,141.0,61.0,202.0
004040,train,74.82937622070312,21.684417724609375,0.28978481888771057,74.829375,74.829375,74.829375,21.68441749527469,21.68441749527469,21.68441749527469,156.0,46.0,202.0
004046,train,88.02217864990234,16.245372772216797,0.18456000089645386,88.022175,88.022175,88.022175,16.245372672529708,16.245372672529708,16.245372672529708,134.0,53.0,187.0
004043,train,113.395751953125,19.594594955444336,0.17279832065105438,113.39575,113.39575,113.39575,19.59459445708178,19.59459445708178,19.59459445708178,182.0,73.0,255.0
004044,train,119.80159759521484,16.032472610473633,0.13382519781589508,119.8016,119.8016,119.8016,16.032471345366567,16.032471345366567,16.032471345366567,170.0,76.0,246.0
004048,train,78.31307220458984,14.43250560760498,0.18429242074489594,78.313075,78.313075,78.313075,14.432505293412335,14.432505293412335,14.432505293412335,87.0,33.0,120.0
004045,train,112.78620147705078,18.207931518554688,0.16143758594989777,112.7862,112.7862,112.7862,18.207932050620133,18.207932050620133,18.207932050620133,186.0,67.0,253.0
004047,train,82.07659912109375,15.094522476196289,0.18390774726867676,82.0766,82.0766,82.0766,15.094523259778695,15.094523259778695,15.094523259778695,106.0,45.0,151.0
004049,train,86.44090270996094,21.905536651611328,0.2534163296222687,86.4409,86.4409,86.4409,21.905537135391132,21.905537135391132,21.905537135391132,108.0,32.0,140.0
004050,train,86.19022369384766,24.07400131225586,0.2793124318122864,86.190225,86.190225,86.190225,24.07400027933403,24.07400027933403,24.07400027933403,178.0,44.0,222.0
004051,train,87.93707275390625,19.016183853149414,0.21624763309955597,87.937075,87.937075,87.937075,19.01618430296612,19.01618430296612,19.01618430296612,198.0,41.0,239.0
004052,train,98.16422271728516,16.54126739501953,0.16850607097148895,98.164225,98.164225,98.164225,16.541268244889054,16.541268244889054,16.541268244889054,69.0,66.0,135.0
004053,train,122.86347198486328,19.397668838500977,0.15787987411022186,122.863475,122.863475,122.863475,19.397669600350838,19.397669600350838,19.397669600350838,174.0,67.0,241.0
004054,train,123.36992645263672,20.938276290893555,0.16971945762634277,123.369925,123.369925,123.369925,20.938276683967448,20.938276683967448,20.938276683967448,177.0,78.0,255.0
004057,train,217.08290100097656,18.62533950805664,0.08579827845096588,217.0829,217.0829,217.0829,18.62533832149097,18.62533832149097,18.62533832149097,93.0,162.0,255.0
004055,train,76.91230010986328,10.951457023620605,0.14238889515399933,76.9123,76.9123,76.9123,10.95145692179812,10.95145692179812,10.95145692179812,54.0,52.0,106.0
004056,train,94.33245086669922,9.006817817687988,0.09547952562570572,94.33245,94.33245,94.33245,9.006818361524784,9.006818361524784,9.006818361524784,73.0,52.0,125.0
004058,train,140.8931427001953,16.145578384399414,0.11459449678659439,140.89315,140.89315,140.89315,16.145579366424112,16.145579366424112,16.145579366424112,111.0,81.0,192.0
004060,train,136.663330078125,15.476624488830566,0.1132463589310646,136.663325,136.663325,136.663325,15.476625114810238,15.476625114810238,15.476625114810238,164.0,87.0,251.0
004062,train,107.34020233154297,25.115093231201172,0.2339765727519989,107.3402,107.3402,107.3402,25.11509235420009,25.11509235420009,25.11509235420009,191.0,64.0,255.0
004059,train,143.52027893066406,19.5549373626709,0.13625209033489227,143.520275,143.520275,143.520275,19.554936433657232,19.554936433657232,19.554936433657232,167.0,86.0,253.0
004061,train,102.48055267333984,21.077119827270508,0.20566946268081665,102.48055,102.48055,102.48055,21.07711962525952,21.07711962525952,21.07711962525952,196.0,59.0,255.0
004063,train,101.04354858398438,22.080934524536133,0.2185288965702057,101.04355,101.04355,101.04355,22.08093416043579,22.08093416043579,22.08093416043579,189.0,66.0,255.0
004065,train,96.11724853515625,27.285837173461914,0.2838807702064514,96.11725,96.11725,96.11725,27.285837946405454,27.285837946405454,27.285837946405454,196.0,59.0,255.0
004064,train,91.74357604980469,21.888540267944336,0.23858390748500824,91.743575,91.743575,91.743575,21.888540865470567,21.888540865470567,21.888540865470567,198.0,56.0,254.0
004066,train,96.09239959716797,22.909502029418945,0.23841117322444916,96.0924,96.0924,96.0924,22.909501571182208,22.909501571182208,22.909501571182208,184.0,58.0,242.0
004067,train,89.20572662353516,20.982444763183594,0.23521409928798676,89.205725,89.205725,89.205725,20.982445096422268,20.982445096422268,20.982445096422268,195.0,60.0,255.0
004068,train,66.81722259521484,23.288219451904297,0.3485361933708191,66.817225,66.817225,66.817225,23.28822059109229,23.28822059109229,23.28822059109229,186.0,30.0,216.0
004070,train,97.7144775390625,23.747684478759766,0.24303138256072998,97.714475,97.714475,97.714475,23.747684107600367,23.747684107600367,23.747684107600367,207.0,48.0,255.0
004069,train,116.78477478027344,19.45244026184082,0.16656658053398132,116.784775,116.784775,116.784775,19.45244080313252,19.45244080313252,19.45244080313252,194.0,61.0,255.0
004071,train,93.7063217163086,14.864714622497559,0.1586308628320694,93.706325,93.706325,93.706325,14.864714258753008,14.864714258753008,14.864714258753008,173.0,65.0,238.0
004073,train,102.37474822998047,14.898043632507324,0.14552459120750427,102.37475,102.37475,102.37475,14.898043913128328,14.898043913128328,14.898043913128328,184.0,71.0,255.0
004072,train,101.04869842529297,11.660890579223633,0.11539871990680695,101.0487,101.0487,101.0487,11.660890974106566,11.660890974106566,11.660890974106566,167.0,73.0,240.0
004074,train,94.52367401123047,14.929484367370605,0.15794439613819122,94.523675,94.523675,94.523675,14.92948389912977,14.92948389912977,14.92948389912977,166.0,69.0,235.0
004077,train,115.91707611083984,10.659207344055176,0.09195545315742493,115.917075,115.917075,115.917075,10.659207214627878,10.659207214627878,10.659207214627878,150.0,84.0,234.0
004075,train,113.18577575683594,24.50356674194336,0.21648980677127838,113.185775,113.185775,113.185775,24.50356632511633,24.50356632511633,24.50356632511633,177.0,78.0,255.0
004079,train,122.01069641113281,11.081561088562012,0.09082450717687607,122.0107,122.0107,122.0107,11.081560608055165,11.081560608055165,11.081560608055165,164.0,91.0,255.0
004076,train,130.41189575195312,15.7802095413208,0.12100283801555634,130.4119,130.4119,130.4119,15.780208756223727,15.780208756223727,15.780208756223727,161.0,85.0,246.0
004078,train,114.62557220458984,9.797411918640137,0.08547317981719971,114.625575,114.625575,114.625575,9.797411950070028,9.797411950070028,9.797411950070028,116.0,78.0,194.0
004080,train,59.64139938354492,15.177939414978027,0.25448665022850037,59.6414,59.6414,59.6414,15.177939782460594,15.177939782460594,15.177939782460594,152.0,39.0,191.0
004082,train,76.05380249023438,17.798274993896484,0.23402215540409088,76.0538,76.0538,76.0538,17.798275353527934,17.798275353527934,17.798275353527934,156.0,47.0,203.0
004081,train,65.34449768066406,16.314979553222656,0.2496764063835144,65.3445,65.3445,65.3445,16.314981451108057,16.314981451108057,16.314981451108057,182.0,41.0,223.0
004083,train,93.77359771728516,15.180489540100098,0.16188447177410126,93.7736,93.7736,93.7736,15.18048889331302,15.18048889331302,15.18048889331302,180.0,66.0,246.0
004084,train,63.05172348022461,27.867782592773438,0.4419828951358795,63.051725,63.051725,63.051725,27.86778336223344,27.86778336223344,27.86778336223344,220.0,35.0,255.0
004086,train,116.06647491455078,13.300712585449219,0.11459564417600632,116.066475,116.066475,116.066475,13.300712615284002,13.300712615284002,13.300712615284002,171.0,79.0,250.0
004085,train,77.41017150878906,22.9849853515625,0.2969246208667755,77.410175,77.410175,77.410175,22.98498491340325,22.98498491340325,22.98498491340325,204.0,41.0,245.0
004087,train,117.59320068359375,12.248370170593262,0.10415882617235184,117.5932,117.5932,117.5932,12.248369840921688,12.248369840921688,12.248369840921688,151.0,90.0,241.0
004090,train,98.42774963378906,18.866731643676758,0.19168102741241455,98.42775,98.42775,98.42775,18.866732094814406,18.866732094814406,18.866732094814406,189.0,66.0,255.0
004088,train,121.54542541503906,9.892203330993652,0.08138688653707504,121.545425,121.545425,121.545425,9.892203322282402,9.892203322282402,9.892203322282402,151.0,92.0,243.0
004089,train,116.84245300292969,14.839998245239258,0.1270086169242859,116.84245,116.84245,116.84245,14.83999757403956,14.83999757403956,14.83999757403956,173.0,82.0,255.0
004091,train,114.24099731445312,11.438823699951172,0.10012888163328171,114.241,114.241,114.241,11.438822885244791,11.438822885244791,11.438822885244791,177.0,78.0,255.0
004093,train,86.04327392578125,12.448506355285645,0.1446772813796997,86.043275,86.043275,86.043275,12.448506025799842,12.448506025799842,12.448506025799842,62.0,58.0,120.0
004092,train,97.55612182617188,12.002460479736328,0.12303134053945541,97.556125,97.556125,97.556125,12.002460163832039,12.002460163832039,12.002460163832039,179.0,68.0,247.0
004095,train,76.59134674072266,16.474151611328125,0.2150915563106537,76.59135,76.59135,76.59135,16.47415112160563,16.47415112160563,16.47415112160563,122.0,55.0,177.0
004094,train,95.25007629394531,21.91405487060547,0.230068638920784,95.250075,95.250075,95.250075,21.91405456537824,21.91405456537824,21.91405456537824,136.0,59.0,195.0
004096,train,78.39855194091797,26.108139038085938,0.33301812410354614,78.39855,78.39855,78.39855,26.108137771535908,26.108137771535908,26.108137771535908,159.0,43.0,202.0
004097,train,64.80377197265625,20.726778030395508,0.3198390603065491,64.803775,64.803775,64.803775,20.72677907320322,20.72677907320322,20.72677907320322,123.0,39.0,162.0
004099,train,57.07624816894531,16.172718048095703,0.2833528518676758,57.07625,57.07625,57.07625,16.172718878948587,16.172718878948587,16.172718878948587,96.0,34.0,130.0
004103,train,113.22989654541016,9.898660659790039,0.08742091059684753,113.2299,113.2299,113.2299,9.898661323128497,9.898661323128497,9.898661323128497,64.0,83.0,147.0
004098,train,80.72947692871094,22.333627700805664,0.27664774656295776,80.729475,80.729475,80.729475,22.333629154805426,22.333629154805426,22.333629154805426,116.0,47.0,163.0
004100,train,121.09709930419922,21.155210494995117,0.17469626665115356,121.0971,121.0971,121.0971,21.155211452263956,21.155211452263956,21.155211452263956,160.0,76.0,236.0
004101,train,85.75025177001953,29.088834762573242,0.3392274081707001,85.75025,85.75025,85.75025,29.08883419694746,29.08883419694746,29.08883419694746,167.0,46.0,213.0
004102,train,102.79340362548828,14.567062377929688,0.1417120397090912,102.7934,102.7934,102.7934,14.567062725203046,14.567062725203046,14.567062725203046,127.0,72.0,199.0
004104,train,114.5958251953125,10.271821022033691,0.0896352082490921,114.595825,114.595825,114.595825,10.271821531226825,10.271821531226825,10.271821531226825,73.0,78.0,151.0
004105,train,109.64154815673828,23.164094924926758,0.21127113699913025,109.64155,109.64155,109.64155,23.16409427535426,23.16409427535426,23.16409427535426,162.0,72.0,234.0
004108,train,96.43577575683594,26.04026985168457,0.2700270712375641,96.435775,96.435775,96.435775,26.040270258762195,26.040270258762195,26.040270258762195,154.0,57.0,211.0
004107,train,89.48152160644531,23.811145782470703,0.26610127091407776,89.481525,89.481525,89.481525,23.81114568168392,23.81114568168392,23.81114568168392,183.0,55.0,238.0
004109,train,91.04879760742188,18.187360763549805,0.19975398480892181,91.0488,91.0488,91.0488,18.187361506276826,18.187361506276826,18.187361506276826,129.0,59.0,188.0
004110,train,96.5187759399414,27.198688507080078,0.2817968726158142,96.518775,96.518775,96.518775,27.198687422362408,27.198687422362408,27.198687422362408,133.0,59.0,192.0
004106,train,77.10269927978516,24.59402847290039,0.3189775347709656,77.1027,77.1027,77.1027,24.594027785419776,24.594027785419776,24.594027785419776,159.0,50.0,209.0
004112,train,94.07967376708984,15.21596622467041,0.16173489391803741,94.079675,94.079675,94.079675,15.215966183400088,15.215966183400088,15.215966183400088,189.0,46.0,235.0
004111,train,100.11722564697266,14.031561851501465,0.14015132188796997,100.117225,100.117225,100.117225,14.031562040605992,14.031562040605992,14.031562040605992,163.0,56.0,219.0
004113,train,102.62535095214844,14.368946075439453,0.14001360535621643,102.62535,102.62535,102.62535,14.368945242344685,14.368945242344685,14.368945242344685,145.0,69.0,214.0
004114,train,94.66705322265625,15.93995475769043,0.16837911307811737,94.66705,94.66705,94.66705,15.939954337999215,15.939954337999215,15.939954337999215,191.0,63.0,254.0
004115,train,80.82577514648438,14.772586822509766,0.1827707439661026,80.825775,80.825775,80.825775,14.772586796136112,14.772586796136112,14.772586796136112,128.0,52.0,180.0
004116,train,101.38512420654297,17.057750701904297,0.1682470738887787,101.385125,101.385125,101.385125,17.05775054731353,17.05775054731353,17.05775054731353,161.0,61.0,222.0
004117,train,88.67632293701172,27.394779205322266,0.30893003940582275,88.676325,88.676325,88.676325,27.394778872886985,27.394778872886985,27.394778872886985,205.0,50.0,255.0
004118,train,87.93644714355469,26.466632843017578,0.3009745478630066,87.93645,87.93645,87.93645,26.466632037293675,26.466632037293675,26.466632037293675,174.0,53.0,227.0
004120,train,74.82935333251953,21.684946060180664,0.2897919714450836,74.82935,74.82935,74.82935,21.684945897499954,21.684945897499954,21.684945897499954,156.0,46.0,202.0
004119,train,101.82140350341797,27.060026168823242,0.2657597064971924,101.8214,101.8214,101.8214,27.060025906122117,27.060025906122117,27.060025906122117,190.0,65.0,255.0
004121,train,95.51730346679688,13.676547050476074,0.14318397641181946,95.5173,95.5173,95.5173,13.676547470396175,13.676547470396175,13.676547470396175,149.0,62.0,211.0
004124,train,119.80282592773438,16.033029556274414,0.13382847607135773,119.802825,119.802825,119.802825,16.033028317176235,16.033028317176235,16.033028317176235,165.0,77.0,242.0
004123,train,113.39344787597656,19.593704223632812,0.17279396951198578,113.39345,113.39345,113.39345,19.593702996052073,19.593702996052073,19.593702996052073,182.0,73.0,255.0
004122,train,100.99702453613281,17.668046951293945,0.17493630945682526,100.997025,100.997025,100.997025,17.668047887341007,17.668047887341007,17.668047887341007,140.0,62.0,202.0
004126,train,88.02157592773438,16.24839973449707,0.18459564447402954,88.021575,88.021575,88.021575,16.2484002141557,16.2484002141557,16.2484002141557,131.0,56.0,187.0
004125,train,112.78632354736328,18.19962501525879,0.16136375069618225,112.786325,112.786325,112.786325,18.199625490497738,18.199625490497738,18.199625490497738,186.0,67.0,253.0
004128,train,78.31394958496094,14.431700706481934,0.18428008258342743,78.31395,78.31395,78.31395,14.431700710501863,14.431700710501863,14.431700710501863,90.0,32.0,122.0
004127,train,82.07845306396484,15.094480514526367,0.18390308320522308,82.07845,82.07845,82.07845,15.094480633579282,15.094480633579282,15.094480633579282,100.0,46.0,146.0
004129,train,86.44114685058594,21.903335571289062,0.2533901631832123,86.44115,86.44115,86.44115,21.90333505833073,21.90333505833073,21.90333505833073,108.0,32.0,140.0
004130,train,86.18602752685547,24.07485008239746,0.2793358862400055,86.186025,86.186025,86.186025,24.07485035673898,24.07485035673898,24.07485035673898,178.0,45.0,223.0
004134,train,123.3729248046875,20.932861328125,0.169671431183815,123.372925,123.372925,123.372925,20.932861771491613,20.932861771491613,20.932861771491613,178.0,77.0,255.0
004132,train,98.16242218017578,16.533855438232422,0.16843365132808685,98.162425,98.162425,98.162425,16.53385445440279,16.53385445440279,16.53385445440279,67.0,68.0,135.0
004133,train,122.86577606201172,19.384323120117188,0.15776829421520233,122.865775,122.865775,122.865775,19.384322496527318,19.384322496527318,19.384322496527318,176.0,66.0,242.0
004131,train,87.93904876708984,19.019142150878906,0.2162764072418213,87.93905,87.93905,87.93905,19.01914128181133,19.01914128181133,19.01914128181133,198.0,41.0,239.0
004135,train,76.91162872314453,10.951504707336426,0.14239075779914856,76.911625,76.911625,76.911625,10.951505141275103,10.951505141275103,10.951505141275103,54.0,52.0,106.0
004136,train,94.3333511352539,9.001204490661621,0.09541910886764526,94.33335,94.33335,94.33335,9.001204240405835,9.001204240405835,9.001204240405835,72.0,52.0,124.0
004137,train,217.08624267578125,18.61962890625,0.08577065169811249,217.08625,217.08625,217.08625,18.61962972074096,18.61962972074096,18.61962972074096,93.0,162.0,255.0
004138,train,140.89321899414062,16.14413070678711,0.11458415538072586,140.893225,140.893225,140.893225,16.144129710188004,16.144129710188004,16.144129710188004,112.0,81.0,193.0
004139,train,143.5215301513672,19.57242774963379,0.13637275993824005,143.521525,143.521525,143.521525,19.572427970856733,19.572427970856733,19.572427970856733,163.0,87.0,250.0
004140,train,136.66368103027344,15.479698181152344,0.11326856166124344,136.663675,136.663675,136.663675,15.479698333442258,15.479698333442258,15.479698333442258,164.0,88.0,252.0
004141,train,102.47730255126953,21.084529876708984,0.2057482898235321,102.4773,102.4773,102.4773,21.084530696935136,21.084530696935136,21.084530696935136,197.0,58.0,255.0
004142,train,107.34110260009766,25.118871688842773,0.23400981724262238,107.3411,107.3411,107.3411,25.118872402836878,25.118872402836878,25.118872402836878,191.0,64.0,255.0
004143,train,101.04412841796875,22.083890914916992,0.21855689585208893,101.044125,101.044125,101.044125,22.08388955742115,22.08388955742115,22.08388955742115,188.0,67.0,255.0
004144,train,91.74410247802734,21.897350311279297,0.23867855966091156,91.7441,91.7441,91.7441,21.89735178486202,21.89735178486202,21.89735178486202,199.0,56.0,255.0
004145,train,96.12212371826172,27.292932510375977,0.2839401662349701,96.122125,96.122125,96.122125,27.292933343346863,27.292933343346863,27.292933343346863,195.0,60.0,255.0
004146,train,96.09187316894531,22.915224075317383,0.23847202956676483,96.091875,96.091875,96.091875,22.91522384757293,22.91522384757293,22.91522384757293,183.0,58.0,241.0
004149,train,116.78375244140625,19.46573257446289,0.16668185591697693,116.78375,116.78375,116.78375,19.465732350402334,19.465732350402334,19.465732350402334,193.0,62.0,255.0
004147,train,89.20110321044922,20.98545265197754,0.235260009765625,89.2011,89.2011,89.2011,20.985452313209738,20.985452313209738,20.985452313209738,195.0,60.0,255.0
004151,train,124.66155242919922,39.44829177856445,0.3164431154727936,124.66155,124.66155,124.66155,39.44829212523022,39.44829212523022,39.44829212523022,255.0,0.0,255.0
004148,train,66.81504821777344,23.283466339111328,0.348476380109787,66.81505,66.81505,66.81505,23.28346502343455,23.28346502343455,23.28346502343455,188.0,30.0,218.0
004150,train,97.71324920654297,23.75455093383789,0.2431047111749649,97.71325,97.71325,97.71325,23.75455165726139,23.75455165726139,23.75455165726139,206.0,49.0,255.0
004152,train,187.46412658691406,62.320960998535156,0.3324420750141144,187.464125,187.464125,187.464125,62.32096286952228,62.32096286952228,62.32096286952228,237.0,18.0,255.0
004154,train,155.3272705078125,43.710227966308594,0.28140729665756226,155.327275,155.327275,155.327275,43.71022781997796,43.71022781997796,43.71022781997796,221.0,34.0,255.0
004153,train,173.32620239257812,58.713069915771484,0.3387431800365448,173.3262,173.3262,173.3262,58.71306833712576,58.71306833712576,58.71306833712576,234.0,21.0,255.0
004156,train,169.82138061523438,62.7091064453125,0.369265079498291,169.821375,169.821375,169.821375,62.70910634117963,62.70910634117963,62.70910634117963,227.0,28.0,255.0
004157,train,129.76324462890625,38.43144989013672,0.29616591334342957,129.76325,129.76325,129.76325,38.431448052831676,38.431448052831676,38.431448052831676,226.0,29.0,255.0
004155,train,128.1311798095703,46.50349807739258,0.3629366159439087,128.131175,128.131175,128.131175,46.50349683754303,46.50349683754303,46.50349683754303,232.0,23.0,255.0
004158,train,126.39582824707031,39.2589225769043,0.31060299277305603,126.395825,126.395825,126.395825,39.25892252175771,39.25892252175771,39.25892252175771,237.0,18.0,255.0
004159,train,138.613525390625,49.947696685791016,0.3603378236293793,138.613525,138.613525,138.613525,49.947695763412106,49.947695763412106,49.947695763412106,241.0,14.0,255.0
004160,train,144.0798797607422,32.063289642333984,0.2225382924079895,144.079875,144.079875,144.079875,32.06328889843297,32.06328889843297,32.06328889843297,223.0,32.0,255.0
004161,train,116.95072174072266,43.94735336303711,0.3757766783237457,116.950725,116.950725,116.950725,43.94735369705865,43.94735369705865,43.94735369705865,235.0,20.0,255.0
004162,train,131.5812225341797,47.60909652709961,0.36182287335395813,131.581225,131.581225,131.581225,47.609097896298934,47.609097896298934,47.609097896298934,241.0,14.0,255.0
004164,train,123.57119750976562,35.400691986083984,0.2864801287651062,123.5712,123.5712,123.5712,35.400689690456595,35.400689690456595,35.400689690456595,229.0,19.0,248.0
004163,train,124.56297302246094,46.11786651611328,0.3702373504638672,124.562975,124.562975,124.562975,46.1178645879162,46.1178645879162,46.1178645879162,255.0,0.0,255.0
004165,train,119.69619750976562,41.18971252441406,0.34411880373954773,119.6962,119.6962,119.6962,41.18971176835303,41.18971176835303,41.18971176835303,236.0,19.0,255.0
004166,train,129.80313110351562,49.69282150268555,0.38283222913742065,129.803125,129.803125,129.803125,49.6928190509894,49.6928190509894,49.6928190509894,232.0,23.0,255.0
004169,train,125.31234741210938,54.59404373168945,0.43566372990608215,125.31235,125.31235,125.31235,54.594042142687144,54.594042142687144,54.594042142687144,228.0,27.0,255.0
004167,train,131.9759063720703,54.00088882446289,0.40917232632637024,131.9759,131.9759,131.9759,54.000888133344624,54.000888133344624,54.000888133344624,239.0,16.0,255.0
004168,train,130.7396697998047,41.83885192871094,0.3200165033340454,130.739675,130.739675,130.739675,41.83885342471009,41.83885342471009,41.83885342471009,239.0,16.0,255.0
004172,train,168.71713256835938,46.000511169433594,0.27264872193336487,168.717125,168.717125,168.717125,46.00051365728838,46.00051365728838,46.00051365728838,228.0,27.0,255.0
004171,train,171.8656768798828,47.07220458984375,0.2738895118236542,171.865675,171.865675,171.865675,47.07220445012508,47.07220445012508,47.07220445012508,238.0,17.0,255.0
004170,train,96.6719970703125,38.522857666015625,0.3984903395175934,96.672,96.672,96.672,38.522858357084566,38.522858357084566,38.522858357084566,239.0,4.0,243.0
004175,train,153.20750427246094,59.81235885620117,0.3904009759426117,153.2075,153.2075,153.2075,59.81235987444401,59.81235987444401,59.81235987444401,249.0,6.0,255.0
004174,train,114.24817657470703,41.48552703857422,0.36311763525009155,114.248175,114.248175,114.248175,41.48552379046666,41.48552379046666,41.48552379046666,225.0,30.0,255.0
004177,train,105.43047332763672,49.567909240722656,0.47014784812927246,105.430475,105.430475,105.430475,49.5679121637615,49.5679121637615,49.5679121637615,255.0,0.0,255.0
004173,train,135.7654266357422,44.06059646606445,0.32453474402427673,135.765425,135.765425,135.765425,44.06059690436995,44.06059690436995,44.06059690436995,237.0,18.0,255.0
004176,train,134.0269775390625,39.96663284301758,0.2981984317302704,134.026975,134.026975,134.026975,39.96663292484588,39.96663292484588,39.96663292484588,225.0,30.0,255.0
004178,train,125.93109893798828,49.77951431274414,0.39529165625572205,125.9311,125.9311,125.9311,49.7795118777796,49.7795118777796,49.7795118777796,231.0,24.0,255.0
004179,train,115.37840270996094,46.6254997253418,0.4041094183921814,115.3784,115.3784,115.3784,46.62549799669704,46.62549799669704,46.62549799669704,252.0,3.0,255.0
004180,train,159.27459716796875,45.47209930419922,0.28549498319625854,159.2746,159.2746,159.2746,45.472101280235556,45.472101280235556,45.472101280235556,238.0,17.0,255.0
004181,train,126.919677734375,48.75898742675781,0.3841720223426819,126.919675,126.919675,126.919675,48.758988124184604,48.758988124184604,48.758988124184604,239.0,16.0,255.0
004182,train,166.74424743652344,59.60729217529297,0.3574773669242859,166.74425,166.74425,166.74425,59.60728975500816,59.60728975500816,59.60728975500816,231.0,24.0,255.0
004183,train,138.40753173828125,45.4344367980957,0.32826563715934753,138.407525,138.407525,138.407525,45.43443736170148,45.43443736170148,45.43443736170148,227.0,28.0,255.0
004184,train,177.82235717773438,49.82855224609375,0.2802153527736664,177.82235,177.82235,177.82235,49.82855145875204,49.82855145875204,49.82855145875204,220.0,35.0,255.0
004185,train,158.4689178466797,55.61470413208008,0.3509502410888672,158.468925,158.468925,158.468925,55.614702501626084,55.614702501626084,55.614702501626084,236.0,19.0,255.0
004187,train,158.30154418945312,55.435977935791016,0.35019227862358093,158.30155,158.30155,158.30155,55.43597899917977,55.43597899917977,55.43597899917977,248.0,7.0,255.0
004186,train,153.47384643554688,46.73988342285156,0.3045462369918823,153.47385,153.47385,153.47385,46.73988624480702,46.73988624480702,46.73988624480702,240.0,15.0,255.0
004189,train,178.84371948242188,63.26066207885742,0.3537203371524811,178.843725,178.843725,178.843725,63.260658810388435,63.260658810388435,63.260658810388435,224.0,31.0,255.0
004190,train,137.46670532226562,51.00087356567383,0.37100526690483093,137.4667,137.4667,137.4667,51.000874905338634,51.000874905338634,51.000874905338634,230.0,25.0,255.0
004188,train,161.5011444091797,48.9953498840332,0.30337461829185486,161.50115,161.50115,161.50115,48.99534874534011,48.99534874534011,48.99534874534011,219.0,36.0,255.0
004191,train,132.07443237304688,42.59349060058594,0.32249611616134644,132.074425,132.074425,132.074425,42.59349229541263,42.59349229541263,42.59349229541263,255.0,0.0,255.0
004192,train,127.3197250366211,50.3841667175293,0.3957294523715973,127.319725,127.319725,127.319725,50.38416567657318,50.38416567657318,50.38416567657318,237.0,18.0,255.0
004195,train,161.11431884765625,49.39598083496094,0.30658963322639465,161.114325,161.114325,161.114325,49.39597862978702,49.39597862978702,49.39597862978702,225.0,30.0,255.0
004194,train,147.36062622070312,47.09855270385742,0.3196142315864563,147.360625,147.360625,147.360625,47.09855384838663,47.09855384838663,47.09855384838663,220.0,35.0,255.0
004193,train,152.03842163085938,59.00397491455078,0.3880859613418579,152.038425,152.038425,152.038425,59.00397612465939,59.00397612465939,59.00397612465939,232.0,23.0,255.0
004198,train,141.7992706298828,46.76742172241211,0.32981425523757935,141.799275,141.799275,141.799275,46.76741851411488,46.76741851411488,46.76741851411488,223.0,32.0,255.0
004196,train,138.99505615234375,59.144771575927734,0.42551708221435547,138.99505,138.99505,138.99505,59.14476921501596,59.14476921501596,59.14476921501596,234.0,21.0,255.0
004197,train,129.36508178710938,51.32135009765625,0.3967171907424927,129.365075,129.365075,129.365075,51.32135126089701,51.32135126089701,51.32135126089701,239.0,16.0,255.0
004199,train,99.08744812011719,44.77568435668945,0.45188048481941223,99.08745,99.08745,99.08745,44.77568260225075,44.77568260225075,44.77568260225075,248.0,7.0,255.0
004202,train,59.74319839477539,28.847476959228516,0.48285791277885437,59.7432,59.7432,59.7432,28.84747655792444,28.84747655792444,28.84747655792444,191.0,3.0,194.0
004200,train,118.27342224121094,52.31378173828125,0.44231224060058594,118.273425,118.273425,118.273425,52.31378273236772,52.31378273236772,52.31378273236772,245.0,10.0,255.0
004201,train,114.90607452392578,53.8460807800293,0.4686095118522644,114.906075,114.906075,114.906075,53.84607834461462,53.84607834461462,53.84607834461462,225.0,30.0,255.0
004203,train,78.97127532958984,27.25827407836914,0.345166951417923,78.971275,78.971275,78.971275,27.258273970931743,27.258273970931743,27.258273970931743,218.0,33.0,251.0
004205,train,124.69292449951172,50.8563346862793,0.4078526198863983,124.692925,124.692925,124.692925,50.85633421653959,50.85633421653959,50.85633421653959,237.0,18.0,255.0
004204,train,54.6358757019043,31.347850799560547,0.5737594366073608,54.635875,54.635875,54.635875,31.347851409376926,31.347851409376926,31.347851409376926,255.0,0.0,255.0
004207,train,122.9197769165039,55.99728775024414,0.455559641122818,122.919775,122.919775,122.919775,55.997287335632386,55.997287335632386,55.997287335632386,237.0,18.0,255.0
004206,train,83.98870086669922,44.31879806518555,0.5276757478713989,83.9887,83.9887,83.9887,44.31880156671659,44.31880156671659,44.31880156671659,255.0,0.0,255.0
004209,train,124.46089935302734,55.477569580078125,0.44574296474456787,124.4609,124.4609,124.4609,55.47756998274168,55.47756998274168,55.47756998274168,239.0,16.0,255.0
004211,train,85.96517181396484,45.60147476196289,0.5304645299911499,85.965175,85.965175,85.965175,45.60147653551774,45.60147653551774,45.60147653551774,251.0,4.0,255.0
004210,train,78.15284729003906,42.914031982421875,0.549103856086731,78.15285,78.15285,78.15285,42.914033099645856,42.914033099645856,42.914033099645856,252.0,0.0,252.0
004208,train,112.15972137451172,52.95735168457031,0.4721601605415344,112.159725,112.159725,112.159725,52.95735088658019,52.95735088658019,52.95735088658019,231.0,24.0,255.0
004213,train,86.4780502319336,47.1968994140625,0.5457673668861389,86.47805,86.47805,86.47805,47.1969005147319,47.1969005147319,47.1969005147319,255.0,0.0,255.0
004212,train,77.3572998046875,31.558839797973633,0.40796202421188354,77.3573,77.3573,77.3573,31.55883848797354,31.55883848797354,31.55883848797354,255.0,0.0,255.0
004214,train,112.95052337646484,55.555259704589844,0.49185481667518616,112.950525,112.950525,112.950525,55.55525967200923,55.55525967200923,55.55525967200923,245.0,10.0,255.0
004215,train,84.37317657470703,40.33053207397461,0.47800183296203613,84.373175,84.373175,84.373175,40.33053204979293,40.33053204979293,40.33053204979293,251.0,4.0,255.0
004216,train,50.395599365234375,24.184829711914062,0.47989964485168457,50.3956,50.3956,50.3956,24.184828935512446,24.184828935512446,24.184828935512446,255.0,0.0,255.0
004218,train,58.33552551269531,22.557798385620117,0.38669058680534363,58.335525,58.335525,58.335525,22.55779904987131,22.55779904987131,22.55779904987131,169.0,0.0,169.0
004217,train,104.61894989013672,50.944236755371094,0.4869503676891327,104.61895,104.61895,104.61895,50.944236679898346,50.944236679898346,50.944236679898346,229.0,26.0,255.0
004219,train,83.13772583007812,37.58627700805664,0.45209652185440063,83.137725,83.137725,83.137725,37.58627551147327,37.58627551147327,37.58627551147327,226.0,29.0,255.0
004220,train,75.63939666748047,30.923311233520508,0.40882545709609985,75.6394,75.6394,75.6394,30.92331268864964,30.92331268864964,30.92331268864964,197.0,16.0,213.0
004222,train,95.53057861328125,38.68642807006836,0.40496382117271423,95.530575,95.530575,95.530575,38.6864299873919,38.6864299873919,38.6864299873919,227.0,28.0,255.0
004223,train,112.49707794189453,58.37339782714844,0.5188881158828735,112.497075,112.497075,112.497075,58.37339926237271,58.37339926237271,58.37339926237271,230.0,25.0,255.0
004221,train,113.60164642333984,50.586551666259766,0.4452976882457733,113.60165,113.60165,113.60165,50.58655223750182,50.58655223750182,50.58655223750182,235.0,20.0,255.0
004226,train,62.01694869995117,34.52431106567383,0.5566915273666382,62.01695,62.01695,62.01695,34.52431045940671,34.52431045940671,34.52431045940671,227.0,0.0,227.0
004224,train,126.19457244873047,50.44361877441406,0.3997288942337036,126.194575,126.194575,126.194575,50.443619671563766,50.443619671563766,50.443619671563766,241.0,14.0,255.0
004227,train,118.89569854736328,55.07252502441406,0.46320030093193054,118.8957,118.8957,118.8957,55.07252737536203,55.07252737536203,55.07252737536203,236.0,19.0,255.0
004225,train,110.72889709472656,39.48856735229492,0.3566238582134247,110.7289,110.7289,110.7289,39.48856676039281,39.48856676039281,39.48856676039281,223.0,32.0,255.0
004228,train,142.60910034179688,60.3818244934082,0.4234079420566559,142.6091,142.6091,142.6091,60.38182547083186,60.38182547083186,60.38182547083186,233.0,22.0,255.0
004230,train,38.939151763916016,18.388545989990234,0.4722379744052887,38.93915,38.93915,38.93915,18.388546633094744,18.388546633094744,18.388546633094744,127.0,0.0,127.0
004231,train,124.63725280761719,39.33867645263672,0.3156253397464752,124.63725,124.63725,124.63725,39.33867641949205,39.33867641949205,39.33867641949205,255.0,0.0,255.0
004232,train,187.3485565185547,62.165748596191406,0.33181867003440857,187.34855,187.34855,187.34855,62.16574911394135,62.16574911394135,62.16574911394135,244.0,11.0,255.0
004233,train,173.22412109375,58.517662048339844,0.3378147482872009,173.224125,173.224125,173.224125,58.51766265824683,58.51766265824683,58.51766265824683,234.0,21.0,255.0
004229,train,94.93972778320312,50.789920806884766,0.5349701642990112,94.939725,94.939725,94.939725,50.789919688107155,50.789919688107155,50.789919688107155,246.0,9.0,255.0
004235,train,128.0934295654297,46.39026641845703,0.3621596097946167,128.093425,128.093425,128.093425,46.390267263396694,46.390267263396694,46.390267263396694,233.0,22.0,255.0
004234,train,155.28317260742188,43.5509033203125,0.2804611921310425,155.283175,155.283175,155.283175,43.550903399578004,43.550903399578004,43.550903399578004,221.0,34.0,255.0
004239,train,138.57217407226562,49.808837890625,0.3594432771205902,138.572175,138.572175,138.572175,49.808839484265995,49.808839484265995,49.808839484265995,242.0,13.0,255.0
004236,train,169.6978302001953,62.496971130371094,0.36828386783599854,169.697825,169.697825,169.697825,62.496974848942685,62.496974848942685,62.496974848942685,224.0,31.0,255.0
004238,train,126.40519714355469,39.176239013671875,0.3099258542060852,126.4052,126.4052,126.4052,39.17624041380183,39.17624041380183,39.17624041380183,239.0,16.0,255.0
004237,train,129.72654724121094,38.32915496826172,0.29546114802360535,129.72655,129.72655,129.72655,38.32915633166871,38.32915633166871,38.32915633166871,225.0,30.0,255.0
004240,train,144.07632446289062,31.944908142089844,0.22172212600708008,144.076325,144.076325,144.076325,31.94490881962844,31.94490881962844,31.94490881962844,225.0,30.0,255.0
004241,train,116.92557525634766,43.88978958129883,0.37536516785621643,116.925575,116.925575,116.925575,43.88978965453554,43.88978965453554,43.88978965453554,235.0,20.0,255.0
004242,train,131.57186889648438,47.552059173583984,0.3614150881767273,131.571875,131.571875,131.571875,47.55206077536888,47.55206077536888,47.55206077536888,246.0,9.0,255.0
004243,train,124.5406265258789,46.03303527832031,0.3696226477622986,124.540625,124.540625,124.540625,46.03303432980901,46.03303432980901,46.03303432980901,255.0,0.0,255.0
004244,train,123.56629943847656,35.328548431396484,0.2859076261520386,123.5663,123.5663,123.5663,35.32855013031245,35.32855013031245,35.32855013031245,231.0,16.0,247.0
004247,train,131.97320556640625,53.94130325317383,0.4087291955947876,131.9732,131.9732,131.9732,53.94130867674606,53.94130867674606,53.94130867674606,240.0,15.0,255.0
004246,train,129.77291870117188,49.61941909790039,0.3823557198047638,129.772925,129.772925,129.772925,49.61941718666569,49.61941718666569,49.61941718666569,229.0,26.0,255.0
004245,train,119.69072723388672,41.10134506225586,0.34339624643325806,119.690725,119.690725,119.690725,41.101345160157166,41.101345160157166,41.101345160157166,234.0,21.0,255.0
004250,train,96.64697265625,38.43589782714844,0.3976937532424927,96.646975,96.646975,96.646975,38.43589791262037,38.43589791262037,38.43589791262037,238.0,4.0,242.0
004249,train,125.26815032958984,54.48569869995117,0.4349525272846222,125.26815,125.26815,125.26815,54.48569945937649,54.48569945937649,54.48569945937649,236.0,19.0,255.0
004248,train,130.72479248046875,41.776554107666016,0.31957635283470154,130.7248,130.7248,130.7248,41.77655161642713,41.77655161642713,41.77655161642713,236.0,19.0,255.0
004251,train,171.87319946289062,46.997894287109375,0.27344515919685364,171.8732,171.8732,171.8732,46.99789326937964,46.99789326937964,46.99789326937964,238.0,17.0,255.0
004253,train,135.75865173339844,43.97444534301758,0.32391634583473206,135.75865,135.75865,135.75865,43.974444853545336,43.974444853545336,43.974444853545336,233.0,22.0,255.0
004252,train,168.6999969482422,45.937618255615234,0.27230361104011536,168.7,168.7,168.7,45.93761857127554,45.93761857127554,45.93761857127554,223.0,32.0,255.0
004256,train,134.0248260498047,39.946807861328125,0.2980552911758423,134.024825,134.024825,134.024825,39.94681036978265,39.94681036978265,39.94681036978265,227.0,28.0,255.0
004258,train,125.92794799804688,49.75479507446289,0.3951052725315094,125.92795,125.92795,125.92795,49.75479583716026,49.75479583716026,49.75479583716026,233.0,22.0,255.0
004254,train,114.23179626464844,41.428524017333984,0.3626706898212433,114.2318,114.2318,114.2318,41.42852723377938,41.42852723377938,41.42852723377938,222.0,33.0,255.0
004255,train,153.1626739501953,59.747169494628906,0.39008963108062744,153.162675,153.162675,153.162675,59.74716697755949,59.74716697755949,59.74716697755949,245.0,10.0,255.0
004257,train,105.42485046386719,49.50694274902344,0.4695946276187897,105.42485,105.42485,105.42485,49.5069460023288,49.5069460023288,49.5069460023288,253.0,2.0,255.0
004259,train,115.36219787597656,46.61412048339844,0.4040675461292267,115.3622,115.3622,115.3622,46.61412083435662,46.61412083435662,46.61412083435662,248.0,7.0,255.0
004261,train,126.88497161865234,48.654720306396484,0.3834553360939026,126.884975,126.884975,126.884975,48.65472427472357,48.65472427472357,48.65472427472357,236.0,19.0,255.0
004260,train,159.28599548339844,45.35071563720703,0.2847125232219696,159.286,159.286,159.286,45.35071393043333,45.35071393043333,45.35071393043333,239.0,16.0,255.0
004262,train,166.63485717773438,59.45027542114258,0.35676974058151245,166.63485,166.63485,166.63485,59.45027641212024,59.45027641212024,59.45027641212024,248.0,7.0,255.0
004265,train,158.41514587402344,55.504642486572266,0.35037460923194885,158.41515,158.41515,158.41515,55.5046435037421,55.5046435037421,55.5046435037421,237.0,18.0,255.0
004263,train,138.3763427734375,45.327640533447266,0.32756784558296204,138.37635,138.37635,138.37635,45.32763958863841,45.32763958863841,45.32763958863841,227.0,28.0,255.0
004264,train,177.78782653808594,49.665279388427734,0.2793514132499695,177.787825,177.787825,177.787825,49.665281200949366,49.665281200949366,49.665281200949366,221.0,34.0,255.0
004266,train,153.43927001953125,46.59807205200195,0.303690642118454,153.439275,153.439275,153.439275,46.598075201389754,46.598075201389754,46.598075201389754,231.0,24.0,255.0
004267,train,158.27650451660156,55.36500549316406,0.3497992753982544,158.2765,158.2765,158.2765,55.365002463198714,55.365002463198714,55.365002463198714,248.0,7.0,255.0
004269,train,178.68319702148438,63.063053131103516,0.3529321849346161,178.6832,178.6832,178.6832,63.063056045199716,63.063056045199716,63.063056045199716,226.0,29.0,255.0
004268,train,161.46409606933594,48.841346740722656,0.3024904429912567,161.4641,161.4641,161.4641,48.84134376929038,48.84134376929038,48.84134376929038,221.0,34.0,255.0
004270,train,137.43946838378906,50.9029541015625,0.37036633491516113,137.439475,137.439475,137.439475,50.90295508832837,50.90295508832837,50.90295508832837,230.0,25.0,255.0
004273,train,152.02452087402344,58.90343475341797,0.3874600827693939,152.024525,152.024525,152.024525,58.90343133913656,58.90343133913656,58.90343133913656,232.0,23.0,255.0
004272,train,127.28684997558594,50.276512145996094,0.3949859142303467,127.28685,127.28685,127.28685,50.27650860071232,50.27650860071232,50.27650860071232,236.0,19.0,255.0
004271,train,132.04627990722656,42.536399841308594,0.32213249802589417,132.046275,132.046275,132.046275,42.53640186504231,42.53640186504231,42.53640186504231,255.0,0.0,255.0
004274,train,147.33497619628906,46.97697067260742,0.31884467601776123,147.334975,147.334975,147.334975,46.97696953560728,46.97696953560728,46.97696953560728,220.0,35.0,255.0
004276,train,138.94647216796875,58.998985290527344,0.42461663484573364,138.946475,138.946475,138.946475,58.9989860936133,58.9989860936133,58.9989860936133,236.0,19.0,255.0
004275,train,161.0926513671875,49.30101013183594,0.30604133009910583,161.09265,161.09265,161.09265,49.301009279501564,49.301009279501564,49.301009279501564,227.0,28.0,255.0
004277,train,129.3279266357422,51.15105056762695,0.3955143392086029,129.327925,129.327925,129.327925,51.15104925800032,51.15104925800032,51.15104925800032,238.0,17.0,255.0
004280,train,118.29209899902344,52.27858352661133,0.44194483757019043,118.2921,118.2921,118.2921,52.2785838330573,52.2785838330573,52.2785838330573,239.0,16.0,255.0
004278,train,141.76593017578125,46.67726516723633,0.3292558789253235,141.765925,141.765925,141.765925,46.6772662427265,46.6772662427265,46.6772662427265,225.0,30.0,255.0
004279,train,99.06275177001953,44.74832534790039,0.45171695947647095,99.06275,99.06275,99.06275,44.74832468861265,44.74832468861265,44.74832468861265,242.0,13.0,255.0
004281,train,114.88042449951172,53.791221618652344,0.46823662519454956,114.880425,114.880425,114.880425,53.79122304632397,53.79122304632397,53.79122304632397,230.0,25.0,255.0
004282,train,59.73457336425781,28.764753341674805,0.48154279589653015,59.734575,59.734575,59.734575,28.764754032832872,28.764754032832872,28.764754032832872,170.0,5.0,175.0
004283,train,78.96197509765625,27.24198341369629,0.3450012803077698,78.961975,78.961975,78.961975,27.241983758518302,27.241983758518302,27.241983758518302,222.0,33.0,255.0
004284,train,54.622501373291016,31.298681259155273,0.5729997754096985,54.6225,54.6225,54.6225,31.298681182279868,31.298681182279868,31.298681182279868,255.0,0.0,255.0
004285,train,124.6657485961914,50.82233428955078,0.407668799161911,124.66575,124.66575,124.66575,50.82233295449452,50.82233295449452,50.82233295449452,237.0,18.0,255.0
004286,train,83.94972229003906,44.23765563964844,0.526954174041748,83.949725,83.949725,83.949725,44.2376564413665,44.2376564413665,44.2376564413665,255.0,0.0,255.0
004287,train,122.89502716064453,55.91278839111328,0.4549638032913208,122.895025,122.895025,122.895025,55.912788387357104,55.912788387357104,55.912788387357104,239.0,16.0,255.0
004288,train,112.14430236816406,52.916927337646484,0.47186461091041565,112.1443,112.1443,112.1443,52.916926663497755,52.916926663497755,52.916926663497755,231.0,24.0,255.0
004289,train,124.4573974609375,55.43013000488281,0.44537433981895447,124.4574,124.4574,124.4574,55.43013427044896,55.43013427044896,55.43013427044896,238.0,17.0,255.0
004290,train,78.15277862548828,42.879093170166016,0.5486572980880737,78.152775,78.152775,78.152775,42.879093213352526,42.879093213352526,42.879093213352526,255.0,0.0,255.0
004291,train,85.94380187988281,45.55409622192383,0.5300451517105103,85.9438,85.9438,85.9438,45.554096320309114,45.554096320309114,45.554096320309114,251.0,4.0,255.0
004293,train,86.48277282714844,47.12862014770508,0.5449480414390564,86.482775,86.482775,86.482775,47.12861978988325,47.12861978988325,47.12861978988325,255.0,0.0,255.0
004294,train,112.9259262084961,55.47053146362305,0.4912116527557373,112.925925,112.925925,112.925925,55.470536214231565,55.470536214231565,55.470536214231565,244.0,11.0,255.0
004292,train,77.3354263305664,31.460145950317383,0.4068012237548828,77.335425,77.335425,77.335425,31.460146456578602,31.460146456578602,31.460146456578602,255.0,0.0,255.0
004295,train,84.34447479248047,40.2349967956543,0.47703179717063904,84.344475,84.344475,84.344475,40.234998595431506,40.234998595431506,40.234998595431506,250.0,5.0,255.0
004296,train,50.39212417602539,24.106483459472656,0.4783779978752136,50.392125,50.392125,50.392125,24.106483837017276,24.106483837017276,24.106483837017276,255.0,0.0,255.0
004297,train,104.59212493896484,50.855377197265625,0.4862256944179535,104.592125,104.592125,104.592125,50.855376932870875,50.855376932870875,50.855376932870875,231.0,24.0,255.0
004298,train,58.3370246887207,22.45929527282715,0.3849921226501465,58.337025,58.337025,58.337025,22.459295161455426,22.459295161455426,22.459295161455426,171.0,0.0,171.0
004299,train,83.11090087890625,37.56201171875,0.4519504904747009,83.1109,83.1109,83.1109,37.56201207589924,37.56201207589924,37.56201207589924,226.0,29.0,255.0
004301,train,113.58722686767578,50.526710510253906,0.4448274075984955,113.587225,113.587225,113.587225,50.52671166620063,50.52671166620063,50.52671166620063,235.0,20.0,255.0
004305,train,110.7031478881836,39.46549987792969,0.35649845004081726,110.70315,110.70315,110.70315,39.46550240498023,39.46550240498023,39.46550240498023,223.0,32.0,255.0
004300,train,75.64029693603516,30.84658432006836,0.4078062176704407,75.6403,75.6403,75.6403,30.846583537079113,30.846583537079113,30.846583537079113,193.0,16.0,209.0
004302,train,95.51930236816406,38.66007614135742,0.4047357439994812,95.5193,95.5193,95.5193,38.66007342866798,38.66007342866798,38.66007342866798,230.0,25.0,255.0
004304,train,126.17547607421875,50.395660400390625,0.39940932393074036,126.175475,126.175475,126.175475,50.39565837970941,50.39565837970941,50.39565837970941,237.0,18.0,255.0
004306,train,62.010475158691406,34.444644927978516,0.5554649233818054,62.010475,62.010475,62.010475,34.444645669165695,34.444645669165695,34.444645669165695,221.0,0.0,221.0
004303,train,112.44467163085938,58.29787826538086,0.518458366394043,112.444675,112.444675,112.444675,58.29787937090315,58.29787937090315,58.29787937090315,237.0,18.0,255.0
004307,train,118.9051742553711,55.02296829223633,0.46274662017822266,118.905175,118.905175,118.905175,55.02296777909544,55.02296777909544,55.02296777909544,235.0,20.0,255.0
004309,train,94.92997741699219,50.719871520996094,0.5342872142791748,94.929975,94.929975,94.929975,50.71987057849591,50.71987057849591,50.71987057849591,246.0,9.0,255.0
004308,train,142.5636444091797,60.29274368286133,0.42291808128356934,142.56365,142.56365,142.56365,60.292744577415775,60.292744577415775,60.292744577415775,228.0,27.0,255.0
004310,train,38.9295768737793,18.283689498901367,0.4696606397628784,38.929575,38.929575,38.929575,18.283689871559705,18.283689871559705,18.283689871559705,129.0,0.0,129.0
004311,train,124.63849639892578,39.37318801879883,0.3158991038799286,124.6385,124.6385,124.6385,39.37318970759164,39.37318970759164,39.37318970759164,255.0,0.0,255.0
004312,train,187.35487365722656,62.16643524169922,0.33181115984916687,187.354875,187.354875,187.354875,62.16643458277445,62.16643458277445,62.16643458277445,245.0,10.0,255.0
004314,train,155.28375244140625,43.586124420166016,0.28068697452545166,155.28375,155.28375,155.28375,43.5861254981158,43.5861254981158,43.5861254981158,219.0,36.0,255.0
004313,train,173.2324981689453,58.5278205871582,0.33785703778266907,173.2325,173.2325,173.2325,58.527821108853864,58.527821108853864,58.527821108853864,237.0,18.0,255.0
004317,train,129.7334442138672,38.340572357177734,0.2955334484577179,129.73345,129.73345,129.73345,38.34057186711617,38.34057186711617,38.34057186711617,229.0,26.0,255.0
004316,train,169.69552612304688,62.49128723144531,0.3682553470134735,169.695525,169.695525,169.695525,62.491287552541074,62.491287552541074,62.491287552541074,226.0,29.0,255.0
004318,train,126.40962219238281,39.17961883544922,0.30994173884391785,126.409625,126.409625,126.409625,39.17961883887304,39.17961883887304,39.17961883887304,236.0,19.0,255.0
004319,train,138.5756072998047,49.82276153564453,0.3595348596572876,138.5756,138.5756,138.5756,49.822760206957625,49.822760206957625,49.822760206957625,237.0,18.0,255.0
004315,train,128.08975219726562,46.40775680541992,0.3623065650463104,128.08975,128.08975,128.08975,46.40775684018244,46.40775684018244,46.40775684018244,234.0,21.0,255.0
004320,train,144.07627868652344,31.962900161743164,0.2218470722436905,144.076275,144.076275,144.076275,31.962901262625945,31.962901262625945,31.962901262625945,225.0,30.0,255.0
004322,train,131.5711212158203,47.55856704711914,0.3614666163921356,131.571125,131.571125,131.571125,47.558563805421784,47.558563805421784,47.558563805421784,240.0,15.0,255.0
004321,train,116.92665100097656,43.9050178527832,0.3754919767379761,116.92665,116.92665,116.92665,43.90501930050254,43.90501930050254,43.90501930050254,233.0,22.0,255.0
004323,train,124.54037475585938,46.0369758605957,0.369655042886734,124.540375,124.540375,124.540375,46.03697502941929,46.03697502941929,46.03697502941929,255.0,0.0,255.0
004324,train,123.5645980834961,35.33390426635742,0.28595492243766785,123.5646,123.5646,123.5646,35.333904070170334,35.333904070170334,35.333904070170334,228.0,19.0,247.0
004325,train,119.68939971923828,41.11589431762695,0.3435215950012207,119.6894,119.6894,119.6894,41.115892640680926,41.115892640680926,41.115892640680926,234.0,21.0,255.0
004326,train,129.77040100097656,49.628719329833984,0.38243481516838074,129.7704,129.7704,129.7704,49.62871833767219,49.62871833767219,49.62871833767219,232.0,23.0,255.0
004327,train,131.97254943847656,53.9512939453125,0.4088069498538971,131.97255,131.97255,131.97255,53.95129466933579,53.95129466933579,53.95129466933579,240.0,15.0,255.0
004330,train,96.64510345458984,38.444149017333984,0.39778682589530945,96.6451,96.6451,96.6451,38.44414839725286,38.44414839725286,38.44414839725286,239.0,3.0,242.0
004328,train,130.72332763671875,41.78813171386719,0.3196685016155243,130.723325,130.723325,130.723325,41.788130802231095,41.788130802231095,41.788130802231095,236.0,19.0,255.0
004329,train,125.26677703857422,54.49563980102539,0.43503665924072266,125.266775,125.266775,125.266775,54.49563841354072,54.49563841354072,54.49563841354072,232.0,23.0,255.0
004333,train,135.75924682617188,43.97293472290039,0.32390379905700684,135.75925,135.75925,135.75925,43.972938148792146,43.972938148792146,43.972938148792146,235.0,20.0,255.0
004331,train,171.8740997314453,47.00067138671875,0.27345988154411316,171.8741,171.8741,171.8741,47.00067179509246,47.00067179509246,47.00067179509246,236.0,19.0,255.0
004332,train,168.70449829101562,45.93183898925781,0.2722620964050293,168.7045,168.7045,168.7045,45.931838410300976,45.931838410300976,45.931838410300976,222.0,33.0,255.0
004334,train,114.23197174072266,41.43012619018555,0.3626841604709625,114.231975,114.231975,114.231975,41.430124457927654,41.430124457927654,41.430124457927654,223.0,32.0,255.0
004335,train,153.157470703125,59.75944900512695,0.39018306136131287,153.157475,153.157475,153.157475,59.75945135812723,59.75945135812723,59.75945135812723,243.0,12.0,255.0
004338,train,125.93107604980469,49.7499885559082,0.3950572907924652,125.931075,125.931075,125.931075,49.74998918938953,49.74998918938953,49.74998918938953,234.0,21.0,255.0
004336,train,134.0228271484375,39.94314193725586,0.29803237318992615,134.022825,134.022825,134.022825,39.94314088825984,39.94314088825984,39.94314088825984,227.0,28.0,255.0
004339,train,115.36412811279297,46.616695404052734,0.40408310294151306,115.364125,115.364125,115.364125,46.61669430562805,46.61669430562805,46.61669430562805,246.0,9.0,255.0
004340,train,159.28472900390625,45.3471565246582,0.2846924364566803,159.284725,159.284725,159.284725,45.34715599323044,45.34715599323044,45.34715599323044,245.0,10.0,255.0
004337,train,105.42292785644531,49.52195739746094,0.46974560618400574,105.422925,105.422925,105.422925,49.52195886113932,49.52195886113932,49.52195886113932,255.0,0.0,255.0
004342,train,166.63975524902344,59.45532989501953,0.35678958892822266,166.63975,166.63975,166.63975,59.455329617600306,59.455329617600306,59.455329617600306,243.0,12.0,255.0
004343,train,138.3767547607422,45.333824157714844,0.3276115655899048,138.37675,138.37675,138.37675,45.33382687836424,45.33382687836424,45.33382687836424,231.0,24.0,255.0
004341,train,126.88522338867188,48.65911102294922,0.383489191532135,126.885225,126.885225,126.885225,48.65911273029313,48.65911273029313,48.65911273029313,237.0,18.0,255.0
004346,train,153.4427032470703,46.63450622558594,0.30392131209373474,153.4427,153.4427,153.4427,46.634506180616945,46.634506180616945,46.634506180616945,232.0,23.0,255.0
004344,train,177.7916259765625,49.673118591308594,0.27938953042030334,177.791625,177.791625,177.791625,49.67312155340527,49.67312155340527,49.67312155340527,220.0,35.0,255.0
004347,train,158.274169921875,55.37218475341797,0.34984979033470154,158.274175,158.274175,158.274175,55.37218347753116,55.37218347753116,55.37218347753116,248.0,7.0,255.0
004345,train,158.4071502685547,55.49845886230469,0.3503532409667969,158.40715,158.40715,158.40715,55.4984619505577,55.4984619505577,55.4984619505577,237.0,18.0,255.0
004350,train,137.43788146972656,50.904396057128906,0.37038111686706543,137.437875,137.437875,137.437875,50.90439706434381,50.90439706434381,50.90439706434381,233.0,22.0,255.0
004349,train,178.6812286376953,63.06710433959961,0.3529587686061859,178.681225,178.681225,178.681225,63.06710479718706,63.06710479718706,63.06710479718706,220.0,35.0,255.0
004348,train,161.4654998779297,48.84561538696289,0.3025142550468445,161.4655,161.4655,161.4655,48.84561812230448,48.84561812230448,48.84561812230448,219.0,36.0,255.0
004352,train,127.28687286376953,50.27952194213867,0.39500948786735535,127.286875,127.286875,127.286875,50.279522449346864,50.279522449346864,50.279522449346864,237.0,18.0,255.0
004351,train,132.04725646972656,42.540687561035156,0.32216259837150574,132.04725,132.04725,132.04725,42.54069013823706,42.54069013823706,42.54069013823706,255.0,0.0,255.0
004353,train,152.02200317382812,58.90507888793945,0.387477308511734,152.022,152.022,152.022,58.90507546892712,58.90507546892712,58.90507546892712,234.0,21.0,255.0
004357,train,129.3250732421875,51.152408599853516,0.39553356170654297,129.325075,129.325075,129.325075,51.152409535078355,51.152409535078355,51.152409535078355,238.0,17.0,255.0
004356,train,138.9423065185547,58.99918746948242,0.4246308207511902,138.9423,138.9423,138.9423,58.999185763110326,58.999185763110326,58.999185763110326,233.0,22.0,255.0
004355,train,161.09445190429688,49.312156677246094,0.3061071038246155,161.09445,161.09445,161.09445,49.31215954708838,49.31215954708838,49.31215954708838,229.0,26.0,255.0
004358,train,141.76187133789062,46.68383026123047,0.3293116092681885,141.761875,141.761875,141.761875,46.68382719405485,46.68382719405485,46.68382719405485,221.0,34.0,255.0
004354,train,147.3316192626953,46.9749870300293,0.3188384771347046,147.331625,147.331625,147.331625,46.974986427452805,46.974986427452805,46.974986427452805,222.0,33.0,255.0
004360,train,118.28820037841797,52.27796173095703,0.4419541656970978,118.2882,118.2882,118.2882,52.277962285842776,52.277962285842776,52.277962285842776,242.0,13.0,255.0
004359,train,99.06372833251953,44.75800704956055,0.45181024074554443,99.063725,99.063725,99.063725,44.75800335274547,44.75800335274547,44.75800335274547,244.0,11.0,255.0
004361,train,114.88152313232422,53.799381256103516,0.4683031737804413,114.881525,114.881525,114.881525,53.79938232614176,53.79938232614176,53.79938232614176,227.0,28.0,255.0
004363,train,78.96375274658203,27.23830223083496,0.3449469208717346,78.96375,78.96375,78.96375,27.238301818165905,27.238301818165905,27.238301818165905,214.0,31.0,245.0
004362,train,59.73302459716797,28.772687911987305,0.48168811202049255,59.733025,59.733025,59.733025,28.772687558679237,28.772687558679237,28.772687558679237,174.0,5.0,179.0
004364,train,54.6229248046875,31.31066131591797,0.5732146501541138,54.622925,54.622925,54.622925,31.310661753536525,31.310661753536525,31.310661753536525,255.0,0.0,255.0
004367,train,122.8917465209961,55.92231750488281,0.4550534784793854,122.89175,122.89175,122.89175,55.922316492948504,55.922316492948504,55.922316492948504,236.0,19.0,255.0
004365,train,124.67050170898438,50.8359260559082,0.4077622592449188,124.6705,124.6705,124.6705,50.83592607349649,50.83592607349649,50.83592607349649,239.0,16.0,255.0
004366,train,83.9510726928711,44.23805618286133,0.526950478553772,83.951075,83.951075,83.951075,44.238057499673005,44.238057499673005,44.238057499673005,255.0,0.0,255.0
004368,train,112.14749908447266,52.933937072753906,0.4720028340816498,112.1475,112.1475,112.1475,52.93393376417438,52.93393376417438,52.93393376417438,231.0,24.0,255.0
004371,train,85.9417495727539,45.547176361083984,0.5299773216247559,85.94175,85.94175,85.94175,45.54717616864409,45.54717616864409,45.54717616864409,251.0,4.0,255.0
004370,train,78.15664672851562,42.88258361816406,0.5486748218536377,78.15665,78.15665,78.15665,42.88258283706219,42.88258283706219,42.88258283706219,255.0,0.0,255.0
004372,train,77.33447265625,31.47787857055664,0.4070355296134949,77.334475,77.334475,77.334475,31.47787717547635,31.47787717547635,31.47787717547635,255.0,0.0,255.0
004369,train,124.45860290527344,55.44398498535156,0.4454813301563263,124.4586,124.4586,124.4586,55.44398512047993,55.44398512047993,55.44398512047993,235.0,20.0,255.0
004375,train,84.34784698486328,40.2507209777832,0.47719913721084595,84.34785,84.34785,84.34785,40.25071987402834,40.25071987402834,40.25071987402834,250.0,5.0,255.0
004374,train,112.92347717285156,55.47526931762695,0.4912642538547516,112.923475,112.923475,112.923475,55.47527078730103,55.47527078730103,55.47527078730103,247.0,8.0,255.0
004373,train,86.48245239257812,47.146183013916016,0.5451531410217285,86.48245,86.48245,86.48245,47.146184808502795,47.146184808502795,47.146184808502795,255.0,0.0,255.0
004376,train,50.39397430419922,24.109657287597656,0.47842341661453247,50.393975,50.393975,50.393975,24.109657996317058,24.109657996317058,24.109657996317058,255.0,0.0,255.0
004378,train,58.33977508544922,22.466129302978516,0.3850911259651184,58.339775,58.339775,58.339775,22.466129572077495,22.466129572077495,22.466129572077495,163.0,0.0,163.0
004377,train,104.58865356445312,50.8702507019043,0.4863840341567993,104.58865,104.58865,104.58865,50.87024956865751,50.87024956865751,50.87024956865751,228.0,27.0,255.0
004380,train,75.63800048828125,30.85605812072754,0.40794387459754944,75.638,75.638,75.638,30.856058659524226,30.856058659524226,30.856058659524226,192.0,17.0,209.0
004382,train,95.5185775756836,38.66470718383789,0.4047873020172119,95.518575,95.518575,95.518575,38.66470683930469,38.66470683930469,38.66470683930469,222.0,33.0,255.0
004379,train,83.10984802246094,37.576351165771484,0.45212873816490173,83.10985,83.10985,83.10985,37.576352709882585,37.576352709882585,37.576352709882585,226.0,29.0,255.0
004381,train,113.5875244140625,50.5213508605957,0.44477903842926025,113.587525,113.587525,113.587525,50.52134934237579,50.52134934237579,50.52134934237579,235.0,20.0,255.0
004383,train,112.44429779052734,58.32475280761719,0.518699049949646,112.4443,112.4443,112.4443,58.32475458593889,58.32475458593889,58.32475458593889,231.0,24.0,255.0
004384,train,126.17534637451172,50.38943099975586,0.3993603587150574,126.17535,126.17535,126.17535,50.38943145519207,50.38943145519207,50.38943145519207,239.0,16.0,255.0
004385,train,110.70565032958984,39.458431243896484,0.35642653703689575,110.70565,110.70565,110.70565,39.45843202760977,39.45843202760977,39.45843202760977,222.0,33.0,255.0
004387,train,118.904052734375,55.022525787353516,0.4627472758293152,118.90405,118.90405,118.90405,55.02252396607684,55.02252396607684,55.02252396607684,235.0,20.0,255.0
004388,train,142.56214904785156,60.30095291137695,0.42298009991645813,142.56215,142.56215,142.56215,60.30095303871656,60.30095303871656,60.30095303871656,225.0,30.0,255.0
004389,train,94.93025207519531,50.71809005737305,0.5342668890953064,94.93025,94.93025,94.93025,50.71809031240727,50.71809031240727,50.71809031240727,255.0,0.0,255.0
004386,train,62.00944900512695,34.458866119384766,0.5557034611701965,62.00945,62.00945,62.00945,34.45886476216969,34.45886476216969,34.45886476216969,221.0,0.0,221.0
000002,test,113.03047180175781,12.972611427307129,0.11477091908454895,113.030475,113.030475,113.030475,12.972611389938997,12.972611389938997,12.972611389938997,105.0,48.0,153.0
004390,train,38.926998138427734,18.292945861816406,0.4699295163154602,38.927,38.927,38.927,18.292945935523893,18.292945935523893,18.292945935523893,129.0,0.0,129.0
000001,test,114.49800109863281,14.0537109375,0.12274197489023209,114.498,114.498,114.498,14.053711111304374,14.053711111304374,14.053711111304374,106.0,47.0,153.0
000003,test,95.60994720458984,11.609665870666504,0.12142738699913025,95.60995,95.60995,95.60995,11.609666704841272,11.609666704841272,11.609666704841272,76.0,47.0,123.0
000006,test,123.70245361328125,16.524574279785156,0.13358323276042938,123.70245,123.70245,123.70245,16.524574548154032,16.524574548154032,16.524574548154032,117.0,48.0,165.0
000004,test,108.98684692382812,12.227202415466309,0.11218971014022827,108.98685,108.98685,108.98685,12.227202340580613,12.227202340580613,12.227202340580613,99.0,48.0,147.0
000005,test,119.09214782714844,15.187723159790039,0.12752917408943176,119.09215,119.09215,119.09215,15.187723936702959,15.187723936702959,15.187723936702959,108.0,47.0,155.0
000007,test,102.6396484375,11.591389656066895,0.11293286830186844,102.63965,102.63965,102.63965,11.591388953766499,11.591388953766499,11.591388953766499,83.0,48.0,131.0
000008,test,98.92855072021484,11.254287719726562,0.1137617751955986,98.92855,98.92855,98.92855,11.254287844972689,11.254287844972689,11.254287844972689,80.0,47.0,127.0
000010,test,115.16232299804688,14.07176685333252,0.12219071388244629,115.162325,115.162325,115.162325,14.071766967739872,14.071766967739872,14.071766967739872,106.0,48.0,154.0
000009,test,111.71952819824219,12.884886741638184,0.11533244699239731,111.719525,111.719525,111.719525,12.884886835916527,12.884886835916527,12.884886835916527,103.0,47.0,150.0
000011,test,82.50755310058594,8.62389087677002,0.10452244430780411,82.50755,82.50755,82.50755,8.623890827086113,8.623890827086113,8.623890827086113,48.0,64.0,112.0
000012,test,101.37104797363281,10.416337013244629,0.10275455564260483,101.37105,101.37105,101.37105,10.416336779189697,10.416336779189697,10.416336779189697,63.0,71.0,134.0
000015,test,106.90582275390625,10.138197898864746,0.09483297914266586,106.905825,106.905825,106.905825,10.138197870892785,10.138197870892785,10.138197870892785,65.0,73.0,138.0
000014,test,86.98127746582031,9.374293327331543,0.10777369141578674,86.981275,86.981275,86.981275,9.374293273328663,9.374293273328663,9.374293273328663,55.0,66.0,121.0
000013,test,97.68742370605469,10.177864074707031,0.10418806970119476,97.687425,97.687425,97.687425,10.17786430786808,10.17786430786808,10.17786430786808,62.0,71.0,133.0
000016,test,113.47012329101562,11.120135307312012,0.09800055623054504,113.470125,113.470125,113.470125,11.120135227791748,11.120135227791748,11.120135227791748,67.0,83.0,150.0
000017,test,113.23202514648438,7.8656463623046875,0.06946485489606857,113.232025,113.232025,113.232025,7.865646152693051,7.865646152693051,7.865646152693051,62.0,82.0,144.0
000018,test,119.76519775390625,8.081584930419922,0.06747857481241226,119.7652,119.7652,119.7652,8.081585176189137,8.081585176189137,8.081585176189137,65.0,86.0,151.0
000019,test,114.73362731933594,11.374302864074707,0.09913661330938339,114.733625,114.733625,114.733625,11.374303027411173,11.374303027411173,11.374303027411173,67.0,84.0,151.0
000020,test,57.57740020751953,11.172842979431152,0.19404910504817963,57.5774,57.5774,57.5774,11.172842487030772,11.172842487030772,11.172842487030772,61.0,37.0,98.0
000022,test,72.861572265625,14.374554634094238,0.19728581607341766,72.861575,72.861575,72.861575,14.374554376375464,14.374554376375464,14.374554376375464,71.0,48.0,119.0
000021,test,61.50334930419922,11.752620697021484,0.19108912348747253,61.50335,61.50335,61.50335,11.752620506827403,11.752620506827403,11.752620506827403,62.0,40.0,102.0
000023,test,79.55167388916016,14.57315731048584,0.18319107592105865,79.551675,79.551675,79.551675,14.573157849085934,14.573157849085934,14.573157849085934,71.0,53.0,124.0
000025,test,66.82957458496094,10.307624816894531,0.15423747897148132,66.829575,66.829575,66.829575,10.307624863147426,10.307624863147426,10.307624863147426,61.0,42.0,103.0
000026,test,115.59545135498047,7.5594401359558105,0.06539565324783325,115.59545,115.59545,115.59545,7.559440409018381,7.559440409018381,7.559440409018381,72.0,81.0,153.0
000024,test,52.77597427368164,10.492572784423828,0.19881343841552734,52.775975,52.775975,52.775975,10.492572982799548,10.492572982799548,10.492572982799548,48.0,35.0,83.0
000027,test,120.03195190429688,7.671077728271484,0.06390862911939621,120.03195,120.03195,120.03195,7.67107744697575,7.67107744697575,7.67107744697575,67.0,89.0,156.0
000029,test,115.234375,10.203095436096191,0.08854211866855621,115.234375,115.234375,115.234375,10.203094793217154,10.203094793217154,10.203094793217154,66.0,83.0,149.0
000030,test,85.42440032958984,9.277647018432617,0.10860652476549149,85.4244,85.4244,85.4244,9.277647042219272,9.277647042219272,9.277647042219272,56.0,65.0,121.0
000028,test,121.75260162353516,7.52658224105835,0.06181865558028221,121.7526,121.7526,121.7526,7.526582440922308,7.526582440922308,7.526582440922308,60.0,91.0,151.0
000031,test,112.2696762084961,9.590375900268555,0.08542267233133316,112.269675,112.269675,112.269675,9.590375404246437,9.590375404246437,9.590375404246437,77.0,77.0,154.0
000032,test,96.69239807128906,10.578765869140625,0.10940638929605484,96.6924,96.6924,96.6924,10.578765629316116,10.578765629316116,10.578765629316116,65.0,68.0,133.0
000034,test,78.92949676513672,9.054315567016602,0.11471396684646606,78.9295,78.9295,78.9295,9.054315531833426,9.054315531833426,9.054315531833426,49.0,57.0,106.0
000033,test,92.85209655761719,10.190546035766602,0.10975030809640884,92.8521,92.8521,92.8521,10.190545892639904,10.190545892639904,10.190545892639904,59.0,66.0,125.0
000035,test,71.99099731445312,7.514101028442383,0.10437556356191635,71.991,71.991,71.991,7.514101343474148,7.514101343474148,7.514101343474148,45.0,53.0,98.0
000039,test,50.72275161743164,9.794354438781738,0.1930958777666092,50.72275,50.72275,50.72275,9.794354620775174,9.794354620775174,9.794354620775174,41.0,35.0,76.0
000038,test,71.7040023803711,12.804808616638184,0.178578719496727,71.704,71.704,71.704,12.80480901848989,12.80480901848989,12.80480901848989,69.0,48.0,117.0
000036,test,71.7862777709961,14.633675575256348,0.20385059714317322,71.786275,71.786275,71.786275,14.63367508947684,14.63367508947684,14.63367508947684,74.0,43.0,117.0
000037,test,58.1525764465332,8.48690414428711,0.14594201743602753,58.152575,58.152575,58.152575,8.486904374939959,8.486904374939959,8.486904374939959,40.0,39.0,79.0
000040,test,115.71632385253906,10.35311508178711,0.0894697904586792,115.716325,115.716325,115.716325,10.353115641891334,10.353115641891334,10.353115641891334,77.0,77.0,154.0
000041,test,78.82852172851562,16.27157211303711,0.20641732215881348,78.828525,78.828525,78.828525,16.271570954409256,16.271570954409256,16.271570954409256,75.0,45.0,120.0
000042,test,97.72042846679688,11.099793434143066,0.11358723789453506,97.720425,97.720425,97.720425,11.099793368318844,11.099793368318844,11.099793368318844,58.0,72.0,130.0
000043,test,113.2594223022461,9.972679138183594,0.08805165439844131,113.259425,113.259425,113.259425,9.972678861237586,9.972678861237586,9.972678861237586,65.0,84.0,149.0
000045,test,102.02999877929688,10.08414077758789,0.0988350585103035,102.03,102.03,102.03,10.084141014484079,10.084141014484079,10.084141014484079,63.0,72.0,135.0
000044,test,114.61235046386719,10.316022872924805,0.0900079533457756,114.61235,114.61235,114.61235,10.316022851734093,10.316022851734093,10.316022851734093,79.0,77.0,156.0
000047,test,73.60555267333984,9.491557121276855,0.12895163893699646,73.60555,73.60555,73.60555,9.49155725882218,9.49155725882218,9.49155725882218,55.0,51.0,106.0
000046,test,69.42510223388672,8.369694709777832,0.12055718153715134,69.4251,69.4251,69.4251,8.369694736966217,8.369694736966217,8.369694736966217,47.0,49.0,96.0
000048,test,81.95647430419922,10.43824291229248,0.12736324965953827,81.956475,81.956475,81.956475,10.438243653717564,10.438243653717564,10.438243653717564,57.0,57.0,114.0
000049,test,73.71495056152344,9.78378963470459,0.13272462785243988,73.71495,73.71495,73.71495,9.783789986375423,9.783789986375423,9.783789986375423,47.0,53.0,100.0
000052,test,91.34522247314453,9.941426277160645,0.10883356630802155,91.345225,91.345225,91.345225,9.941425687464298,9.941425687464298,9.941425687464298,54.0,68.0,122.0
000051,test,99.70482635498047,10.47439956665039,0.1050540879368782,99.704825,99.704825,99.704825,10.474399587536032,10.474399587536032,10.474399587536032,62.0,67.0,129.0
000050,test,85.15242767333984,10.066324234008789,0.11821535229682922,85.152425,85.152425,85.152425,10.06632463312082,10.06632463312082,10.06632463312082,57.0,60.0,117.0
000053,test,102.51897430419922,10.304393768310547,0.1005120649933815,102.518975,102.518975,102.518975,10.304394205841263,10.304394205841263,10.304394205841263,61.0,69.0,130.0
000054,test,93.52137756347656,10.426277160644531,0.11148549616336823,93.521375,93.521375,93.521375,10.426276569771924,10.426276569771924,10.426276569771924,58.0,68.0,126.0
000055,test,79.73402404785156,9.851883888244629,0.12355934828519821,79.734025,79.734025,79.734025,9.851884707982276,9.851884707982276,9.851884707982276,49.0,60.0,109.0
000057,test,81.6228256225586,9.449728012084961,0.11577310413122177,81.622825,81.622825,81.622825,9.449728251086112,9.449728251086112,9.449728251086112,50.0,60.0,110.0
000056,test,99.46582794189453,10.504838943481445,0.10561253875494003,99.465825,99.465825,99.465825,10.504838507534279,10.504838507534279,10.504838507534279,65.0,67.0,132.0
000058,test,84.81549835205078,9.625383377075195,0.1134861409664154,84.8155,84.8155,84.8155,9.625383615731893,9.625383615731893,9.625383615731893,54.0,62.0,116.0
000059,test,80.1717529296875,10.87430477142334,0.13563761115074158,80.17175,80.17175,80.17175,10.87430466455212,10.87430466455212,10.87430466455212,58.0,53.0,111.0
000061,test,69.49870300292969,12.674698829650879,0.18237316608428955,69.4987,69.4987,69.4987,12.674699140808038,12.674699140808038,12.674699140808038,66.0,45.0,111.0
000060,test,95.88077545166016,10.464559555053711,0.10914137214422226,95.880775,95.880775,95.880775,10.46455973270615,10.46455973270615,10.46455973270615,64.0,65.0,129.0
000063,test,108.46739959716797,10.96204948425293,0.1010630801320076,108.4674,108.4674,108.4674,10.962049864874725,10.962049864874725,10.962049864874725,66.0,82.0,148.0
000062,test,95.21942138671875,10.179831504821777,0.10690919309854507,95.219425,95.219425,95.219425,10.179831907717091,10.179831907717091,10.179831907717091,70.0,61.0,131.0
000066,test,112.39320373535156,16.659048080444336,0.14822113513946533,112.3932,112.3932,112.3932,16.659048404996007,16.659048404996007,16.659048404996007,90.0,73.0,163.0
000064,test,109.01732635498047,13.442117691040039,0.12330257892608643,109.017325,109.017325,109.017325,13.442117572926335,13.442117572926335,13.442117572926335,81.0,67.0,148.0
000065,test,119.71452331542969,12.986201286315918,0.10847640782594681,119.714525,119.714525,119.714525,12.98620148559135,12.98620148559135,12.98620148559135,82.0,75.0,157.0
000067,test,122.66300201416016,14.291241645812988,0.11650817096233368,122.663,122.663,122.663,14.291241408639069,14.291241408639069,14.291241408639069,90.0,75.0,165.0
000070,test,99.71607208251953,11.515543937683105,0.11548332870006561,99.716075,99.716075,99.716075,11.515544346420405,11.515544346420405,11.515544346420405,68.0,73.0,141.0
000071,test,91.40585327148438,13.90207290649414,0.15209171175956726,91.40585,91.40585,91.40585,13.902073074815137,13.902073074815137,13.902073074815137,82.0,62.0,144.0
000068,test,122.0268783569336,13.661636352539062,0.11195596307516098,122.026875,122.026875,122.026875,13.661636166081097,13.661636166081097,13.661636166081097,78.0,87.0,165.0
000069,test,120.31807708740234,13.82778549194336,0.11492691189050674,120.318075,120.318075,120.318075,13.827785552805445,13.827785552805445,13.827785552805445,86.0,77.0,163.0
000073,test,74.76237487792969,13.822394371032715,0.18488436937332153,74.762375,74.762375,74.762375,13.82239340198994,13.82239340198994,13.82239340198994,66.0,50.0,116.0
000072,test,116.94695281982422,14.939506530761719,0.12774601578712463,116.94695,116.94695,116.94695,14.939505871932312,14.939505871932312,14.939505871932312,85.0,76.0,161.0
000074,test,81.53857421875,14.343023300170898,0.1759047657251358,81.538575,81.538575,81.538575,14.343023111233384,14.343023111233384,14.343023111233384,66.0,54.0,120.0
000075,test,68.05902862548828,10.7081298828125,0.15733592212200165,68.059025,68.059025,68.059025,10.70812967092643,10.70812967092643,10.70812967092643,63.0,45.0,108.0
000077,test,86.57430267333984,14.47246265411377,0.16716811060905457,86.5743,86.5743,86.5743,14.472462800435869,14.472462800435869,14.472462800435869,74.0,59.0,133.0
000079,test,65.81829833984375,9.864253044128418,0.14987097680568695,65.8183,65.8183,65.8183,9.864252891628439,9.864252891628439,9.864252891628439,56.0,45.0,101.0
000078,test,88.10497283935547,15.249906539916992,0.1730879247188568,88.104975,88.104975,88.104975,15.249906729202477,15.249906729202477,15.249906729202477,79.0,57.0,136.0
000076,test,87.03299713134766,14.34443473815918,0.16481605172157288,87.033,87.033,87.033,14.34443484421746,14.34443484421746,14.34443484421746,74.0,55.0,129.0
000082,test,68.29297637939453,9.24507999420166,0.1353738009929657,68.292975,68.292975,68.292975,9.245079266797825,9.245079266797825,9.245079266797825,54.0,47.0,101.0
000081,test,76.12137603759766,10.362890243530273,0.13613639771938324,76.121375,76.121375,76.121375,10.362890190934912,10.362890190934912,10.362890190934912,58.0,48.0,106.0
000080,test,84.1115493774414,14.920576095581055,0.17739033699035645,84.11155,84.11155,84.11155,14.920576617460199,14.920576617460199,14.920576617460199,82.0,52.0,134.0
000085,test,94.34522247314453,12.216331481933594,0.12948542833328247,94.345225,94.345225,94.345225,12.216331065396641,12.216331065396641,12.216331065396641,69.0,62.0,131.0
000083,test,84.92357635498047,10.412129402160645,0.12260587513446808,84.923575,84.923575,84.923575,10.412129187604952,10.412129187604952,10.412129187604952,56.0,61.0,117.0
000086,test,92.3729248046875,11.71741008758545,0.126848965883255,92.372925,92.372925,92.372925,11.717410206371328,11.717410206371328,11.717410206371328,66.0,62.0,128.0
000084,test,92.17267608642578,11.980236053466797,0.12997600436210632,92.172675,92.172675,92.172675,11.980236155617927,11.980236155617927,11.980236155617927,61.0,64.0,125.0
000088,test,114.21312713623047,9.366960525512695,0.08201299607753754,114.213125,114.213125,114.213125,9.366960698880668,9.366960698880668,9.366960698880668,63.0,80.0,143.0
000087,test,98.9510726928711,12.269017219543457,0.1239907443523407,98.951075,98.951075,98.951075,12.269017130331793,12.269017130331793,12.269017130331793,68.0,63.0,131.0
000089,test,120.44349670410156,7.985903263092041,0.06630414724349976,120.4435,120.4435,120.4435,7.985903690253221,7.985903690253221,7.985903690253221,54.0,91.0,145.0
000090,test,87.53172302246094,10.304248809814453,0.11772016435861588,87.531725,87.531725,87.531725,10.304248809320114,10.304248809320114,10.304248809320114,58.0,60.0,118.0
000092,test,120.26260375976562,10.114452362060547,0.0841030552983284,120.2626,120.2626,120.2626,10.114452097864719,10.114452097864719,10.114452097864719,81.0,76.0,157.0
000096,test,80.44975280761719,9.997293472290039,0.12426754832267761,80.44975,80.44975,80.44975,9.997293380585567,9.997293380585567,9.997293380585567,52.0,56.0,108.0
000091,test,109.4855728149414,10.52121639251709,0.09609682857990265,109.485575,109.485575,109.485575,10.521216275667705,10.521216275667705,10.521216275667705,71.0,71.0,142.0
000093,test,126.00360107421875,8.44668197631836,0.0670352429151535,126.0036,126.0036,126.0036,8.446682013666669,8.446682013666669,8.446682013666669,80.0,83.0,163.0
000095,test,104.47332763671875,10.612100601196289,0.10157712548971176,104.473325,104.473325,104.473325,10.612101038172176,10.612101038172176,10.612101038172176,69.0,72.0,141.0
000097,test,106.86937713623047,10.370636940002441,0.09704030305147171,106.869375,106.869375,106.869375,10.37063701560203,10.37063701560203,10.37063701560203,56.0,78.0,134.0
000094,test,114.06759643554688,12.220621109008789,0.10713490843772888,114.0676,114.0676,114.0676,12.220621106965062,12.220621106965062,12.220621106965062,86.0,70.0,156.0
000098,test,88.78422546386719,9.837241172790527,0.11079942435026169,88.784225,88.784225,88.784225,9.837241287544746,9.837241287544746,9.837241287544746,55.0,64.0,119.0
000101,test,88.07675170898438,11.229052543640137,0.12749166786670685,88.07675,88.07675,88.07675,11.229052027553351,11.229052027553351,11.229052027553351,58.0,64.0,122.0
000099,test,83.36182403564453,10.513011932373047,0.12611302733421326,83.361825,83.361825,83.361825,10.513011351148394,10.513011351148394,10.513011351148394,58.0,60.0,118.0
000100,test,94.84492492675781,11.3265962600708,0.11942227184772491,94.844925,94.844925,94.844925,11.32659599104581,11.32659599104581,11.32659599104581,60.0,64.0,124.0
000102,test,98.75452423095703,10.692288398742676,0.10827137529850006,98.754525,98.754525,98.754525,10.692287735764268,10.692287735764268,10.692287735764268,62.0,65.0,127.0
000103,test,79.64642333984375,10.332201957702637,0.1297258734703064,79.646425,79.646425,79.646425,10.332202558959779,10.332202558959779,10.332202558959779,64.0,56.0,120.0
000104,test,99.3321762084961,11.067461013793945,0.1114186942577362,99.332175,99.332175,99.332175,11.067460628770045,11.067460628770045,11.067460628770045,67.0,65.0,132.0
000107,test,114.22282409667969,14.084223747253418,0.1233048141002655,114.222825,114.222825,114.222825,14.084224295976508,14.084224295976508,14.084224295976508,87.0,76.0,163.0
000106,test,80.1427230834961,9.905332565307617,0.12359615415334702,80.142725,80.142725,80.142725,9.905332128423307,9.905332128423307,9.905332128423307,56.0,58.0,114.0
000105,test,94.96745300292969,11.196578979492188,0.11789911985397339,94.96745,94.96745,94.96745,11.196579410583395,11.196579410583395,11.196579410583395,58.0,67.0,125.0
000108,test,77.90889739990234,9.426446914672852,0.12099320441484451,77.9089,77.9089,77.9089,9.42644688045289,9.42644688045289,9.42644688045289,50.0,56.0,106.0
000109,test,73.50987243652344,10.526754379272461,0.14320191740989685,73.509875,73.509875,73.509875,10.526754128617947,10.526754128617947,10.526754128617947,63.0,44.0,107.0
000110,test,87.13432312011719,10.04434585571289,0.11527427285909653,87.134325,87.134325,87.134325,10.044345762386667,10.044345762386667,10.044345762386667,59.0,66.0,125.0
000111,test,86.00279998779297,12.27623176574707,0.14274223148822784,86.0028,86.0028,86.0028,12.27623077984444,12.27623077984444,12.27623077984444,79.0,50.0,129.0
000115,test,98.18622589111328,13.428671836853027,0.13676737248897552,98.186225,98.186225,98.186225,13.428672505105446,13.428672505105446,13.428672505105446,77.0,60.0,137.0
000112,test,75.10462188720703,10.345596313476562,0.13774913549423218,75.104625,75.104625,75.104625,10.3455970639386,10.3455970639386,10.3455970639386,70.0,47.0,117.0
000113,test,89.74982452392578,12.528624534606934,0.13959497213363647,89.749825,89.749825,89.749825,12.528624723782535,12.528624723782535,12.528624723782535,78.0,54.0,132.0
000114,test,93.68370056152344,12.401628494262695,0.13237765431404114,93.6837,93.6837,93.6837,12.401629099033723,12.401629099033723,12.401629099033723,76.0,61.0,137.0
000116,test,105.27897644042969,12.04738998413086,0.11443300545215607,105.278975,105.278975,105.278975,12.047389673675164,12.047389673675164,12.047389673675164,61.0,77.0,138.0
000117,test,100.08857727050781,10.883687973022461,0.10874056071043015,100.088575,100.088575,100.088575,10.883688688554766,10.883688688554766,10.883688688554766,67.0,70.0,137.0
000118,test,107.4344253540039,10.35537338256836,0.0963878482580185,107.434425,107.434425,107.434425,10.355372997597671,10.355372997597671,10.355372997597671,68.0,76.0,144.0
000119,test,108.55682373046875,10.959822654724121,0.10095931589603424,108.556825,108.556825,108.556825,10.959823033214313,10.959823033214313,10.959823033214313,68.0,76.0,144.0
000120,test,111.78085327148438,11.194640159606934,0.10014810413122177,111.78085,111.78085,111.78085,11.194640381785383,11.194640381785383,11.194640381785383,77.0,74.0,151.0
000121,test,121.06712341308594,11.509503364562988,0.09506712853908539,121.067125,121.067125,121.067125,11.509503431268223,11.509503431268223,11.509503431268223,62.0,93.0,155.0
000124,test,116.20897674560547,11.074752807617188,0.09530032426118851,116.208975,116.208975,116.208975,11.074753019791233,11.074753019791233,11.074753019791233,80.0,76.0,156.0
000123,test,111.45525360107422,11.312954902648926,0.10150220990180969,111.45525,111.45525,111.45525,11.31295484997178,11.31295484997178,11.31295484997178,77.0,75.0,152.0
000122,test,118.08722686767578,12.225351333618164,0.10352814197540283,118.087225,118.087225,118.087225,12.2253513977871,12.2253513977871,12.2253513977871,89.0,74.0,163.0
000125,test,118.48590087890625,8.890458106994629,0.07503388822078705,118.4859,118.4859,118.4859,8.890458435311421,8.890458435311421,8.890458435311421,63.0,89.0,152.0
000126,test,109.5009536743164,10.49463176727295,0.09584055095911026,109.50095,109.50095,109.50095,10.494631918152251,10.494631918152251,10.494631918152251,65.0,83.0,148.0
000128,test,81.44892120361328,10.047762870788574,0.12336274981498718,81.448925,81.448925,81.448925,10.047763002000744,10.047763002000744,10.047763002000744,59.0,54.0,113.0
000127,test,87.7166519165039,9.923578262329102,0.11313220858573914,87.71665,87.71665,87.71665,9.923578627566771,9.923578627566771,9.923578627566771,57.0,59.0,116.0
000129,test,72.07882690429688,9.624290466308594,0.13352452218532562,72.078825,72.078825,72.078825,9.624290187820346,9.624290187820346,9.624290187820346,52.0,50.0,102.0
000132,test,89.46367645263672,10.654683113098145,0.11909507215023041,89.463675,89.463675,89.463675,10.654683500431865,10.654683500431865,10.654683500431865,64.0,63.0,127.0
000130,test,123.27497863769531,9.810396194458008,0.07958140969276428,123.274975,123.274975,123.274975,9.81039569790001,9.81039569790001,9.81039569790001,81.0,84.0,165.0
000131,test,71.57867431640625,8.702844619750977,0.12158432602882385,71.578675,71.578675,71.578675,8.702844951185503,8.702844951185503,8.702844951185503,51.0,50.0,101.0
000133,test,75.84622192382812,9.346728324890137,0.12323261797428131,75.846225,75.846225,75.846225,9.346728210950342,9.346728210950342,9.346728210950342,52.0,56.0,108.0
000135,test,96.00257873535156,10.793573379516602,0.11243003606796265,96.002575,96.002575,96.002575,10.793573012185306,10.793573012185306,10.793573012185306,65.0,64.0,129.0
000134,test,93.34127807617188,10.308009147644043,0.11043355613946915,93.341275,93.341275,93.341275,10.308009331310048,10.308009331310048,10.308009331310048,64.0,65.0,129.0
000136,test,107.17277526855469,9.951468467712402,0.09285444766283035,107.172775,107.172775,107.172775,9.951468424276639,9.951468424276639,9.951468424276639,81.0,60.0,141.0
000138,test,80.77952575683594,12.538070678710938,0.15521347522735596,80.779525,80.779525,80.779525,12.538070655981128,12.538070655981128,12.538070655981128,76.0,46.0,122.0
000140,test,88.89102172851562,12.985722541809082,0.14608587324619293,88.891025,88.891025,88.891025,12.985722908231756,12.985722908231756,12.985722908231756,96.0,42.0,138.0
000137,test,122.1988525390625,11.376119613647461,0.09309514611959457,122.19885,122.19885,122.19885,11.376120106499405,11.376120106499405,11.376120106499405,101.0,59.0,160.0
000139,test,74.87000274658203,8.723058700561523,0.11650939285755157,74.87,74.87,74.87,8.72305852324745,8.72305852324745,8.72305852324745,68.0,41.0,109.0
000142,test,101.79582214355469,8.809022903442383,0.08653619140386581,101.795825,101.795825,101.795825,8.809023076901036,8.809023076901036,8.809023076901036,66.0,66.0,132.0
000144,test,88.98617553710938,11.219265937805176,0.1260787546634674,88.986175,88.986175,88.986175,11.21926619121656,11.21926619121656,11.21926619121656,70.0,47.0,117.0
000141,test,93.56147766113281,13.092937469482422,0.13993939757347107,93.561475,93.561475,93.561475,13.092937822520009,13.092937822520009,13.092937822520009,100.0,41.0,141.0
000143,test,78.20130157470703,10.298457145690918,0.13169163465499878,78.2013,78.2013,78.2013,10.298457569461556,10.298457569461556,10.298457569461556,64.0,48.0,112.0
000145,test,88.27567291259766,10.990974426269531,0.12450739741325378,88.275675,88.275675,88.275675,10.990974856416287,10.990974856416287,10.990974856416287,64.0,61.0,125.0
000147,test,108.3417739868164,12.794042587280273,0.11808965355157852,108.341775,108.341775,108.341775,12.794042162247825,12.794042162247825,12.794042162247825,77.0,63.0,140.0
000148,test,95.63445281982422,12.031744956970215,0.12580972909927368,95.63445,95.63445,95.63445,12.03174439545239,12.03174439545239,12.03174439545239,67.0,61.0,128.0
000146,test,100.08982849121094,11.530096054077148,0.11519747972488403,100.089825,100.089825,100.089825,11.530095683444044,11.530095683444044,11.530095683444044,67.0,64.0,131.0
000150,test,125.64309692382812,10.561561584472656,0.08406002074480057,125.6431,125.6431,125.6431,10.561561077321855,10.561561077321855,10.561561077321855,64.0,91.0,155.0
000149,test,106.04305267333984,9.029017448425293,0.08514482527971268,106.04305,106.04305,106.04305,9.029016928630712,9.029016928630712,9.029016928630712,66.0,68.0,134.0
000152,test,106.86785125732422,16.632232666015625,0.15563364326953888,106.86785,106.86785,106.86785,16.632233355069907,16.632233355069907,16.632233355069907,92.0,65.0,157.0
000151,test,116.81642150878906,14.63768482208252,0.12530502676963806,116.816425,116.816425,116.816425,14.637685104529849,14.637685104529849,14.637685104529849,86.0,71.0,157.0
000155,test,98.53569793701172,12.185314178466797,0.12366395443677902,98.5357,98.5357,98.5357,12.185313927429199,12.185313927429199,12.185313927429199,70.0,72.0,142.0
000154,test,113.09522247314453,13.070738792419434,0.11557286232709885,113.095225,113.095225,113.095225,13.070738586605387,13.070738586605387,13.070738586605387,93.0,63.0,156.0
000153,test,100.34557342529297,16.541473388671875,0.1648450791835785,100.345575,100.345575,100.345575,16.54147372271815,16.54147372271815,16.54147372271815,101.0,57.0,158.0
000160,test,84.14530181884766,10.667250633239746,0.12677179276943207,84.1453,84.1453,84.1453,10.667250719374698,10.667250719374698,10.667250719374698,65.0,60.0,125.0
000158,test,118.30985260009766,9.955354690551758,0.08414645493030548,118.30985,118.30985,118.30985,9.955354990029235,9.955354990029235,9.955354990029235,64.0,93.0,157.0
000157,test,122.33637237548828,7.707491397857666,0.06300245225429535,122.336375,122.336375,122.336375,7.707491606182585,7.707491606182585,7.707491606182585,51.0,96.0,147.0
000156,test,77.22107696533203,10.684713363647461,0.1383652538061142,77.221075,77.221075,77.221075,10.684713418916532,10.684713418916532,10.684713418916532,61.0,51.0,112.0
000159,test,72.0125732421875,9.277985572814941,0.1288384050130844,72.012575,72.012575,72.012575,9.277985604072416,9.277985604072416,9.277985604072416,50.0,52.0,102.0
000161,test,90.32530212402344,11.105907440185547,0.12295455485582352,90.3253,90.3253,90.3253,11.105907432983583,11.105907432983583,11.105907432983583,63.0,62.0,125.0
000163,test,113.3917007446289,14.41373348236084,0.12711453437805176,113.3917,113.3917,113.3917,14.413733767140283,14.413733767140283,14.413733767140283,85.0,72.0,157.0
000164,test,117.89765167236328,16.450515747070312,0.1395321786403656,117.89765,117.89765,117.89765,16.4505144137653,16.4505144137653,16.4505144137653,93.0,65.0,158.0
000165,test,95.77429962158203,15.314754486083984,0.1599046289920807,95.7743,95.7743,95.7743,15.314754634338742,15.314754634338742,15.314754634338742,90.0,56.0,146.0
000166,test,99.28642272949219,12.811029434204102,0.12903103232383728,99.286425,99.286425,99.286425,12.81102984616674,12.81102984616674,12.81102984616674,88.0,54.0,142.0
000167,test,79.81927490234375,11.312511444091797,0.1417265683412552,79.819275,79.819275,79.819275,11.312511369027437,11.312511369027437,11.312511369027437,63.0,51.0,114.0
000162,test,118.33427429199219,14.279895782470703,0.12067421525716782,118.334275,118.334275,118.334275,14.279896190952334,14.279896190952334,14.279896190952334,87.0,71.0,158.0
000168,test,93.0812759399414,13.209671974182129,0.1419154554605484,93.081275,93.081275,93.081275,13.209671433248255,13.209671433248255,13.209671433248255,69.0,63.0,132.0
000170,test,85.01722717285156,11.290144920349121,0.13279831409454346,85.017225,85.017225,85.017225,11.290145185044123,11.290145185044123,11.290145185044123,62.0,52.0,114.0
000172,test,104.517578125,8.513644218444824,0.08145657926797867,104.517575,104.517575,104.517575,8.513644408793159,8.513644408793159,8.513644408793159,68.0,67.0,135.0
000169,test,69.24272155761719,8.435577392578125,0.12182619422674179,69.242725,69.242725,69.242725,8.4355770149039,8.4355770149039,8.4355770149039,47.0,48.0,95.0
000175,test,111.36872863769531,10.020833969116211,0.08997888118028641,111.368725,111.368725,111.368725,10.020834140647924,10.020834140647924,10.020834140647924,74.0,68.0,142.0
000171,test,94.56105041503906,11.095675468444824,0.11733874678611755,94.56105,94.56105,94.56105,11.095675864835815,11.095675864835815,11.095675864835815,68.0,56.0,124.0
000176,test,104.5792465209961,10.532735824584961,0.10071535408496857,104.57925,104.57925,104.57925,10.532735610348338,10.532735610348338,10.532735610348338,73.0,68.0,141.0
000174,test,106.9574966430664,7.7621965408325195,0.072572723031044,106.9575,106.9575,106.9575,7.762196451391835,7.762196451391835,7.762196451391835,62.0,72.0,134.0
000173,test,114.98267364501953,10.06468677520752,0.08753219991922379,114.982675,114.982675,114.982675,10.064687021680058,10.064687021680058,10.064687021680058,78.0,67.0,145.0
000177,test,129.2603759765625,7.299642562866211,0.05647239089012146,129.260375,129.260375,129.260375,7.2996424473651444,7.2996424473651444,7.2996424473651444,58.0,100.0,158.0
000178,test,116.95652770996094,9.074666976928711,0.07759008556604385,116.956525,116.956525,116.956525,9.074667207362207,9.074667207362207,9.074667207362207,75.0,68.0,143.0
000179,test,80.70697784423828,9.982726097106934,0.12369099259376526,80.706975,80.706975,80.706975,9.982725647305701,9.982725647305701,9.982725647305701,52.0,57.0,109.0
000181,test,86.67095184326172,10.053356170654297,0.11599452793598175,86.67095,86.67095,86.67095,10.053356459287615,10.053356459287615,10.053356459287615,59.0,61.0,120.0
000180,test,126.56242370605469,8.597671508789062,0.06793226301670074,126.562425,126.562425,126.562425,8.597671377726355,8.597671377726355,8.597671377726355,62.0,96.0,158.0
000184,test,79.73079681396484,12.328767776489258,0.1546299308538437,79.7308,79.7308,79.7308,12.328768444577097,12.328768444577097,12.328768444577097,61.0,53.0,114.0
000182,test,80.26850128173828,11.02776050567627,0.13738590478897095,80.2685,80.2685,80.2685,11.027760776785104,11.027760776785104,11.027760776785104,61.0,54.0,115.0
000183,test,82.84555053710938,11.182709693908691,0.1349826157093048,82.84555,82.84555,82.84555,11.182709653634936,11.182709653634936,11.182709653634936,61.0,56.0,117.0
000186,test,96.34095001220703,13.172636985778809,0.13672935962677002,96.34095,96.34095,96.34095,13.17263652795066,13.17263652795066,13.17263652795066,77.0,60.0,137.0
000185,test,77.79342651367188,12.009856224060059,0.1543813794851303,77.793425,77.793425,77.793425,12.009856442496513,12.009856442496513,12.009856442496513,61.0,53.0,114.0
000187,test,92.04215240478516,12.5387544631958,0.13622839748859406,92.04215,92.04215,92.04215,12.538754857540681,12.538754857540681,12.538754857540681,67.0,61.0,128.0
000192,test,82.90962219238281,11.841830253601074,0.14282818138599396,82.909625,82.909625,82.909625,11.841830828017052,11.841830828017052,11.841830828017052,72.0,53.0,125.0
000191,test,108.38020324707031,11.475484848022461,0.10588174313306808,108.3802,108.3802,108.3802,11.475484650331769,11.475484650331769,11.475484650331769,81.0,66.0,147.0
000188,test,107.1884536743164,13.843151092529297,0.12914778292179108,107.18845,107.18845,107.18845,13.843151252424427,13.843151252424427,13.843151252424427,86.0,61.0,147.0
000190,test,96.93560028076172,15.351665496826172,0.1583697348833084,96.9356,96.9356,96.9356,15.351666119350043,15.351666119350043,15.351666119350043,81.0,60.0,141.0
000193,test,90.2210464477539,11.211007118225098,0.12426155060529709,90.22105,90.22105,90.22105,11.211007398869203,11.211007398869203,11.211007398869203,64.0,59.0,123.0
000189,test,108.7060775756836,13.13077163696289,0.12079151719808578,108.706075,108.706075,108.706075,13.13077237234638,13.13077237234638,13.13077237234638,86.0,61.0,147.0
000194,test,61.9921760559082,9.01319408416748,0.14539244771003723,61.992175,61.992175,61.992175,9.0131938717291,9.0131938717291,9.0131938717291,48.0,41.0,89.0
000196,test,112.86920166015625,11.79085636138916,0.10446477681398392,112.8692,112.8692,112.8692,11.79085626067929,11.79085626067929,11.79085626067929,73.0,82.0,155.0
000195,test,80.51274871826172,8.401049613952637,0.10434433817863464,80.51275,80.51275,80.51275,8.401049781872501,8.401049781872501,8.401049781872501,44.0,62.0,106.0
000197,test,82.03434753417969,9.618480682373047,0.11724942922592163,82.03435,82.03435,82.03435,9.618480653278874,9.618480653278874,9.618480653278874,51.0,60.0,111.0
000198,test,91.23909759521484,10.642529487609863,0.11664439737796783,91.2391,91.2391,91.2391,10.64252936054207,10.64252936054207,10.64252936054207,56.0,64.0,120.0
000200,test,82.58657836914062,10.054080963134766,0.12173988670110703,82.586575,82.586575,82.586575,10.0540814980472,10.0540814980472,10.0540814980472,49.0,63.0,112.0
000199,test,99.78152465820312,10.780718803405762,0.10804323852062225,99.781525,99.781525,99.781525,10.780718606585324,10.780718606585324,10.780718606585324,59.0,73.0,132.0
000202,test,142.00563049316406,60.62931823730469,0.4269500970840454,142.005625,142.005625,142.005625,60.62931876047573,60.62931876047573,60.62931876047573,244.0,11.0,255.0
000201,test,166.910400390625,51.892513275146484,0.31090041995048523,166.9104,166.9104,166.9104,51.8925107490474,51.8925107490474,51.8925107490474,223.0,32.0,255.0
000203,test,144.7965545654297,62.05705261230469,0.42858099937438965,144.79655,144.79655,144.79655,62.05705365304979,62.05705365304979,62.05705365304979,230.0,25.0,255.0
000204,test,91.42627716064453,47.77721405029297,0.5225763916969299,91.426275,91.426275,91.426275,47.777214387450165,47.777214387450165,47.777214387450165,255.0,0.0,255.0
000206,test,96.00385284423828,55.05793380737305,0.5734971165657043,96.00385,96.00385,96.00385,55.05793389855362,55.05793389855362,55.05793389855362,247.0,8.0,255.0
000208,test,143.3097686767578,46.579917907714844,0.3250296115875244,143.309775,143.309775,143.309775,46.57991750153037,46.57991750153037,46.57991750153037,233.0,22.0,255.0
000205,test,136.91470336914062,60.49724578857422,0.4418608248233795,136.9147,136.9147,136.9147,60.49724682917397,60.49724682917397,60.49724682917397,244.0,11.0,255.0
000207,test,85.50379943847656,63.10847091674805,0.7380779981613159,85.5038,85.5038,85.5038,63.10847158314009,63.10847158314009,63.10847158314009,255.0,0.0,255.0
000211,test,161.81602478027344,56.00515365600586,0.34610387682914734,161.816025,161.816025,161.816025,56.00515358607076,56.00515358607076,56.00515358607076,235.0,20.0,255.0
000210,test,148.3802947998047,48.69656753540039,0.3281875550746918,148.3803,148.3803,148.3803,48.69656735243255,48.69656735243255,48.69656735243255,229.0,26.0,255.0
000212,test,122.06482696533203,43.02153396606445,0.3524482548236847,122.064825,122.064825,122.064825,43.02153556905396,43.02153556905396,43.02153556905396,236.0,19.0,255.0
000215,test,174.2708282470703,64.96923065185547,0.3728061020374298,174.270825,174.270825,174.270825,64.96922755289134,64.96922755289134,64.96922755289134,235.0,20.0,255.0
000209,test,152.35877990722656,48.982940673828125,0.3214973211288452,152.358775,152.358775,152.358775,48.98294249531539,48.98294249531539,48.98294249531539,255.0,0.0,255.0
000213,test,166.5116424560547,48.169395446777344,0.28928545117378235,166.51165,166.51165,166.51165,48.16939603397057,48.16939603397057,48.16939603397057,231.0,24.0,255.0
000216,test,177.2063446044922,71.98433685302734,0.4062176048755646,177.20635,177.20635,177.20635,71.98433732193067,71.98433732193067,71.98433732193067,235.0,20.0,255.0
000214,test,156.09481811523438,48.24028015136719,0.3090447187423706,156.094825,156.094825,156.094825,48.24027812128963,48.24027812128963,48.24027812128963,243.0,12.0,255.0
000217,test,111.81912231445312,55.80000686645508,0.4990202486515045,111.819125,111.819125,111.819125,55.80000590711774,55.80000590711774,55.80000590711774,239.0,16.0,255.0
000221,test,114.84705352783203,57.742374420166016,0.5027762651443481,114.84705,114.84705,114.84705,57.7423748758007,57.7423748758007,57.7423748758007,240.0,15.0,255.0
000222,test,161.06402587890625,61.935646057128906,0.38454052805900574,161.064025,161.064025,161.064025,61.93564543782017,61.93564543782017,61.93564543782017,231.0,24.0,255.0
000218,test,156.38819885253906,57.14374923706055,0.36539679765701294,156.3882,156.3882,156.3882,57.143747258645895,57.143747258645895,57.143747258645895,225.0,30.0,255.0
000219,test,112.96759796142578,60.81956100463867,0.5383805632591248,112.9676,112.9676,112.9676,60.81955812269602,60.81955812269602,60.81955812269602,240.0,15.0,255.0
000220,test,162.4735565185547,64.34716033935547,0.3960469663143158,162.47355,162.47355,162.47355,64.34716000257899,64.34716000257899,64.34716000257899,255.0,0.0,255.0
000223,test,70.2166519165039,53.046669006347656,0.7554713487625122,70.21665,70.21665,70.21665,53.04667155229912,53.04667155229912,53.04667155229912,255.0,0.0,255.0
000224,test,121.58562469482422,45.72666549682617,0.37608611583709717,121.585625,121.585625,121.585625,45.7266669281654,45.7266669281654,45.7266669281654,252.0,3.0,255.0
000225,test,138.5844268798828,54.86091613769531,0.39586639404296875,138.584425,138.584425,138.584425,54.860913430413966,54.860913430413966,54.860913430413966,243.0,12.0,255.0
000226,test,127.82025146484375,68.42460632324219,0.5353189706802368,127.82025,127.82025,127.82025,68.42460843832063,68.42460843832063,68.42460843832063,255.0,0.0,255.0
000227,test,166.57005310058594,70.45508575439453,0.42297571897506714,166.57005,166.57005,166.57005,70.45508777226453,70.45508777226453,70.45508777226453,255.0,0.0,255.0
000229,test,85.83795166015625,62.067813873291016,0.7230812311172485,85.83795,85.83795,85.83795,62.067813235182534,62.067813235182534,62.067813235182534,255.0,0.0,255.0
000230,test,37.03395080566406,31.201061248779297,0.8424988389015198,37.03395,37.03395,37.03395,31.201060837694286,31.201060837694286,31.201060837694286,160.0,0.0,160.0
000228,test,162.5925750732422,72.42352294921875,0.4454294741153717,162.592575,162.592575,162.592575,72.42352677044508,72.42352677044508,72.42352677044508,248.0,7.0,255.0
000231,test,102.2417984008789,57.32134246826172,0.5606449246406555,102.2418,102.2418,102.2418,57.32134404181396,57.32134404181396,57.32134404181396,255.0,0.0,255.0
000232,test,48.52050018310547,32.98740768432617,0.6798653602600098,48.5205,48.5205,48.5205,32.98740562320717,32.98740562320717,32.98740562320717,179.0,0.0,179.0
000233,test,176.0709228515625,61.100128173828125,0.3470199704170227,176.070925,176.070925,176.070925,61.10012843394337,61.10012843394337,61.10012843394337,247.0,8.0,255.0
000234,test,187.90635681152344,54.51679229736328,0.2901274561882019,187.90635,187.90635,187.90635,54.516794473606936,54.516794473606936,54.516794473606936,248.0,7.0,255.0
000236,test,178.64535522460938,66.85367584228516,0.3742256462574005,178.64535,178.64535,178.64535,66.85367097906816,66.85367097906816,66.85367097906816,255.0,0.0,255.0
000235,test,197.15960693359375,61.63261795043945,0.3126026690006256,197.1596,197.1596,197.1596,61.63261699652222,61.63261699652222,61.63261699652222,253.0,2.0,255.0
000237,test,195.0677490234375,51.45420455932617,0.2637760639190674,195.06775,195.06775,195.06775,51.454204978189104,51.454204978189104,51.454204978189104,243.0,12.0,255.0
000239,test,207.23129272460938,44.63370132446289,0.21538108587265015,207.2313,207.2313,207.2313,44.63369915557078,44.63369915557078,44.63369915557078,231.0,24.0,255.0
000238,test,179.6417694091797,71.71807861328125,0.3992283046245575,179.641775,179.641775,179.641775,71.71807791519078,71.71807791519078,71.71807791519078,244.0,11.0,255.0
000240,test,200.2147216796875,61.73482131958008,0.3083430528640747,200.214725,200.214725,200.214725,61.734820953610736,61.734820953610736,61.734820953610736,255.0,0.0,255.0
000241,test,177.77577209472656,70.74319458007812,0.3979349732398987,177.775775,177.775775,177.775775,70.74319082533226,70.74319082533226,70.74319082533226,241.0,14.0,255.0
000242,test,213.6107940673828,62.29776382446289,0.2916414737701416,213.6108,213.6108,213.6108,62.297762587110626,62.297762587110626,62.297762587110626,224.0,31.0,255.0
000243,test,198.37982177734375,62.30223846435547,0.31405532360076904,198.379825,198.379825,198.379825,62.30224039285726,62.30224039285726,62.30224039285726,234.0,21.0,255.0
000244,test,191.0638427734375,58.009281158447266,0.30361202359199524,191.06385,191.06385,191.06385,58.00928221567217,58.00928221567217,58.00928221567217,255.0,0.0,255.0
000245,test,150.2867431640625,55.93976593017578,0.3722202181816101,150.28675,150.28675,150.28675,55.93976603845872,55.93976603845872,55.93976603845872,254.0,1.0,255.0
000246,test,140.7948760986328,71.88468933105469,0.5105632543563843,140.794875,140.794875,140.794875,71.88469133782502,71.88469133782502,71.88469133782502,250.0,5.0,255.0
000248,test,205.38177490234375,54.15925598144531,0.263700395822525,205.381775,205.381775,205.381775,54.15925242144111,54.15925242144111,54.15925242144111,249.0,6.0,255.0
000247,test,184.30282592773438,72.67060089111328,0.3942999839782715,184.302825,184.302825,184.302825,72.67059840141249,72.67059840141249,72.67059840141249,231.0,24.0,255.0
000249,test,147.13084411621094,65.4798583984375,0.4450450837612152,147.13085,147.13085,147.13085,65.47985780587416,65.47985780587416,65.47985780587416,252.0,3.0,255.0
000251,test,204.86790466308594,50.20772171020508,0.24507363140583038,204.8679,204.8679,204.8679,50.20772051776499,50.20772051776499,50.20772051776499,243.0,12.0,255.0
000252,test,158.19752502441406,71.84535217285156,0.45414966344833374,158.197525,158.197525,158.197525,71.84534925013848,71.84534925013848,71.84534925013848,243.0,12.0,255.0
000250,test,223.6697540283203,52.836551666259766,0.23622573912143707,223.66975,223.66975,223.66975,52.836550180130985,52.836550180130985,52.836550180130985,232.0,23.0,255.0
000253,test,195.36431884765625,66.26888275146484,0.3392066955566406,195.364325,195.364325,195.364325,66.26888177941721,66.26888177941721,66.26888177941721,242.0,13.0,255.0
000255,test,208.41799926757812,62.91486740112305,0.3018686771392822,208.418,208.418,208.418,62.91486967323385,62.91486967323385,62.91486967323385,226.0,29.0,255.0
000254,test,150.4989013671875,57.83854675292969,0.38431209325790405,150.4989,150.4989,150.4989,57.838545527960854,57.838545527960854,57.838545527960854,236.0,19.0,255.0
000257,test,214.9503173828125,52.823875427246094,0.24574923515319824,214.950325,214.950325,214.950325,52.82387440726376,52.82387440726376,52.82387440726376,247.0,8.0,255.0
000256,test,161.12864685058594,55.920230865478516,0.34705331921577454,161.12865,161.12865,161.12865,55.92022844353821,55.92022844353821,55.92022844353821,252.0,3.0,255.0
000258,test,182.05967712402344,68.01547241210938,0.373588889837265,182.059675,182.059675,182.059675,68.015478120016,68.015478120016,68.015478120016,234.0,21.0,255.0
000260,test,187.86727905273438,58.39130783081055,0.31081148982048035,187.867275,187.867275,187.867275,58.39130807812388,58.39130807812388,58.39130807812388,231.0,24.0,255.0
000259,test,209.64027404785156,56.57218551635742,0.2698536217212677,209.640275,209.640275,209.640275,56.572187715558385,56.572187715558385,56.572187715558385,236.0,19.0,255.0
000261,test,194.2991180419922,44.15906524658203,0.227273628115654,194.299125,194.299125,194.299125,44.15906474592023,44.15906474592023,44.15906474592023,242.0,13.0,255.0
000263,test,193.9298553466797,39.93970489501953,0.20594923198223114,193.92985,193.92985,193.92985,39.93970554445163,39.93970554445163,39.93970554445163,255.0,0.0,255.0
000265,test,66.1864242553711,26.257108688354492,0.3967144191265106,66.186425,66.186425,66.186425,26.257108955849937,26.257108955849937,26.257108955849937,153.0,0.0,153.0
000264,test,149.53395080566406,46.52058029174805,0.31110379099845886,149.53395,149.53395,149.53395,46.520577676953884,46.520577676953884,46.520577676953884,228.0,27.0,255.0
000262,test,189.91314697265625,40.625770568847656,0.21391762793064117,189.91315,189.91315,189.91315,40.62577023365218,40.62577023365218,40.62577023365218,220.0,35.0,255.0
000266,test,156.02914428710938,47.44293212890625,0.30406454205513,156.02915,156.02915,156.02915,47.44293151015755,47.44293151015755,47.44293151015755,236.0,19.0,255.0
000267,test,160.49502563476562,49.11226272583008,0.3060048818588257,160.495025,160.495025,160.495025,49.11226400044469,49.11226400044469,49.11226400044469,233.0,22.0,255.0
000269,test,168.90045166015625,50.121681213378906,0.29675281047821045,168.90045,168.90045,168.90045,50.12167983814489,50.12167983814489,50.12167983814489,240.0,15.0,255.0
000268,test,151.003173828125,42.51001739501953,0.2815173864364624,151.003175,151.003175,151.003175,42.51001840648125,42.51001840648125,42.51001840648125,240.0,15.0,255.0
000270,test,102.13674926757812,47.724937438964844,0.4672650992870331,102.13675,102.13675,102.13675,47.72493634817651,47.72493634817651,47.72493634817651,255.0,0.0,255.0
000273,test,171.6134033203125,47.746246337890625,0.2782197892665863,171.6134,171.6134,171.6134,47.746244778411636,47.746244778411636,47.746244778411636,239.0,16.0,255.0
000271,test,110.45394897460938,55.586708068847656,0.5032568573951721,110.45395,110.45395,110.45395,55.586711356200055,55.586711356200055,55.586711356200055,255.0,0.0,255.0
000275,test,169.15614318847656,54.680240631103516,0.3232530653476715,169.15615,169.15615,169.15615,54.68024156107487,54.68024156107487,54.68024156107487,240.0,15.0,255.0
000272,test,87.52629852294922,26.212541580200195,0.29948189854621887,87.5263,87.5263,87.5263,26.212542003972068,26.212542003972068,26.212542003972068,214.0,7.0,221.0
000274,test,127.82319641113281,54.51426696777344,0.42648181319236755,127.8232,127.8232,127.8232,54.5142668643723,54.5142668643723,54.5142668643723,255.0,0.0,255.0
000277,test,135.55657958984375,43.648277282714844,0.32199305295944214,135.556575,135.556575,135.556575,43.648274298869765,43.648274298869765,43.648274298869765,246.0,9.0,255.0
000276,test,155.64524841308594,56.07520294189453,0.3602757155895233,155.64525,155.64525,155.64525,56.07520086845432,56.07520086845432,56.07520086845432,243.0,12.0,255.0
000278,test,161.92564392089844,54.48604965209961,0.33648809790611267,161.92565,161.92565,161.92565,54.48605116979482,54.48605116979482,54.48605116979482,237.0,18.0,255.0
000280,test,154.5211944580078,56.05427932739258,0.36276111006736755,154.5212,154.5212,154.5212,56.05427548867258,56.05427548867258,56.05427548867258,237.0,18.0,255.0
000282,test,185.06942749023438,52.514617919921875,0.2837563157081604,185.069425,185.069425,185.069425,52.514618014124174,52.514618014124174,52.514618014124174,237.0,18.0,255.0
000284,test,136.5899200439453,66.6216812133789,0.4877496063709259,136.589925,136.589925,136.589925,66.62167825486218,66.62167825486218,66.62167825486218,246.0,9.0,255.0
000279,test,168.4044952392578,60.45109176635742,0.35896363854408264,168.4045,168.4045,168.4045,60.45108791204671,60.45108791204671,60.45108791204671,232.0,23.0,255.0
000281,test,153.10789489746094,62.77890396118164,0.4100304841995239,153.1079,153.1079,153.1079,62.77890416047416,62.77890416047416,62.77890416047416,236.0,19.0,255.0
000283,test,133.93569946289062,53.81548309326172,0.40180090069770813,133.9357,133.9357,133.9357,53.81548351088188,53.81548351088188,53.81548351088188,238.0,17.0,255.0
000285,test,127.75047302246094,48.450008392333984,0.3792550265789032,127.750475,127.750475,127.750475,48.450009414595314,48.450009414595314,48.450009414595314,240.0,15.0,255.0
000286,test,141.29107666015625,50.891422271728516,0.3601885139942169,141.291075,141.291075,141.291075,50.89141971240707,50.89141971240707,50.89141971240707,231.0,24.0,255.0
000287,test,152.97549438476562,60.902427673339844,0.39811885356903076,152.9755,152.9755,152.9755,60.902426468491385,60.902426468491385,60.902426468491385,244.0,11.0,255.0
000288,test,113.61100006103516,51.52159881591797,0.45349130034446716,113.611,113.611,113.611,51.52159769455912,51.52159769455912,51.52159769455912,244.0,11.0,255.0
000290,test,128.02435302734375,57.24348068237305,0.44712963700294495,128.02435,128.02435,128.02435,57.243478292968014,57.243478292968014,57.243478292968014,240.0,15.0,255.0
000289,test,124.2896499633789,59.52592849731445,0.4789290726184845,124.28965,124.28965,124.28965,59.525924208511874,59.525924208511874,59.525924208511874,242.0,13.0,255.0
000291,test,99.31514739990234,42.03709030151367,0.42326968908309937,99.31515,99.31515,99.31515,42.03708874883583,42.03708874883583,42.03708874883583,249.0,6.0,255.0
000292,test,78.48445129394531,38.78264617919922,0.4941443204879761,78.48445,78.48445,78.48445,38.78264828757185,38.78264828757185,38.78264828757185,224.0,2.0,226.0
000293,test,95.62235260009766,54.17170715332031,0.566517174243927,95.62235,95.62235,95.62235,54.171707841616914,54.171707841616914,54.171707841616914,252.0,3.0,255.0
000294,test,167.27816772460938,33.58406448364258,0.20076777040958405,167.278175,167.278175,167.278175,33.584065323742074,33.584065323742074,33.584065323742074,225.0,30.0,255.0
000296,test,72.17647552490234,31.488628387451172,0.4362727403640747,72.176475,72.176475,72.176475,31.48862781345632,31.48862781345632,31.48862781345632,188.0,0.0,188.0
000298,test,100.71802520751953,47.91556930541992,0.4757397472858429,100.718025,100.718025,100.718025,47.91556756524308,47.91556756524308,47.91556756524308,248.0,7.0,255.0
000299,test,92.59742736816406,51.94353485107422,0.5609608888626099,92.597425,92.597425,92.597425,51.943534808187394,51.943534808187394,51.943534808187394,253.0,0.0,253.0
000300,test,119.4094467163086,55.430782318115234,0.4642076790332794,119.40945,119.40945,119.40945,55.43078116622117,55.43078116622117,55.43078116622117,255.0,0.0,255.0
000295,test,128.1975555419922,48.1850471496582,0.3758655786514282,128.19755,128.19755,128.19755,48.185046684604345,48.185046684604345,48.185046684604345,246.0,9.0,255.0
000297,test,35.599525451660156,17.556659698486328,0.49317118525505066,35.599525,35.599525,35.599525,17.556659556258843,17.556659556258843,17.556659556258843,99.0,0.0,99.0
000302,test,178.64634704589844,52.36206817626953,0.2931046187877655,178.64635,178.64635,178.64635,52.36207102166128,52.36207102166128,52.36207102166128,233.0,22.0,255.0
000301,test,116.3376235961914,59.19477081298828,0.5088188052177429,116.337625,116.337625,116.337625,59.19476948480647,59.19476948480647,59.19476948480647,250.0,5.0,255.0
000303,test,151.8851318359375,46.705291748046875,0.3075040280818939,151.885125,151.885125,151.885125,46.70528962263669,46.70528962263669,46.70528962263669,225.0,30.0,255.0
000304,test,163.59689331054688,57.2479133605957,0.3499327600002289,163.5969,163.5969,163.5969,57.247914026539,57.247914026539,57.247914026539,242.0,13.0,255.0
000306,test,54.56129837036133,23.02571678161621,0.42201554775238037,54.5613,54.5613,54.5613,23.02571589136807,23.02571589136807,23.02571589136807,147.0,0.0,147.0
000307,test,138.64654541015625,40.344451904296875,0.2909877896308899,138.64655,138.64655,138.64655,40.344454056257845,40.344454056257845,40.344454056257845,232.0,23.0,255.0
000305,test,116.3376235961914,59.19477081298828,0.5088188052177429,116.337625,116.337625,116.337625,59.19476948480647,59.19476948480647,59.19476948480647,250.0,5.0,255.0
000308,test,143.196044921875,70.56512451171875,0.49278682470321655,143.19605,143.19605,143.19605,70.56512498676312,70.56512498676312,70.56512498676312,230.0,25.0,255.0
000309,test,125.37372589111328,43.577789306640625,0.3475831151008606,125.373725,125.373725,125.373725,43.577790841486845,43.577790841486845,43.577790841486845,236.0,19.0,255.0
000312,test,141.3683319091797,71.03527069091797,0.502483606338501,141.368325,141.368325,141.368325,71.03527054706257,71.03527054706257,71.03527054706257,247.0,8.0,255.0
000314,test,127.53295135498047,65.74703216552734,0.5155297517776489,127.53295,127.53295,127.53295,65.7470327413907,65.7470327413907,65.7470327413907,235.0,20.0,255.0
000310,test,171.49075317382812,59.68019104003906,0.3480082154273987,171.49075,171.49075,171.49075,59.680190720518816,59.680190720518816,59.680190720518816,239.0,16.0,255.0
000311,test,146.13314819335938,72.10528564453125,0.4934218227863312,146.13315,146.13315,146.13315,72.10528219955525,72.10528219955525,72.10528219955525,250.0,5.0,255.0
000313,test,180.3231201171875,60.05182647705078,0.33302345871925354,180.323125,180.323125,180.323125,60.05182399589853,60.05182399589853,60.05182399589853,248.0,7.0,255.0
000315,test,115.5876235961914,56.535011291503906,0.4891095459461212,115.587625,115.587625,115.587625,56.53501191172931,56.53501191172931,56.53501191172931,243.0,12.0,255.0
000316,test,125.35220336914062,64.40331268310547,0.5137788653373718,125.3522,125.3522,125.3522,64.40331633666081,64.40331633666081,64.40331633666081,241.0,14.0,255.0
000317,test,44.11837387084961,21.08902931213379,0.4780101180076599,44.118375,44.118375,44.118375,21.089029431421803,21.089029431421803,21.089029431421803,113.0,0.0,113.0
000318,test,105.99927520751953,54.434085845947266,0.5135326385498047,105.999275,105.999275,105.999275,54.434084216365534,54.434084216365534,54.434084216365534,239.0,16.0,255.0
000320,test,116.99250030517578,61.01655960083008,0.521542489528656,116.9925,116.9925,116.9925,61.01656163493646,61.01656163493646,61.01656163493646,242.0,13.0,255.0
000319,test,99.75277709960938,60.14143753051758,0.6029049158096313,99.752775,99.752775,99.752775,60.14143791762361,60.14143791762361,60.14143791762361,253.0,2.0,255.0
000322,test,44.207401275634766,25.314674377441406,0.5726342797279358,44.2074,44.2074,44.2074,25.3146733188481,25.3146733188481,25.3146733188481,145.0,0.0,145.0
000323,test,83.66004943847656,39.19977569580078,0.46856027841567993,83.66005,83.66005,83.66005,39.199779131998945,39.199779131998945,39.199779131998945,221.0,8.0,229.0
000321,test,151.54844665527344,52.75189208984375,0.34808599948883057,151.54845,151.54845,151.54845,52.751890985987416,52.751890985987416,52.751890985987416,236.0,19.0,255.0
000324,test,111.25530242919922,62.50218200683594,0.5617905855178833,111.2553,111.2553,111.2553,62.502180937228104,62.502180937228104,62.502180937228104,246.0,9.0,255.0
000325,test,160.9386444091797,54.481689453125,0.33852460980415344,160.93865,160.93865,160.93865,54.48169037555186,54.48169037555186,54.48169037555186,230.0,25.0,255.0
000330,test,119.11087799072266,64.66504669189453,0.5428978800773621,119.110875,119.110875,119.110875,64.66504296553413,64.66504296553413,64.66504296553413,253.0,2.0,255.0
000327,test,91.19547271728516,59.71381759643555,0.6547892689704895,91.195475,91.195475,91.195475,59.71381971138988,59.71381971138988,59.71381971138988,253.0,2.0,255.0
000328,test,126.02137756347656,54.437679290771484,0.43197178840637207,126.021375,126.021375,126.021375,54.43768059083134,54.43768059083134,54.43768059083134,247.0,8.0,255.0
000326,test,176.66262817382812,59.368072509765625,0.33605337142944336,176.662625,176.662625,176.662625,59.36807056919885,59.36807056919885,59.36807056919885,229.0,26.0,255.0
000329,test,209.95252990722656,44.5444221496582,0.2121642529964447,209.952525,209.952525,209.952525,44.54442188562306,44.54442188562306,44.54442188562306,221.0,34.0,255.0
000331,test,77.03340148925781,36.19171142578125,0.4698184132575989,77.0334,77.0334,77.0334,36.19170878032702,36.19170878032702,36.19170878032702,189.0,0.0,189.0
000333,test,62.990726470947266,27.010883331298828,0.4288072884082794,62.990725,62.990725,62.990725,27.010883713317764,27.010883713317764,27.010883713317764,157.0,0.0,157.0
000332,test,105.85992431640625,59.57542419433594,0.5627759695053101,105.859925,105.859925,105.859925,59.575423657699446,59.575423657699446,59.575423657699446,255.0,0.0,255.0
000334,test,49.778324127197266,26.689794540405273,0.5361730456352234,49.778325,49.778325,49.778325,26.689794588838165,26.689794588838165,26.689794588838165,146.0,0.0,146.0
000337,test,84.03054809570312,48.315616607666016,0.5749768018722534,84.03055,84.03055,84.03055,48.31561773068311,48.31561773068311,48.31561773068311,255.0,0.0,255.0
000336,test,105.92420196533203,50.526878356933594,0.47700977325439453,105.9242,105.9242,105.9242,50.52688001806563,50.52688001806563,50.52688001806563,247.0,8.0,255.0
000338,test,100.49665069580078,55.71182632446289,0.5543649792671204,100.49665,100.49665,100.49665,55.711827638101234,55.711827638101234,55.711827638101234,250.0,5.0,255.0
000335,test,170.93405151367188,37.800777435302734,0.2211424708366394,170.93405,170.93405,170.93405,37.80077843904144,37.80077843904144,37.80077843904144,219.0,36.0,255.0
000340,test,84.88782501220703,58.89463806152344,0.6937937140464783,84.887825,84.887825,84.887825,58.894636358240426,58.894636358240426,58.894636358240426,255.0,0.0,255.0
000339,test,109.80097198486328,49.72124099731445,0.45283061265945435,109.800975,109.800975,109.800975,49.72123906389879,49.72123906389879,49.72123906389879,255.0,0.0,255.0
000341,test,158.5207061767578,60.776554107666016,0.3833982050418854,158.5207,158.5207,158.5207,60.77655363304174,60.77655363304174,60.77655363304174,234.0,21.0,255.0
000343,test,51.56947326660156,35.259639739990234,0.6837308406829834,51.569475,51.569475,51.569475,35.25964227306305,35.25964227306305,35.25964227306305,229.0,0.0,229.0
000344,test,36.34837341308594,26.025415420532227,0.71599942445755,36.348375,36.348375,36.348375,26.02541469140069,26.02541469140069,26.02541469140069,138.0,0.0,138.0
000342,test,72.1978988647461,47.401023864746094,0.656542956829071,72.1979,72.1979,72.1979,47.4010240985361,47.4010240985361,47.4010240985361,255.0,0.0,255.0
000346,test,164.2885284423828,61.89729690551758,0.37675970792770386,164.288525,164.288525,164.288525,61.897295403954246,61.897295403954246,61.897295403954246,223.0,32.0,255.0
000345,test,117.06552124023438,64.32040405273438,0.5494393706321716,117.065525,117.065525,117.065525,64.32040641564988,64.32040641564988,64.32040641564988,246.0,9.0,255.0
000347,test,123.01022338867188,68.99596405029297,0.5608961582183838,123.010225,123.010225,123.010225,68.99596234888948,68.99596234888948,68.99596234888948,250.0,5.0,255.0
000348,test,140.9125213623047,61.621360778808594,0.43730223178863525,140.912525,140.912525,140.912525,61.62136255491576,61.62136255491576,61.62136255491576,236.0,19.0,255.0
000349,test,145.59974670410156,69.95730590820312,0.48047682642936707,145.59975,145.59975,145.59975,69.95730698031122,69.95730698031122,69.95730698031122,226.0,29.0,255.0
000350,test,91.89067840576172,54.803619384765625,0.5964002013206482,91.890675,91.890675,91.890675,54.80361824774323,54.80361824774323,54.80361824774323,248.0,7.0,255.0
000352,test,176.47659301757812,73.44956970214844,0.41620007157325745,176.4766,176.4766,176.4766,73.44956672738104,73.44956672738104,73.44956672738104,225.0,30.0,255.0
000354,test,162.7311248779297,66.28361511230469,0.4073198437690735,162.731125,162.731125,162.731125,66.28361736684543,66.28361736684543,66.28361736684543,238.0,17.0,255.0
000351,test,121.658203125,66.75666046142578,0.548723042011261,121.6582,121.6582,121.6582,66.75665938885798,66.75665938885798,66.75665938885798,255.0,0.0,255.0
000353,test,54.873348236083984,29.903156280517578,0.5449486374855042,54.87335,54.87335,54.87335,29.903155515388338,29.903155515388338,29.903155515388338,153.0,0.0,153.0
000355,test,151.73524475097656,73.52894592285156,0.4845871329307556,151.73525,151.73525,151.73525,73.52894265143149,73.52894265143149,73.52894265143149,255.0,0.0,255.0
000356,test,175.14964294433594,56.2142219543457,0.3209496736526489,175.14965,175.14965,175.14965,56.21422333251167,56.21422333251167,56.21422333251167,245.0,10.0,255.0
000357,test,140.24444580078125,63.08784484863281,0.44984200596809387,140.24445,140.24445,140.24445,63.08784347398079,63.08784347398079,63.08784347398079,235.0,20.0,255.0
000358,test,137.09136962890625,66.44698333740234,0.48469123244285583,137.091375,137.091375,137.091375,66.44698244171346,66.44698244171346,66.44698244171346,255.0,0.0,255.0
000361,test,200.68878173828125,63.00175094604492,0.31392762064933777,200.688775,200.688775,200.688775,63.00175246768438,63.00175246768438,63.00175246768438,250.0,5.0,255.0
000360,test,139.63119506835938,54.78152084350586,0.3923301100730896,139.6312,139.6312,139.6312,54.78152367870028,54.78152367870028,54.78152367870028,235.0,20.0,255.0
000364,test,38.766998291015625,24.78770637512207,0.6394022703170776,38.767,38.767,38.767,24.787706852389555,24.787706852389555,24.787706852389555,174.0,0.0,174.0
000359,test,141.07725524902344,48.789695739746094,0.34583672881126404,141.07725,141.07725,141.07725,48.789694941017004,48.789694941017004,48.789694941017004,252.0,3.0,255.0
000363,test,153.1668243408203,58.450164794921875,0.3816111385822296,153.166825,153.166825,153.166825,58.45016077325515,58.45016077325515,58.45016077325515,235.0,20.0,255.0
000362,test,42.44682312011719,22.99102783203125,0.5416430830955505,42.446825,42.446825,42.446825,22.991028085306997,22.991028085306997,22.991028085306997,147.0,0.0,147.0
000365,test,120.51302337646484,62.1458625793457,0.5156775712966919,120.513025,120.513025,120.513025,62.145862938327404,62.145862938327404,62.145862938327404,250.0,5.0,255.0
000370,test,81.72012329101562,45.52272033691406,0.5570564270019531,81.720125,81.720125,81.720125,45.522721194853624,45.522721194853624,45.522721194853624,252.0,3.0,255.0
000367,test,154.082275390625,74.2065200805664,0.4816032350063324,154.082275,154.082275,154.082275,74.20652097911865,74.20652097911865,74.20652097911865,251.0,4.0,255.0
000369,test,59.64892578125,43.00014114379883,0.7208871245384216,59.648925,59.648925,59.648925,43.000143271207534,43.000143271207534,43.000143271207534,234.0,0.0,234.0
000372,test,127.60557556152344,53.73601150512695,0.42111021280288696,127.605575,127.605575,127.605575,53.7360121698603,53.7360121698603,53.7360121698603,255.0,0.0,255.0
000366,test,171.4354705810547,64.29237365722656,0.375023752450943,171.435475,171.435475,171.435475,64.29237852595263,64.29237852595263,64.29237852595263,224.0,31.0,255.0
000368,test,143.1983184814453,64.86075592041016,0.4529435634613037,143.198325,143.198325,143.198325,64.86075617963743,64.86075617963743,64.86075617963743,255.0,0.0,255.0
000371,test,150.88604736328125,59.12527847290039,0.39185383915901184,150.88605,150.88605,150.88605,59.125275182425156,59.125275182425156,59.125275182425156,255.0,0.0,255.0
000373,test,126.41584777832031,60.69859313964844,0.4801501929759979,126.41585,126.41585,126.41585,60.698592807226596,60.698592807226596,60.698592807226596,244.0,11.0,255.0
000374,test,109.17720031738281,63.962158203125,0.5858563780784607,109.1772,109.1772,109.1772,63.9621587359276,63.9621587359276,63.9621587359276,255.0,0.0,255.0
000377,test,146.61207580566406,60.22620391845703,0.41078612208366394,146.612075,146.612075,146.612075,60.226203094619656,60.226203094619656,60.226203094619656,230.0,25.0,255.0
000376,test,136.7779998779297,58.683509826660156,0.4290420114994049,136.778,136.778,136.778,58.68351187514258,58.68351187514258,58.68351187514258,255.0,0.0,255.0
000380,test,58.29574966430664,40.819175720214844,0.7002084255218506,58.29575,58.29575,58.29575,40.819172969788355,40.819172969788355,40.819172969788355,215.0,0.0,215.0
000378,test,75.46477508544922,46.87297821044922,0.6211239099502563,75.464775,75.464775,75.464775,46.872978454535776,46.872978454535776,46.872978454535776,252.0,3.0,255.0
000381,test,157.4721221923828,60.52828598022461,0.38437461853027344,157.472125,157.472125,157.472125,60.52828903070344,60.52828903070344,60.52828903070344,237.0,18.0,255.0
000379,test,155.0123291015625,62.550045013427734,0.40351659059524536,155.012325,155.012325,155.012325,62.550045348459776,62.550045348459776,62.550045348459776,255.0,0.0,255.0
000375,test,131.50950622558594,65.900634765625,0.5011093020439148,131.5095,131.5095,131.5095,65.90063777953898,65.90063777953898,65.90063777953898,255.0,0.0,255.0
000384,test,168.28024291992188,61.244651794433594,0.363944411277771,168.28025,168.28025,168.28025,61.2446496433566,61.2446496433566,61.2446496433566,255.0,0.0,255.0
000383,test,141.48268127441406,61.82538604736328,0.43698200583457947,141.482675,141.482675,141.482675,61.8253883921838,61.8253883921838,61.8253883921838,232.0,23.0,255.0
000386,test,137.76609802246094,62.34527587890625,0.4525443911552429,137.7661,137.7661,137.7661,62.345276010215876,62.345276010215876,62.345276010215876,234.0,21.0,255.0
000382,test,89.56072235107422,46.928226470947266,0.5239822268486023,89.560725,89.560725,89.560725,46.9282288444213,46.9282288444213,46.9282288444213,255.0,0.0,255.0
000385,test,138.33624267578125,64.66131591796875,0.46742138266563416,138.33625,138.33625,138.33625,64.66131715281942,64.66131715281942,64.66131715281942,231.0,24.0,255.0
000389,test,144.58204650878906,56.211463928222656,0.3887859284877777,144.58205,144.58205,144.58205,56.21146518102423,56.21146518102423,56.21146518102423,253.0,2.0,255.0
000388,test,106.04437255859375,54.61785888671875,0.5150471925735474,106.044375,106.044375,106.044375,54.61785702368205,54.61785702368205,54.61785702368205,255.0,0.0,255.0
000387,test,150.16064453125,59.357460021972656,0.39529305696487427,150.16065,150.16065,150.16065,59.35745733753679,59.35745733753679,59.35745733753679,255.0,0.0,255.0
000392,test,46.31235122680664,40.97834777832031,0.8848254680633545,46.31235,46.31235,46.31235,40.97834595829241,40.97834595829241,40.97834595829241,214.0,0.0,214.0
000391,test,132.75917053222656,64.12065887451172,0.4829847812652588,132.759175,132.759175,132.759175,64.12066108766639,64.12066108766639,64.12066108766639,254.0,1.0,255.0
000390,test,134.68295288085938,59.40375900268555,0.44106367230415344,134.68295,134.68295,134.68295,59.40375644096507,59.40375644096507,59.40375644096507,255.0,0.0,255.0
000397,test,95.45142364501953,47.93751907348633,0.502219021320343,95.451425,95.451425,95.451425,47.937517045309875,47.937517045309875,47.937517045309875,250.0,5.0,255.0
000393,test,139.6011962890625,53.403594970703125,0.3825439512729645,139.6012,139.6012,139.6012,53.40359406032519,53.40359406032519,53.40359406032519,255.0,0.0,255.0
000394,test,118.909423828125,51.33811569213867,0.4317413568496704,118.909425,118.909425,118.909425,51.338115676068355,51.338115676068355,51.338115676068355,235.0,20.0,255.0
000396,test,84.85430145263672,46.74360656738281,0.5508690476417542,84.8543,84.8543,84.8543,46.74360727960562,46.74360727960562,46.74360727960562,236.0,5.0,241.0
000395,test,141.0625457763672,60.14630126953125,0.42638036608695984,141.06255,141.06255,141.06255,60.14630277496282,60.14630277496282,60.14630277496282,255.0,0.0,255.0
000399,test,137.0198516845703,56.09505844116211,0.40939366817474365,137.01985,137.01985,137.01985,56.09505821351378,56.09505821351378,56.09505821351378,255.0,0.0,255.0
000398,test,133.32498168945312,60.075599670410156,0.4505952298641205,133.324975,133.324975,133.324975,60.07560250425605,60.07560250425605,60.07560250425605,255.0,0.0,255.0
000401,test,102.85492706298828,32.652801513671875,0.3174646198749542,102.854925,102.854925,102.854925,32.652801996832906,32.652801996832906,32.652801996832906,200.0,55.0,255.0
000400,test,127.10209655761719,65.53455352783203,0.515605628490448,127.1021,127.1021,127.1021,65.53454833589684,65.53454833589684,65.53454833589684,255.0,0.0,255.0
000404,test,103.45897674560547,27.094524383544922,0.2618866562843323,103.458975,103.458975,103.458975,27.094525590040785,27.094525590040785,27.094525590040785,190.0,65.0,255.0
000402,test,72.32804870605469,29.390666961669922,0.40635228157043457,72.32805,72.32805,72.32805,29.390666600087517,29.390666600087517,29.390666600087517,219.0,36.0,255.0
000403,test,40.81254959106445,12.340187072753906,0.3023625612258911,40.81255,40.81255,40.81255,12.340186890703883,12.340186890703883,12.340186890703883,100.0,22.0,122.0
000405,test,117.03794860839844,29.77823257446289,0.2544322907924652,117.03795,117.03795,117.03795,29.778231307408102,29.778231307408102,29.778231307408102,180.0,75.0,255.0
000407,test,86.20864868164062,32.76068878173828,0.3800162672996521,86.20865,86.20865,86.20865,32.76068780073917,32.76068780073917,32.76068780073917,208.0,47.0,255.0
000408,test,81.96332550048828,27.700498580932617,0.3379621207714081,81.963325,81.963325,81.963325,27.700497828457433,27.700497828457433,27.700497828457433,213.0,42.0,255.0
000410,test,100.48407745361328,37.74872970581055,0.3756687641143799,100.484075,100.484075,100.484075,37.74872840764805,37.74872840764805,37.74872840764805,207.0,48.0,255.0
000409,test,86.05729675292969,25.68752670288086,0.29849329590797424,86.0573,86.0573,86.0573,25.687526480959587,25.687526480959587,25.687526480959587,207.0,48.0,255.0
000406,test,99.58837127685547,24.834861755371094,0.249375119805336,99.588375,99.588375,99.588375,24.834863395222754,24.834863395222754,24.834863395222754,199.0,56.0,255.0
000411,test,110.17430114746094,37.77569580078125,0.34287211298942566,110.1743,110.1743,110.1743,37.77569350137731,37.77569350137731,37.77569350137731,206.0,49.0,255.0
000413,test,123.07234954833984,40.16484451293945,0.32635149359703064,123.07235,123.07235,123.07235,40.164846140343926,40.164846140343926,40.164846140343926,193.0,62.0,255.0
000412,test,109.13839721679688,42.369258880615234,0.3882158696651459,109.1384,109.1384,109.1384,42.36925648911012,42.36925648911012,42.36925648911012,205.0,50.0,255.0
000414,test,135.61245727539062,36.12470245361328,0.2663818895816803,135.61245,135.61245,135.61245,36.12470283611341,36.12470283611341,36.12470283611341,175.0,80.0,255.0
000416,test,134.51144409179688,35.97290802001953,0.2674338221549988,134.51145,134.51145,134.51145,35.97290742902914,35.97290742902914,35.97290742902914,174.0,81.0,255.0
000415,test,125.64665222167969,41.832054138183594,0.33293408155441284,125.64665,125.64665,125.64665,41.83205223004843,41.83205223004843,41.83205223004843,186.0,69.0,255.0
000417,test,137.8759765625,35.8012809753418,0.259662926197052,137.875975,137.875975,137.875975,35.80127990448631,35.80127990448631,35.80127990448631,161.0,94.0,255.0
000418,test,128.06378173828125,38.105812072753906,0.2975533902645111,128.063775,128.063775,128.063775,38.10581199435822,38.10581199435822,38.10581199435822,204.0,51.0,255.0
000419,test,133.37164306640625,35.18769454956055,0.2638319134712219,133.37165,133.37165,133.37165,35.187696376396964,35.187696376396964,35.187696376396964,170.0,85.0,255.0
000421,test,118.30327606201172,38.611446380615234,0.3263768255710602,118.303275,118.303275,118.303275,38.61144712743069,38.61144712743069,38.61144712743069,201.0,54.0,255.0
000420,test,133.00869750976562,32.20322036743164,0.2421136498451233,133.0087,133.0087,133.0087,32.20321916066777,32.20321916066777,32.20321916066777,186.0,69.0,255.0
000422,test,113.60594940185547,38.8741455078125,0.34218406677246094,113.60595,113.60595,113.60595,38.87414532304858,38.87414532304858,38.87414532304858,194.0,61.0,255.0
000424,test,100.0896224975586,16.6071720123291,0.16592301428318024,100.089625,100.089625,100.089625,16.607172918934005,16.607172918934005,16.607172918934005,175.0,70.0,245.0
000423,test,120.681396484375,33.65005111694336,0.2788337767124176,120.6814,120.6814,120.6814,33.650052660285695,33.650052660285695,33.650052660285695,192.0,63.0,255.0
000425,test,64.4041976928711,19.904878616333008,0.30906182527542114,64.4042,64.4042,64.4042,19.904879360598997,19.904879360598997,19.904879360598997,196.0,31.0,227.0
000426,test,38.12692642211914,12.126816749572754,0.3180643618106842,38.126925,38.126925,38.126925,12.126815948317804,12.126815948317804,12.126815948317804,106.0,20.0,126.0
000427,test,74.23662567138672,21.609983444213867,0.2910959720611572,74.236625,74.236625,74.236625,21.60998342455114,21.60998342455114,21.60998342455114,166.0,29.0,195.0
000428,test,53.24319839477539,21.862060546875,0.41060757637023926,53.2432,53.2432,53.2432,21.86205968704687,21.86205968704687,21.86205968704687,170.0,25.0,195.0
000429,test,68.39665222167969,23.988203048706055,0.35072189569473267,68.39665,68.39665,68.39665,23.98820374220421,23.98820374220421,23.98820374220421,169.0,28.0,197.0
000430,test,62.75752639770508,22.956483840942383,0.3657965064048767,62.757525,62.757525,62.757525,22.956483416986472,22.956483416986472,22.956483416986472,168.0,30.0,198.0
000433,test,80.63829803466797,23.51316261291504,0.29158803820610046,80.6383,80.6383,80.6383,23.513162762801606,23.513162762801606,23.513162762801606,170.0,39.0,209.0
000434,test,92.066650390625,30.94924545288086,0.3361613154411316,92.06665,92.06665,92.06665,30.949245673804395,30.949245673804395,30.949245673804395,212.0,43.0,255.0
000431,test,90.5562515258789,21.781129837036133,0.2405259609222412,90.55625,90.55625,90.55625,21.78112912448526,21.78112912448526,21.78112912448526,170.0,32.0,202.0
000435,test,109.38597869873047,29.98497200012207,0.2741208076477051,109.385975,109.385975,109.385975,29.984973708498977,29.984973708498977,29.984973708498977,197.0,58.0,255.0
000432,test,54.266849517822266,17.449234008789062,0.3215450048446655,54.26685,54.26685,54.26685,17.449233251850924,17.449233251850924,17.449233251850924,158.0,22.0,180.0
000436,test,114.27812194824219,38.476436614990234,0.3366912007331848,114.278125,114.278125,114.278125,38.476435275170374,38.476435275170374,38.476435275170374,198.0,57.0,255.0
000437,test,123.17062377929688,38.72077560424805,0.3143669664859772,123.170625,123.170625,123.170625,38.720774942004645,38.720774942004645,38.720774942004645,183.0,72.0,255.0
000438,test,128.72042846679688,37.90145492553711,0.2944478690624237,128.720425,128.720425,128.720425,37.90145462669441,37.90145462669441,37.90145462669441,182.0,73.0,255.0
000440,test,138.15887451171875,46.644527435302734,0.33761513233184814,138.158875,138.158875,138.158875,46.64452576384902,46.64452576384902,46.64452576384902,201.0,54.0,255.0
000439,test,128.14743041992188,49.021087646484375,0.3825366497039795,128.147425,128.147425,128.147425,49.02108669612879,49.02108669612879,49.02108669612879,191.0,64.0,255.0
000441,test,144.19830322265625,44.32315444946289,0.3073763847351074,144.1983,144.1983,144.1983,44.323153397631806,44.323153397631806,44.323153397631806,200.0,55.0,255.0
000442,test,137.60435485839844,42.41250228881836,0.30822062492370605,137.60435,137.60435,137.60435,42.412501235809,42.412501235809,42.412501235809,191.0,64.0,255.0
000443,test,126.7822494506836,47.278404235839844,0.3729102909564972,126.78225,126.78225,126.78225,47.27840717428518,47.27840717428518,47.27840717428518,185.0,70.0,255.0
000444,test,140.98934936523438,38.278934478759766,0.2715023159980774,140.98935,140.98935,140.98935,38.27893332601498,38.27893332601498,38.27893332601498,167.0,88.0,255.0
000445,test,124.24455261230469,38.354248046875,0.3086996376514435,124.24455,124.24455,124.24455,38.35424872549976,38.35424872549976,38.35424872549976,194.0,61.0,255.0
000446,test,106.66742706298828,34.17716598510742,0.3204086422920227,106.667425,106.667425,106.667425,34.1771644357658,34.1771644357658,34.1771644357658,211.0,44.0,255.0
000451,test,68.70692443847656,17.594566345214844,0.25608140230178833,68.706925,68.706925,68.706925,17.594566833098646,17.594566833098646,17.594566833098646,179.0,45.0,224.0
000447,test,105.4541015625,31.713998794555664,0.3007374703884125,105.4541,105.4541,105.4541,31.713999955697798,31.713999955697798,31.713999955697798,208.0,47.0,255.0
000450,test,51.48345184326172,12.788838386535645,0.248406782746315,51.48345,51.48345,51.48345,12.788837949458113,12.788837949458113,12.788837949458113,114.0,22.0,136.0
000448,test,116.09085083007812,31.919082641601562,0.27494916319847107,116.09085,116.09085,116.09085,31.9190835751514,31.9190835751514,31.9190835751514,190.0,65.0,255.0
000449,test,76.72650146484375,21.973575592041016,0.2863883376121521,76.7265,76.7265,76.7265,21.973576125656013,21.973576125656013,21.973576125656013,163.0,46.0,209.0
000452,test,72.41130065917969,20.623762130737305,0.28481414914131165,72.4113,72.4113,72.4113,20.623762564333408,20.623762564333408,20.623762564333408,213.0,42.0,255.0
000454,test,92.55517578125,19.577014923095703,0.21151722967624664,92.555175,92.555175,92.555175,19.577014729508047,19.577014729508047,19.577014729508047,193.0,62.0,255.0
000453,test,80.63472747802734,15.635238647460938,0.19390204548835754,80.634725,80.634725,80.634725,15.63523901877982,15.63523901877982,15.63523901877982,203.0,52.0,255.0
000455,test,92.84130096435547,27.18561553955078,0.2928181290626526,92.8413,92.8413,92.8413,27.18561594501769,27.18561594501769,27.18561594501769,195.0,60.0,255.0
000456,test,83.67757415771484,24.171789169311523,0.2888681888580322,83.677575,83.677575,83.677575,24.171790730505986,24.171790730505986,24.171790730505986,198.0,57.0,255.0
000457,test,96.32669830322266,26.655467987060547,0.27671942114830017,96.3267,96.3267,96.3267,26.65546786514917,26.65546786514917,26.65546786514917,199.0,56.0,255.0
000458,test,100.6709213256836,23.17215347290039,0.23017722368240356,100.670925,100.670925,100.670925,23.17215321553815,23.17215321553815,23.17215321553815,194.0,61.0,255.0
000459,test,97.50655364990234,29.203510284423828,0.29950305819511414,97.50655,97.50655,97.50655,29.20351018452234,29.20351018452234,29.20351018452234,208.0,47.0,255.0
000460,test,94.30562591552734,26.92915153503418,0.28555190563201904,94.305625,94.305625,94.305625,26.9291518314145,26.9291518314145,26.9291518314145,198.0,57.0,255.0
000461,test,79.75027465820312,17.340585708618164,0.2174360603094101,79.750275,79.750275,79.750275,17.3405857001537,17.3405857001537,17.3405857001537,166.0,53.0,219.0
000462,test,102.61524963378906,29.612342834472656,0.2885764241218567,102.61525,102.61525,102.61525,29.612341471715812,29.612341471715812,29.612341471715812,196.0,59.0,255.0
000466,test,92.35099792480469,27.341463088989258,0.2960602939128876,92.351,92.351,92.351,27.34146391472117,27.34146391472117,27.34146391472117,194.0,53.0,247.0
000464,test,94.51640319824219,26.39692497253418,0.2792840600013733,94.5164,94.5164,94.5164,26.39692465117859,26.39692465117859,26.39692465117859,192.0,63.0,255.0
000463,test,104.28377532958984,28.569311141967773,0.27395740151405334,104.283775,104.283775,104.283775,28.569310400311995,28.569310400311995,28.569310400311995,192.0,63.0,255.0
000465,test,90.91329956054688,23.600557327270508,0.2595941126346588,90.9133,90.9133,90.9133,23.60055789827859,23.60055789827859,23.60055789827859,174.0,58.0,232.0
000468,test,64.21237182617188,15.73193359375,0.2449984848499298,64.212375,64.212375,64.212375,15.731934778004101,15.731934778004101,15.731934778004101,150.0,34.0,184.0
000467,test,67.59234619140625,17.627954483032227,0.2607980966567993,67.59235,67.59235,67.59235,17.62795568060857,17.62795568060857,17.62795568060857,124.0,33.0,157.0
000469,test,42.32642364501953,11.74931812286377,0.27758824825286865,42.326425,42.326425,42.326425,11.749317925708496,11.749317925708496,11.749317925708496,126.0,23.0,149.0
000470,test,37.54367446899414,11.809284210205078,0.31454789638519287,37.543675,37.543675,37.543675,11.809284165197102,11.809284165197102,11.809284165197102,110.0,22.0,132.0
000471,test,38.269325256347656,9.721604347229004,0.254031240940094,38.269325,38.269325,38.269325,9.721604242324155,9.721604242324155,9.721604242324155,113.0,23.0,136.0
000472,test,50.378849029541016,16.138439178466797,0.320341557264328,50.37885,50.37885,50.37885,16.138440837872164,16.138440837872164,16.138440837872164,131.0,27.0,158.0
000473,test,34.90397644042969,10.325790405273438,0.2958342134952545,34.903975,34.903975,34.903975,10.325790729981652,10.325790729981652,10.325790729981652,122.0,21.0,143.0
000476,test,75.72952270507812,22.87939453125,0.3021198809146881,75.729525,75.729525,75.729525,22.879395059187537,22.879395059187537,22.879395059187537,193.0,47.0,240.0
000475,test,66.57817840576172,17.58416175842285,0.2641129791736603,66.578175,66.578175,66.578175,17.584161585625143,17.584161585625143,17.584161585625143,182.0,42.0,224.0
000474,test,77.62492370605469,21.047515869140625,0.2711437940597534,77.624925,77.624925,77.624925,21.047516331965987,21.047516331965987,21.047516331965987,196.0,39.0,235.0
000477,test,80.21700286865234,27.816913604736328,0.3467707931995392,80.217,80.217,80.217,27.81691411713384,27.81691411713384,27.81691411713384,201.0,54.0,255.0
000478,test,94.1937255859375,34.27812576293945,0.3639109134674072,94.193725,94.193725,94.193725,34.27812853153414,34.27812853153414,34.27812853153414,193.0,62.0,255.0
000479,test,92.97957611083984,36.01825714111328,0.38737815618515015,92.979575,92.979575,92.979575,36.01825728459631,36.01825728459631,36.01825728459631,193.0,62.0,255.0
000480,test,98.3062744140625,35.00288772583008,0.35605955123901367,98.306275,98.306275,98.306275,35.00288517571623,35.00288517571623,35.00288517571623,190.0,65.0,255.0
000481,test,91.40132141113281,34.837738037109375,0.38115134835243225,91.401325,91.401325,91.401325,34.83773691335841,34.83773691335841,34.83773691335841,195.0,60.0,255.0
000482,test,80.2999267578125,34.67909622192383,0.43186959624290466,80.299925,80.299925,80.299925,34.67909629725629,34.67909629725629,34.67909629725629,204.0,51.0,255.0
000484,test,66.8406753540039,25.325387954711914,0.37889185547828674,66.840675,66.840675,66.840675,25.325388260486257,25.325388260486257,25.325388260486257,203.0,39.0,242.0
000483,test,69.65135192871094,31.17780876159668,0.4476267695426941,69.65135,69.65135,69.65135,31.177808505048908,31.177808505048908,31.177808505048908,219.0,36.0,255.0
000485,test,93.31277465820312,33.85138702392578,0.3627733290195465,93.312775,93.312775,93.312775,33.85138692578747,33.85138692578747,33.85138692578747,193.0,62.0,255.0
000487,test,83.43879699707031,20.935745239257812,0.2509113848209381,83.4388,83.4388,83.4388,20.93574466218004,20.93574466218004,20.93574466218004,201.0,53.0,254.0
000486,test,93.49165344238281,39.350826263427734,0.4209020137786865,93.49165,93.49165,93.49165,39.35082756788604,39.35082756788604,39.35082756788604,201.0,54.0,255.0
000488,test,83.1281967163086,21.446680068969727,0.25799524784088135,83.1282,83.1282,83.1282,21.446680739918705,21.446680739918705,21.446680739918705,202.0,53.0,255.0
000489,test,84.50332641601562,20.364416122436523,0.24098952114582062,84.503325,84.503325,84.503325,20.364415998117277,20.364415998117277,20.364415998117277,202.0,53.0,255.0
000490,test,81.84034729003906,21.271244049072266,0.259911447763443,81.84035,81.84035,81.84035,21.271244953634003,21.271244953634003,21.271244953634003,198.0,57.0,255.0
000491,test,77.47217559814453,21.312393188476562,0.27509739995002747,77.472175,77.472175,77.472175,21.31239253977308,21.31239253977308,21.31239253977308,206.0,49.0,255.0
000492,test,75.56600189208984,18.60870933532715,0.2462576925754547,75.566,75.566,75.566,18.608710164866345,18.608710164866345,18.608710164866345,202.0,53.0,255.0
000493,test,66.02242279052734,11.70325756072998,0.1772618591785431,66.022425,66.022425,66.022425,11.703256902220637,11.703256902220637,11.703256902220637,209.0,46.0,255.0
000496,test,67.22932434082031,11.118814468383789,0.1653863787651062,67.229325,67.229325,67.229325,11.118814462179635,11.118814462179635,11.118814462179635,122.0,44.0,166.0
000495,test,60.643348693847656,11.058191299438477,0.18234796822071075,60.64335,60.64335,60.64335,11.058191569036051,11.058191569036051,11.058191569036051,120.0,39.0,159.0
000499,test,57.74577331542969,13.206530570983887,0.22870124876499176,57.745775,57.745775,57.745775,13.206530378921444,13.206530378921444,13.206530378921444,149.0,30.0,179.0
000501,test,49.28779983520508,11.856425285339355,0.24055497348308563,49.2878,49.2878,49.2878,11.856425311197299,11.856425311197299,11.856425311197299,148.0,30.0,178.0
000498,test,62.89707565307617,11.02312183380127,0.17525650560855865,62.897075,62.897075,62.897075,11.023122581391128,11.023122581391128,11.023122581391128,141.0,41.0,182.0
000494,test,66.82005310058594,13.476194381713867,0.20167888700962067,66.82005,66.82005,66.82005,13.476194492418845,13.476194492418845,13.476194492418845,210.0,45.0,255.0
000497,test,66.31510162353516,12.302376747131348,0.1855139583349228,66.3151,66.3151,66.3151,12.302376274118751,12.302376274118751,12.302376274118751,160.0,41.0,201.0
000500,test,51.94889831542969,12.887992858886719,0.24808982014656067,51.9489,51.9489,51.9489,12.887992038715728,12.887992038715728,12.887992038715728,146.0,31.0,177.0
000502,test,70.03547668457031,8.53125286102295,0.12181330472230911,70.035475,70.035475,70.035475,8.53125234208759,8.53125234208759,8.53125234208759,103.0,49.0,152.0
000507,test,82.0782241821289,15.840255737304688,0.1929897516965866,82.078225,82.078225,82.078225,15.840255864391047,15.840255864391047,15.840255864391047,205.0,48.0,253.0
000506,test,83.9186782836914,18.04450798034668,0.21502374112606049,83.918675,83.918675,83.918675,18.044507786148532,18.044507786148532,18.044507786148532,208.0,47.0,255.0
000508,test,75.81880187988281,9.687458992004395,0.12777119874954224,75.8188,75.8188,75.8188,9.687459241720711,9.687459241720711,9.687459241720711,108.0,51.0,159.0
000503,test,70.880126953125,11.005589485168457,0.15527045726776123,70.880125,70.880125,70.880125,11.005589715429837,11.005589715429837,11.005589715429837,155.0,44.0,199.0
000504,test,64.41742706298828,9.117328643798828,0.14153513312339783,64.417425,64.417425,64.417425,9.117328631204153,9.117328631204153,9.117328631204153,131.0,42.0,173.0
000509,test,66.8448486328125,13.60703182220459,0.20356141030788422,66.84485,66.84485,66.84485,13.60703231705944,13.60703231705944,13.60703231705944,153.0,31.0,184.0
000505,test,67.26432800292969,7.601822376251221,0.11301416903734207,67.264325,67.264325,67.264325,7.601822629762879,7.601822629762879,7.601822629762879,91.0,42.0,133.0
000510,test,74.98670196533203,14.58322811126709,0.19447752833366394,74.9867,74.9867,74.9867,14.583227458625199,14.583227458625199,14.583227458625199,192.0,35.0,227.0
000512,test,83.6583480834961,16.025407791137695,0.19155777990818024,83.65835,83.65835,83.65835,16.025408739795065,16.025408739795065,16.025408739795065,199.0,56.0,255.0
000513,test,83.4103012084961,17.007944107055664,0.20390699803829193,83.4103,83.4103,83.4103,17.007943847214456,17.007943847214456,17.007943847214456,174.0,54.0,228.0
000511,test,81.34615325927734,15.940384864807129,0.19595745205879211,81.34615,81.34615,81.34615,15.940385195392864,15.940385195392864,15.940385195392864,194.0,35.0,229.0
000515,test,84.77017211914062,17.766582489013672,0.2095853090286255,84.770175,84.770175,84.770175,17.76658254897027,17.76658254897027,17.76658254897027,201.0,54.0,255.0
000514,test,87.1478500366211,19.27635383605957,0.2211913913488388,87.14785,87.14785,87.14785,19.276353139987346,19.276353139987346,19.276353139987346,201.0,54.0,255.0
000516,test,90.1498031616211,20.929216384887695,0.23216041922569275,90.1498,90.1498,90.1498,20.929216659015214,20.929216659015214,20.929216659015214,206.0,49.0,255.0
000517,test,87.4896469116211,17.477489471435547,0.1997663676738739,87.48965,87.48965,87.48965,17.47748960455992,17.47748960455992,17.47748960455992,194.0,61.0,255.0
000518,test,80.85362243652344,15.63390064239502,0.19336055219173431,80.853625,80.853625,80.853625,15.633900644412929,15.633900644412929,15.633900644412929,199.0,56.0,255.0
000519,test,76.04302215576172,14.492191314697266,0.19057884812355042,76.043025,76.043025,76.043025,14.492191823508788,14.492191823508788,14.492191823508788,200.0,52.0,252.0
000521,test,58.355201721191406,14.014028549194336,0.24015046656131744,58.3552,58.3552,58.3552,14.014028077608522,14.014028077608522,14.014028077608522,155.0,36.0,191.0
000520,test,61.93259811401367,12.856246948242188,0.20758448541164398,61.9326,61.9326,61.9326,12.856247790082453,12.856247790082453,12.856247790082453,149.0,41.0,190.0
000523,test,63.58665084838867,10.27559757232666,0.16159991919994354,63.58665,63.58665,63.58665,10.275596906141269,10.275596906141269,10.275596906141269,144.0,37.0,181.0
000522,test,57.59902572631836,9.813270568847656,0.1703721582889557,57.599025,57.599025,57.599025,9.81327132251906,9.81327132251906,9.81327132251906,143.0,36.0,179.0
000524,test,65.00144958496094,10.768637657165527,0.16566765308380127,65.00145,65.00145,65.00145,10.768637234929033,10.768637234929033,10.768637234929033,139.0,41.0,180.0
000525,test,78.18742370605469,13.503077507019043,0.1727014034986496,78.187425,78.187425,78.187425,13.503077311093756,13.503077311093756,13.503077311093756,180.0,38.0,218.0
000526,test,64.0978775024414,15.273102760314941,0.23827782273292542,64.097875,64.097875,64.097875,15.273102025599613,15.273102025599613,15.273102025599613,172.0,33.0,205.0
000528,test,59.74380111694336,17.740314483642578,0.2969398498535156,59.7438,59.7438,59.7438,17.740314584583896,17.740314584583896,17.740314584583896,188.0,17.0,205.0
000527,test,81.38355255126953,15.673887252807617,0.1925928145647049,81.38355,81.38355,81.38355,15.673887182109612,15.673887182109612,15.673887182109612,166.0,54.0,220.0
000529,test,42.65912628173828,8.138923645019531,0.19078974425792694,42.659125,42.659125,42.659125,8.138923714741097,8.138923714741097,8.138923714741097,105.0,17.0,122.0
000530,test,67.19012451171875,12.782279968261719,0.19024045765399933,67.190125,67.190125,67.190125,12.782279823426453,12.782279823426453,12.782279823426453,174.0,32.0,206.0
000531,test,73.66752624511719,14.33052921295166,0.19452980160713196,73.667525,73.667525,73.667525,14.330529835786777,14.330529835786777,14.330529835786777,148.0,32.0,180.0
000533,test,62.348724365234375,14.332706451416016,0.2298797070980072,62.348725,62.348725,62.348725,14.332706160190929,14.332706160190929,14.332706160190929,137.0,28.0,165.0
000532,test,39.73925018310547,7.373317241668701,0.18554243445396423,39.73925,39.73925,39.73925,7.373317397040493,7.373317397040493,7.373317397040493,85.0,24.0,109.0
000535,test,70.77472686767578,11.120633125305176,0.15712717175483704,70.774725,70.774725,70.774725,11.120632903498569,11.120632903498569,11.120632903498569,154.0,46.0,200.0
000537,test,80.94232177734375,12.284623146057129,0.15177008509635925,80.942325,80.942325,80.942325,12.284622444111784,12.284622444111784,12.284622444111784,177.0,51.0,228.0
000534,test,59.11632537841797,12.937093734741211,0.2188412994146347,59.116325,59.116325,59.116325,12.937093703547754,12.937093703547754,12.937093703547754,148.0,33.0,181.0
000536,test,84.6873779296875,18.074424743652344,0.21342524886131287,84.687375,84.687375,84.687375,18.0744236591205,18.0744236591205,18.0744236591205,205.0,49.0,254.0
000538,test,89.81017303466797,19.88850212097168,0.22145043313503265,89.810175,89.810175,89.810175,19.888502745791975,19.888502745791975,19.888502745791975,199.0,56.0,255.0
000539,test,82.70134735107422,16.106552124023438,0.19475561380386353,82.70135,82.70135,82.70135,16.106553268080045,16.106553268080045,16.106553268080045,198.0,57.0,255.0
000541,test,84.55705261230469,17.703643798828125,0.2093692123889923,84.55705,84.55705,84.55705,17.703643559942684,17.703643559942684,17.703643559942684,200.0,54.0,254.0
000540,test,60.575950622558594,13.747660636901855,0.22694915533065796,60.57595,60.57595,60.57595,13.747660950048921,13.747660950048921,13.747660950048921,154.0,38.0,192.0
000544,test,58.873924255371094,13.478010177612305,0.2289300411939621,58.873925,58.873925,58.873925,13.478010984354293,13.478010984354293,13.478010984354293,173.0,33.0,206.0
000542,test,73.34927368164062,11.970125198364258,0.1631935089826584,73.349275,73.349275,73.349275,11.970124559685042,11.970124559685042,11.970124559685042,175.0,42.0,217.0
000543,test,57.767173767089844,13.930713653564453,0.24115276336669922,57.767175,57.767175,57.767175,13.930713101610232,13.930713101610232,13.930713101610232,157.0,35.0,192.0
000545,test,58.46577453613281,14.570857048034668,0.24922028183937073,58.465775,58.465775,58.465775,14.570857169342338,14.570857169342338,14.570857169342338,180.0,23.0,203.0
000548,test,70.97419738769531,11.471853256225586,0.16163413226604462,70.9742,70.9742,70.9742,11.47185400709057,11.47185400709057,11.47185400709057,204.0,47.0,251.0
000547,test,39.808876037597656,7.354049205780029,0.18473391234874725,39.808875,39.808875,39.808875,7.354049648620479,7.354049648620479,7.354049648620479,84.0,26.0,110.0
000546,test,66.04122161865234,8.460013389587402,0.12810201942920685,66.041225,66.041225,66.041225,8.460013327375732,8.460013327375732,8.460013327375732,95.0,38.0,133.0
000549,test,71.62570190429688,15.54265308380127,0.21699826419353485,71.6257,71.6257,71.6257,15.542652589246147,15.542652589246147,15.542652589246147,208.0,47.0,255.0
000552,test,84.07550048828125,20.419471740722656,0.24287065863609314,84.0755,84.0755,84.0755,20.419472318108518,20.419472318108518,20.419472318108518,211.0,41.0,252.0
000550,test,76.01117706298828,19.787673950195312,0.2603258490562439,76.011175,76.011175,76.011175,19.787672933404142,19.787672933404142,19.787672933404142,208.0,47.0,255.0
000551,test,84.4979248046875,19.132787704467773,0.22642908990383148,84.497925,84.497925,84.497925,19.132788497612548,19.132788497612548,19.132788497612548,210.0,41.0,251.0
000553,test,82.82172393798828,21.253271102905273,0.25661468505859375,82.821725,82.821725,82.821725,21.253271348768287,21.253271348768287,21.253271348768287,199.0,56.0,255.0
000554,test,75.90287780761719,17.926515579223633,0.23617702722549438,75.902875,75.902875,75.902875,17.92651504711317,17.92651504711317,17.92651504711317,206.0,49.0,255.0
000555,test,60.531898498535156,22.314453125,0.3686395585536957,60.5319,60.5319,60.5319,22.314453441435663,22.314453441435663,22.314453441435663,193.0,34.0,227.0
000556,test,64.71044921875,27.08950424194336,0.41862642765045166,64.71045,64.71045,64.71045,27.089504624438963,27.089504624438963,27.089504624438963,203.0,39.0,242.0
000559,test,96.3084716796875,35.348426818847656,0.3670334219932556,96.308475,96.308475,96.308475,35.348427379084,35.348427379084,35.348427379084,191.0,64.0,255.0
000558,test,93.57867431640625,34.1637077331543,0.3650800585746765,93.578675,93.578675,93.578675,34.16370676967555,34.16370676967555,34.16370676967555,193.0,62.0,255.0
000557,test,73.32469940185547,32.23603820800781,0.4396341145038605,73.3247,73.3247,73.3247,32.23603759629896,32.23603759629896,32.23603759629896,211.0,44.0,255.0
000560,test,88.12672424316406,34.071189880371094,0.3866158723831177,88.126725,88.126725,88.126725,34.07119114111473,34.07119114111473,34.07119114111473,195.0,60.0,255.0
000562,test,69.63984680175781,19.502094268798828,0.2800421714782715,69.63985,69.63985,69.63985,19.502093271684966,19.502093271684966,19.502093271684966,179.0,42.0,221.0
000561,test,82.86585235595703,22.916038513183594,0.2765437960624695,82.86585,82.86585,82.86585,22.916039225343894,22.916039225343894,22.916039225343894,197.0,49.0,246.0
000563,test,65.51065063476562,19.809877395629883,0.3023917078971863,65.51065,65.51065,65.51065,19.809875985919245,19.809875985919245,19.809875985919245,182.0,41.0,223.0
000566,test,100.76237487792969,18.428258895874023,0.18288829922676086,100.762375,100.762375,100.762375,18.428258446184625,18.428258446184625,18.428258446184625,187.0,68.0,255.0
000565,test,105.78714752197266,27.03553009033203,0.255565345287323,105.78715,105.78715,105.78715,27.0355293064053,27.0355293064053,27.0355293064053,189.0,66.0,255.0
000567,test,95.33899688720703,15.168378829956055,0.15909941494464874,95.339,95.339,95.339,15.168379247632227,15.168379247632227,15.168379247632227,188.0,67.0,255.0
000568,test,82.16629791259766,14.360899925231934,0.17477847635746002,82.1663,82.1663,82.1663,14.360899843324582,14.360899843324582,14.360899843324582,204.0,51.0,255.0
000564,test,91.61119842529297,25.906503677368164,0.2827875316143036,91.6112,91.6112,91.6112,25.906505641633725,25.906505641633725,25.906505641633725,198.0,57.0,255.0
000570,test,99.82534790039062,18.91214942932129,0.1894523799419403,99.82535,99.82535,99.82535,18.912149464762063,18.912149464762063,18.912149464762063,192.0,63.0,255.0
000569,test,93.47227478027344,19.526233673095703,0.208898663520813,93.472275,93.472275,93.472275,19.52623315758508,19.52623315758508,19.52623315758508,193.0,62.0,255.0
000571,test,103.27410125732422,27.119245529174805,0.2625948488712311,103.2741,103.2741,103.2741,27.11924536542269,27.11924536542269,27.11924536542269,193.0,62.0,255.0
000576,test,69.1343765258789,17.566518783569336,0.25409239530563354,69.134375,69.134375,69.134375,17.56651981353663,17.56651981353663,17.56651981353663,202.0,44.0,246.0
000572,test,84.97364807128906,22.544349670410156,0.2653099000453949,84.97365,84.97365,84.97365,22.544348641677363,22.544348641677363,22.544348641677363,198.0,57.0,255.0
000574,test,103.28575134277344,25.50063133239746,0.2468939870595932,103.28575,103.28575,103.28575,25.50063130468538,25.50063130468538,25.50063130468538,183.0,62.0,245.0
000575,test,98.54534912109375,25.84563446044922,0.2622714936733246,98.54535,98.54535,98.54535,25.84563489987236,25.84563489987236,25.84563489987236,192.0,63.0,255.0
000573,test,98.06697845458984,26.907062530517578,0.2743743360042572,98.066975,98.066975,98.066975,26.907062072054153,26.907062072054153,26.907062072054153,198.0,57.0,255.0
000577,test,73.27369689941406,21.65381622314453,0.2955196499824524,73.2737,73.2737,73.2737,21.653818100048777,21.653818100048777,21.653818100048777,213.0,42.0,255.0
000581,test,69.09217834472656,18.129474639892578,0.2623954713344574,69.092175,69.092175,69.092175,18.129474034548686,18.129474034548686,18.129474034548686,187.0,39.0,226.0
000578,test,81.59182739257812,26.64707374572754,0.326589971780777,81.591825,81.591825,81.591825,26.647074289110524,26.647074289110524,26.647074289110524,209.0,46.0,255.0
000582,test,47.75265121459961,14.148479461669922,0.29628679156303406,47.75265,47.75265,47.75265,14.148479352124737,14.148479352124737,14.148479352124737,117.0,26.0,143.0
000579,test,94.06385040283203,25.96805191040039,0.2760683596134186,94.06385,94.06385,94.06385,25.96805100845075,25.96805100845075,25.96805100845075,201.0,54.0,255.0
000583,test,48.255550384521484,16.050010681152344,0.33260443806648254,48.25555,48.25555,48.25555,16.05001072265997,16.05001072265997,16.05001072265997,135.0,27.0,162.0
000584,test,42.778076171875,13.377222061157227,0.3127121031284332,42.778075,42.778075,42.778075,13.377222218920302,13.377222218920302,13.377222218920302,116.0,22.0,138.0
000580,test,94.07450103759766,26.854095458984375,0.2854556143283844,94.0745,94.0745,94.0745,26.854094655191787,26.854094655191787,26.854094655191787,192.0,54.0,246.0
000585,test,34.33694839477539,11.759425163269043,0.34247148036956787,34.33695,34.33695,34.33695,11.75942450537015,11.75942450537015,11.75942450537015,108.0,20.0,128.0
000586,test,36.52939987182617,10.614154815673828,0.29056471586227417,36.5294,36.5294,36.5294,10.614154965893423,10.614154965893423,10.614154965893423,131.0,18.0,149.0
000587,test,83.40017700195312,32.32377243041992,0.38757437467575073,83.400175,83.400175,83.400175,32.323770432444526,32.323770432444526,32.323770432444526,208.0,47.0,255.0
000588,test,67.70842742919922,23.502498626708984,0.34711334109306335,67.708425,67.708425,67.708425,23.502498995199957,23.502498995199957,23.502498995199957,188.0,31.0,219.0
000590,test,133.5440673828125,22.287960052490234,0.16689592599868774,133.544075,133.544075,133.544075,22.28795991997417,22.28795991997417,22.28795991997417,201.0,54.0,255.0
000589,test,89.3675765991211,21.29466438293457,0.23828177154064178,89.367575,89.367575,89.367575,21.294663970567253,21.294663970567253,21.294663970567253,200.0,55.0,255.0
000592,test,120.79985046386719,31.350990295410156,0.25952839851379395,120.79985,120.79985,120.79985,31.350991849979803,31.350991849979803,31.350991849979803,185.0,70.0,255.0
000591,test,144.27090454101562,18.2200927734375,0.12629082798957825,144.2709,144.2709,144.2709,18.220093665785587,18.220093665785587,18.220093665785587,155.0,99.0,254.0
000593,test,128.39450073242188,17.438461303710938,0.13581937551498413,128.3945,128.3945,128.3945,17.43846093409622,17.43846093409622,17.43846093409622,169.0,86.0,255.0
000595,test,112.82095336914062,25.877134323120117,0.22936461865901947,112.82095,112.82095,112.82095,25.87713548864132,25.87713548864132,25.87713548864132,180.0,75.0,255.0
000596,test,116.78189849853516,24.56908416748047,0.21038435399532318,116.7819,116.7819,116.7819,24.56908387364087,24.56908387364087,24.56908387364087,169.0,86.0,255.0
000594,test,105.95245361328125,26.64202308654785,0.25145262479782104,105.95245,105.95245,105.95245,26.64202392832609,26.64202392832609,26.64202392832609,184.0,71.0,255.0
000597,test,107.95490264892578,12.85479736328125,0.11907562613487244,107.9549,107.9549,107.9549,12.854797392024503,12.854797392024503,12.854797392024503,178.0,77.0,255.0
000598,test,89.564697265625,25.822254180908203,0.28830838203430176,89.5647,89.5647,89.5647,25.8222552057329,25.8222552057329,25.8222552057329,199.0,56.0,255.0
000600,test,88.75877380371094,25.686784744262695,0.2893999516963959,88.758775,88.758775,88.758775,25.68678425765621,25.68678425765621,25.68678425765621,201.0,54.0,255.0
000599,test,112.54244995117188,29.633010864257812,0.2633051872253418,112.54245,112.54245,112.54245,29.633011119315903,29.633011119315903,29.633011119315903,185.0,70.0,255.0
000603,test,116.85377502441406,38.83214569091797,0.33231401443481445,116.853775,116.853775,116.853775,38.83214832132489,38.83214832132489,38.83214832132489,221.0,34.0,255.0
000602,test,110.42575073242188,37.76628112792969,0.342006117105484,110.42575,110.42575,110.42575,37.76628108428867,37.76628108428867,37.76628108428867,222.0,33.0,255.0
000601,test,94.95942687988281,29.95701789855957,0.3154717683792114,94.959425,94.959425,94.959425,29.957019689371226,29.957019689371226,29.957019689371226,212.0,29.0,241.0
000605,test,133.2771759033203,47.02430725097656,0.3528309166431427,133.277175,133.277175,133.277175,47.02430806529081,47.02430806529081,47.02430806529081,223.0,32.0,255.0
000606,test,103.21894836425781,23.599153518676758,0.22863198816776276,103.21895,103.21895,103.21895,23.599153817404133,23.599153817404133,23.599153817404133,201.0,52.0,253.0
000607,test,120.93144989013672,32.53755569458008,0.26905784010887146,120.93145,120.93145,120.93145,32.537555238485574,32.537555238485574,32.537555238485574,220.0,35.0,255.0
000608,test,103.7105484008789,42.31999588012695,0.4080587327480316,103.71055,103.71055,103.71055,42.31999431353341,42.31999431353341,42.31999431353341,175.0,0.0,175.0
000604,test,93.5133285522461,21.197429656982422,0.22667816281318665,93.513325,93.513325,93.513325,21.197428439421017,21.197428439421017,21.197428439421017,163.0,24.0,187.0
000609,test,96.7562484741211,39.47894287109375,0.40802472829818726,96.75625,96.75625,96.75625,39.47894357676633,39.47894357676633,39.47894357676633,223.0,32.0,255.0
000611,test,124.59719848632812,31.45427703857422,0.2524476945400238,124.5972,124.5972,124.5972,31.454277962782744,31.454277962782744,31.454277962782744,227.0,28.0,255.0
000614,test,109.78170013427734,36.54508590698242,0.3328886926174164,109.7817,109.7817,109.7817,36.545083733793795,36.545083733793795,36.545083733793795,217.0,38.0,255.0
000610,test,131.4769744873047,31.758642196655273,0.24155288934707642,131.476975,131.476975,131.476975,31.75864244342593,31.75864244342593,31.75864244342593,224.0,31.0,255.0
000613,test,119.261474609375,49.733665466308594,0.41701367497444153,119.261475,119.261475,119.261475,49.73366772946044,49.73366772946044,49.73366772946044,221.0,34.0,255.0
000612,test,136.3197479248047,42.02412414550781,0.30827611684799194,136.31975,136.31975,136.31975,42.02412176283402,42.02412176283402,42.02412176283402,228.0,27.0,255.0
000616,test,148.44869995117188,34.92314910888672,0.23525398969650269,148.4487,148.4487,148.4487,34.92314874563861,34.92314874563861,34.92314874563861,219.0,36.0,255.0
000615,test,120.70120239257812,59.07682800292969,0.48944687843322754,120.7012,120.7012,120.7012,59.07682767854076,59.07682767854076,59.07682767854076,218.0,37.0,255.0
000617,test,126.77827453613281,25.407833099365234,0.2004115730524063,126.778275,126.778275,126.778275,25.40783369404749,25.40783369404749,25.40783369404749,207.0,43.0,250.0
000618,test,135.94265747070312,41.247779846191406,0.30342042446136475,135.94265,135.94265,135.94265,41.24778067941959,41.24778067941959,41.24778067941959,223.0,32.0,255.0
000622,test,102.29955291748047,48.83224105834961,0.4773455858230591,102.29955,102.29955,102.29955,48.832239553367806,48.832239553367806,48.832239553367806,225.0,30.0,255.0
000620,test,123.32589721679688,29.56035804748535,0.2396930307149887,123.3259,123.3259,123.3259,29.560358407671583,29.560358407671583,29.560358407671583,211.0,16.0,227.0
000621,test,122.00520324707031,37.02676010131836,0.30348509550094604,122.0052,122.0052,122.0052,37.026756851768695,37.026756851768695,37.026756851768695,241.0,14.0,255.0
000619,test,107.22530364990234,27.508548736572266,0.25654903054237366,107.2253,107.2253,107.2253,27.508550305495927,27.508550305495927,27.508550305495927,190.0,31.0,221.0
000623,test,131.9477996826172,28.345272064208984,0.21482186019420624,131.9478,131.9478,131.9478,28.34527253635075,28.34527253635075,28.34527253635075,220.0,33.0,253.0
000624,test,143.90585327148438,51.37741470336914,0.3570210337638855,143.90585,143.90585,143.90585,51.37741561987621,51.37741561987621,51.37741561987621,226.0,29.0,255.0
000626,test,108.45010375976562,29.439565658569336,0.2714572250843048,108.4501,108.4501,108.4501,29.43956623304766,29.43956623304766,29.43956623304766,220.0,29.0,249.0
000629,test,109.6739273071289,38.64384078979492,0.352352112531662,109.673925,109.673925,109.673925,38.643839096217846,38.643839096217846,38.643839096217846,229.0,26.0,255.0
000627,test,93.94127655029297,43.00912094116211,0.45782986283302307,93.941275,93.941275,93.941275,43.00912085098201,43.00912085098201,43.00912085098201,206.0,48.0,254.0
000630,test,119.0470962524414,38.451053619384766,0.3229902684688568,119.0471,119.0471,119.0471,38.451053062172434,38.451053062172434,38.451053062172434,235.0,20.0,255.0
000625,test,127.16427612304688,48.5962028503418,0.3821529448032379,127.164275,127.164275,127.164275,48.59620292496498,48.59620292496498,48.59620292496498,228.0,27.0,255.0
000628,test,92.58570098876953,25.618932723999023,0.2767050564289093,92.5857,92.5857,92.5857,25.618932559925284,25.618932559925284,25.618932559925284,199.0,22.0,221.0
000632,test,150.4308319091797,53.8365364074707,0.3578823208808899,150.430825,150.430825,150.430825,53.83653605888268,53.83653605888268,53.83653605888268,227.0,28.0,255.0
000631,test,136.4167022705078,48.80708694458008,0.3577794134616852,136.4167,136.4167,136.4167,48.80708771387615,48.80708771387615,48.80708771387615,217.0,38.0,255.0
000633,test,124.84140014648438,38.427276611328125,0.3078087568283081,124.8414,124.8414,124.8414,38.42727606843868,38.42727606843868,38.42727606843868,238.0,17.0,255.0
000636,test,106.07237243652344,45.79651641845703,0.43174782395362854,106.072375,106.072375,106.072375,45.79651828315527,45.79651828315527,45.79651828315527,239.0,16.0,255.0
000638,test,138.05250549316406,54.8862419128418,0.39757511019706726,138.0525,138.0525,138.0525,54.88624366587679,54.88624366587679,54.88624366587679,231.0,24.0,255.0
000634,test,119.4875717163086,27.377182006835938,0.22912158071994781,119.487575,119.487575,119.487575,27.37718293797547,27.37718293797547,27.37718293797547,216.0,33.0,249.0
000635,test,112.55729675292969,40.89479446411133,0.36332425475120544,112.5573,112.5573,112.5573,40.894796328017094,40.894796328017094,40.894796328017094,235.0,20.0,255.0
000637,test,130.35765075683594,41.936744689941406,0.32170528173446655,130.35765,130.35765,130.35765,41.93674327457367,41.93674327457367,41.93674327457367,250.0,5.0,255.0
000640,test,109.04217529296875,31.82171630859375,0.2918294370174408,109.042175,109.042175,109.042175,31.821715797068126,31.821715797068126,31.821715797068126,186.0,12.0,198.0
000639,test,114.6583480834961,40.39814758300781,0.35233497619628906,114.65835,114.65835,114.65835,40.398145072236915,40.398145072236915,40.398145072236915,251.0,4.0,255.0
000643,test,134.4509735107422,46.98781204223633,0.34947913885116577,134.450975,134.450975,134.450975,46.98780955257837,46.98780955257837,46.98780955257837,212.0,43.0,255.0
000642,test,93.8749008178711,30.804683685302734,0.3281461000442505,93.8749,93.8749,93.8749,30.80468308536869,30.80468308536869,30.80468308536869,216.0,20.0,236.0
000641,test,151.58729553222656,57.24037170410156,0.37760666012763977,151.5873,151.5873,151.5873,57.24037236697539,57.24037236697539,57.24037236697539,232.0,23.0,255.0
000646,test,97.76092529296875,40.74424743652344,0.41677436232566833,97.760925,97.760925,97.760925,40.74424460146948,40.74424460146948,40.74424460146948,244.0,11.0,255.0
000644,test,144.80612182617188,53.5260124206543,0.36963915824890137,144.806125,144.806125,144.806125,53.52601411915868,53.52601411915868,53.52601411915868,228.0,27.0,255.0
000645,test,154.39759826660156,56.05925369262695,0.36308372020721436,154.3976,154.3976,154.3976,56.05925360045387,56.05925360045387,56.05925360045387,234.0,21.0,255.0
000647,test,165.6222686767578,60.899986267089844,0.3677040934562683,165.622275,165.622275,165.622275,60.89998603303924,60.89998603303924,60.89998603303924,212.0,43.0,255.0
000648,test,111.42250061035156,49.973472595214844,0.44850432872772217,111.4225,111.4225,111.4225,49.97347290062999,49.97347290062999,49.97347290062999,227.0,28.0,255.0
000650,test,126.9614486694336,30.618820190429688,0.24116627871990204,126.96145,126.96145,126.96145,30.61882123625108,30.61882123625108,30.61882123625108,224.0,23.0,247.0
000649,test,128.80838012695312,58.174293518066406,0.45163437724113464,128.808375,128.808375,128.808375,58.17429333356251,58.17429333356251,58.17429333356251,217.0,38.0,255.0
000652,test,114.87532806396484,46.608299255371094,0.40572941303253174,114.875325,114.875325,114.875325,46.60830002418427,46.60830002418427,46.60830002418427,241.0,14.0,255.0
000653,test,111.9239273071289,50.7170524597168,0.4531386196613312,111.923925,111.923925,111.923925,50.71705420856356,50.71705420856356,50.71705420856356,230.0,25.0,255.0
000651,test,73.08622741699219,21.82752799987793,0.2986544668674469,73.086225,73.086225,73.086225,21.827528267061645,21.827528267061645,21.827528267061645,167.0,16.0,183.0
000654,test,200.69964599609375,53.581871032714844,0.26697540283203125,200.69965,200.69965,200.69965,53.58186997369073,53.58186997369073,53.58186997369073,234.0,21.0,255.0
000655,test,130.27149963378906,57.497589111328125,0.44136735796928406,130.2715,130.2715,130.2715,57.49758897336479,57.49758897336479,57.49758897336479,235.0,20.0,255.0
000656,test,193.83016967773438,45.98764419555664,0.23725740611553192,193.830175,193.830175,193.830175,45.98764164935374,45.98764164935374,45.98764164935374,218.0,37.0,255.0
000657,test,172.23641967773438,34.4401969909668,0.19995884597301483,172.236425,172.236425,172.236425,34.44019712805627,34.44019712805627,34.44019712805627,207.0,48.0,255.0
000658,test,188.61245727539062,47.135765075683594,0.24990801513195038,188.61245,188.61245,188.61245,47.13576301490727,47.13576301490727,47.13576301490727,233.0,22.0,255.0
000659,test,130.67965698242188,40.15841293334961,0.3073042333126068,130.67965,130.67965,130.67965,40.15841289042061,40.15841289042061,40.15841289042061,214.0,21.0,235.0
000661,test,158.71096801757812,52.957401275634766,0.3336719572544098,158.710975,158.710975,158.710975,52.957399761972596,52.957399761972596,52.957399761972596,228.0,27.0,255.0
000662,test,94.05552673339844,39.037540435791016,0.415047824382782,94.055525,94.055525,94.055525,39.03754080336484,39.03754080336484,39.03754080336484,245.0,10.0,255.0
000660,test,176.65892028808594,48.62334442138672,0.2752385437488556,176.658925,176.658925,176.658925,48.62334411416367,48.62334411416367,48.62334411416367,250.0,5.0,255.0
000663,test,137.03775024414062,52.525508880615234,0.3832922577857971,137.03775,137.03775,137.03775,52.525507374393825,52.525507374393825,52.525507374393825,219.0,36.0,255.0
000664,test,176.45315551757812,63.83114242553711,0.36174553632736206,176.45315,176.45315,176.45315,63.831142909065164,63.831142909065164,63.831142909065164,233.0,22.0,255.0
000666,test,134.034423828125,49.50325393676758,0.3693324029445648,134.034425,134.034425,134.034425,49.50325282160128,49.50325282160128,49.50325282160128,216.0,39.0,255.0
000667,test,126.44969940185547,60.07372283935547,0.4750799834728241,126.4497,126.4497,126.4497,60.07372403896732,60.07372403896732,60.07372403896732,234.0,21.0,255.0
000665,test,204.5438995361328,59.549232482910156,0.29113179445266724,204.5439,204.5439,204.5439,59.54923318389582,59.54923318389582,59.54923318389582,232.0,23.0,255.0
000668,test,114.87259674072266,44.658485412597656,0.3887653648853302,114.8726,114.8726,114.8726,44.658485971201486,44.658485971201486,44.658485971201486,255.0,0.0,255.0
000669,test,146.19125366210938,54.96514892578125,0.37598109245300293,146.19125,146.19125,146.19125,54.96514917142952,54.96514917142952,54.96514917142952,234.0,21.0,255.0
000670,test,163.7447509765625,63.02651596069336,0.3849070966243744,163.74475,163.74475,163.74475,63.02651781145378,63.02651781145378,63.02651781145378,254.0,1.0,255.0
000674,test,128.82127380371094,50.67448806762695,0.39337047934532166,128.821275,128.821275,128.821275,50.67448897003674,50.67448897003674,50.67448897003674,247.0,8.0,255.0
000673,test,108.04750061035156,32.357215881347656,0.2994721233844757,108.0475,108.0475,108.0475,32.35721779989744,32.35721779989744,32.35721779989744,240.0,15.0,255.0
000675,test,149.44708251953125,33.300968170166016,0.22282782196998596,149.447075,149.447075,149.447075,33.30096993999386,33.30096993999386,33.30096993999386,217.0,38.0,255.0
000672,test,125.37120056152344,42.651737213134766,0.3402036130428314,125.3712,125.3712,125.3712,42.651739830398476,42.651739830398476,42.651739830398476,239.0,16.0,255.0
000671,test,112.21652221679688,24.964391708374023,0.22246627509593964,112.216525,112.216525,112.216525,24.964391479152358,24.964391479152358,24.964391479152358,196.0,40.0,236.0
000676,test,101.00859832763672,27.350112915039062,0.2707701325416565,101.0086,101.0086,101.0086,27.35011290726238,27.35011290726238,27.35011290726238,186.0,15.0,201.0
000677,test,149.77099609375,55.707916259765625,0.37195396423339844,149.771,149.771,149.771,55.70791558656633,55.70791558656633,55.70791558656633,227.0,28.0,255.0
000678,test,107.01339721679688,50.31101608276367,0.4701375365257263,107.0134,107.0134,107.0134,50.31101987079968,50.31101987079968,50.31101987079968,235.0,20.0,255.0
000679,test,110.65897369384766,34.64695739746094,0.31309667229652405,110.658975,110.658975,110.658975,34.64695840834192,34.64695840834192,34.64695840834192,242.0,13.0,255.0
000680,test,144.04087829589844,47.82427215576172,0.33201876282691956,144.040875,144.040875,144.040875,47.824271078965495,47.824271078965495,47.824271078965495,254.0,1.0,255.0
000681,test,102.50325012207031,21.08744239807129,0.20572462677955627,102.50325,102.50325,102.50325,21.087441509995944,21.087441509995944,21.087441509995944,197.0,58.0,255.0
000682,test,107.36482238769531,25.128847122192383,0.23405103385448456,107.364825,107.364825,107.364825,25.128846525843063,25.128846525843063,25.128846525843063,189.0,66.0,255.0
000683,test,101.05815124511719,22.089616775512695,0.21858322620391846,101.05815,101.05815,101.05815,22.089616759407576,22.089616759407576,22.089616759407576,189.0,66.0,255.0
000685,test,96.1187515258789,27.294660568237305,0.28396812081336975,96.11875,96.11875,96.11875,27.29466062140176,27.29466062140176,27.29466062140176,196.0,59.0,255.0
000684,test,91.7780532836914,21.91374969482422,0.23876895010471344,91.77805,91.77805,91.77805,21.91374883942727,21.91374883942727,21.91374883942727,198.0,57.0,255.0
000689,test,116.7873764038086,19.457304000854492,0.16660451889038086,116.787375,116.787375,116.787375,19.457304942087305,19.457304942087305,19.457304942087305,193.0,62.0,255.0
000686,test,96.12355041503906,22.909698486328125,0.23833595216274261,96.12355,96.12355,96.12355,22.909699592039612,22.909699592039612,22.909699592039612,184.0,59.0,243.0
000687,test,89.23027801513672,20.98992156982422,0.23523317277431488,89.230275,89.230275,89.230275,20.989921353458545,20.989921353458545,20.989921353458545,195.0,60.0,255.0
000688,test,66.83920288085938,23.283777236938477,0.34835511445999146,66.8392,66.8392,66.8392,23.28377747187943,23.28377747187943,23.28377747187943,187.0,31.0,218.0
000691,test,93.70637512207031,14.864521026611328,0.1586287021636963,93.706375,93.706375,93.706375,14.864521834198873,14.864521834198873,14.864521834198873,173.0,65.0,238.0
000690,test,97.7375717163086,23.73504066467285,0.2428445965051651,97.737575,97.737575,97.737575,23.735039669639804,23.735039669639804,23.735039669639804,206.0,49.0,255.0
000693,test,102.37484741210938,14.898308753967285,0.14552703499794006,102.37485,102.37485,102.37485,14.898308208568514,14.898308208568514,14.898308208568514,184.0,71.0,255.0
000692,test,101.0489501953125,11.661543846130371,0.1154048964381218,101.04895,101.04895,101.04895,11.66154380420963,11.66154380420963,11.66154380420963,168.0,73.0,241.0
000694,test,94.52362823486328,14.929497718811035,0.15794460475444794,94.523625,94.523625,94.523625,14.929497374639743,14.929497374639743,14.929497374639743,166.0,69.0,235.0
000696,test,130.4117431640625,15.78017807006836,0.12100274115800858,130.41175,130.41175,130.41175,15.780177817043127,15.780177817043127,15.780177817043127,161.0,85.0,246.0
000697,test,115.91709899902344,10.659039497375488,0.09195398539304733,115.9171,115.9171,115.9171,10.659039712375593,10.659039712375593,10.659039712375593,150.0,84.0,234.0
000699,test,122.01090240478516,11.081520080566406,0.09082401543855667,122.0109,122.0109,122.0109,11.081519805062843,11.081519805062843,11.081519805062843,164.0,91.0,255.0
000698,test,114.6261215209961,9.798025131225586,0.08547811955213547,114.626125,114.626125,114.626125,9.798024927727782,9.798024927727782,9.798024927727782,116.0,78.0,194.0
000695,test,113.18557739257812,24.50337028503418,0.21648845076560974,113.185575,113.185575,113.185575,24.50337092971853,24.50337092971853,24.50337092971853,177.0,78.0,255.0
000700,test,59.64142608642578,15.177885055541992,0.2544856071472168,59.641425,59.641425,59.641425,15.177885194234898,15.177885194234898,15.177885194234898,152.0,39.0,191.0
000702,test,76.05345153808594,17.79819679260254,0.23402221500873566,76.05345,76.05345,76.05345,17.798196343941708,17.798196343941708,17.798196343941708,156.0,47.0,203.0
000701,test,65.34437561035156,16.314912796020508,0.24967585504055023,65.344375,65.344375,65.344375,16.314912836401394,16.314912836401394,16.314912836401394,182.0,41.0,223.0
000703,test,93.77322387695312,15.18059253692627,0.16188621520996094,93.773225,93.773225,93.773225,15.180592811197295,15.180592811197295,15.180592811197295,180.0,66.0,246.0
000704,test,63.051849365234375,27.867795944213867,0.4419822096824646,63.05185,63.05185,63.05185,27.867797034884187,27.867797034884187,27.867797034884187,220.0,35.0,255.0
000705,test,77.41022491455078,22.985063552856445,0.29692542552948,77.410225,77.410225,77.410225,22.98506450827091,22.98506450827091,22.98506450827091,204.0,41.0,245.0
000706,test,116.06625366210938,13.301149368286133,0.11459963023662567,116.06625,116.06625,116.06625,13.30114885780548,13.30114885780548,13.30114885780548,171.0,79.0,250.0
000707,test,117.59297180175781,12.24797534942627,0.10415567457675934,117.592975,117.592975,117.592975,12.247975573513159,12.247975573513159,12.247975573513159,151.0,90.0,241.0
000708,test,121.54544830322266,9.892422676086426,0.0813886746764183,121.54545,121.54545,121.54545,9.892423075136849,9.892423075136849,9.892423075136849,151.0,92.0,243.0
000710,test,98.42757415771484,18.866907119750977,0.19168314337730408,98.427575,98.427575,98.427575,18.866907659162777,18.866907659162777,18.866907659162777,189.0,66.0,255.0
000709,test,116.84252166748047,14.840054512023926,0.12700901925563812,116.842525,116.842525,116.842525,14.840054805302271,14.840054805302271,14.840054805302271,173.0,82.0,255.0
000712,test,97.55592346191406,12.00228214263916,0.12302976101636887,97.555925,97.555925,97.555925,12.002281966125235,12.002281966125235,12.002281966125235,179.0,68.0,247.0
000711,test,114.24095153808594,11.438759803771973,0.10012836754322052,114.24095,114.24095,114.24095,11.43876055774838,11.43876055774838,11.43876055774838,177.0,78.0,255.0
000716,test,78.39845275878906,26.107952117919922,0.33301615715026855,78.39845,78.39845,78.39845,26.107952573832748,26.107952573832748,26.107952573832748,159.0,43.0,202.0
000714,test,95.24984741210938,21.913766860961914,0.23006616532802582,95.24985,95.24985,95.24985,21.913767931998823,21.913767931998823,21.913767931998823,136.0,59.0,195.0
000713,test,86.04309844970703,12.448511123657227,0.14467762410640717,86.0431,86.0431,86.0431,12.44851165360743,12.44851165360743,12.44851165360743,62.0,58.0,120.0
000718,test,80.72962188720703,22.334148406982422,0.2766537070274353,80.729625,80.729625,80.729625,22.334148122535925,22.334148122535925,22.334148122535925,116.0,47.0,163.0
000715,test,76.59114837646484,16.47381019592285,0.2150876522064209,76.59115,76.59115,76.59115,16.47381078188954,16.47381078188954,16.47381078188954,122.0,55.0,177.0
000717,test,64.80377197265625,20.726778030395508,0.3198390603065491,64.803775,64.803775,64.803775,20.72677907320322,20.72677907320322,20.72677907320322,123.0,39.0,162.0
000719,test,57.076175689697266,16.17278289794922,0.28335434198379517,57.076175,57.076175,57.076175,16.172781837685655,16.172781837685655,16.172781837685655,96.0,34.0,130.0
000720,test,121.09727478027344,21.155275344848633,0.17469654977321625,121.097275,121.097275,121.097275,21.155275053148685,21.155275053148685,21.155275053148685,160.0,76.0,236.0
000721,test,85.75035095214844,29.088809967041016,0.33922672271728516,85.75035,85.75035,85.75035,29.088811850563786,29.088811850563786,29.088811850563786,167.0,46.0,213.0
000725,test,109.64209747314453,23.163930892944336,0.2112685889005661,109.6421,109.6421,109.6421,23.163931177371424,23.163931177371424,23.163931177371424,162.0,72.0,234.0
000722,test,102.7936019897461,14.567178726196289,0.14171288907527924,102.7936,102.7936,102.7936,14.567178829135036,14.567178829135036,14.567178829135036,127.0,72.0,199.0
000724,test,114.59629821777344,10.271257400512695,0.08962992578744888,114.5963,114.5963,114.5963,10.271257289640834,10.271257289640834,10.271257289640834,73.0,78.0,151.0
000723,test,113.23037719726562,9.898906707763672,0.08742271363735199,113.230375,113.230375,113.230375,9.89890662443964,9.89890662443964,9.89890662443964,64.0,83.0,147.0
000726,test,77.10260009765625,24.593923568725586,0.31897658109664917,77.1026,77.1026,77.1026,24.59392451887254,24.59392451887254,24.59392451887254,159.0,50.0,209.0
000728,test,96.4354019165039,26.040090560913086,0.2700262665748596,96.4354,96.4354,96.4354,26.040090760978543,26.040090760978543,26.040090760978543,154.0,57.0,211.0
000730,test,96.51864624023438,27.19879722595215,0.2817983627319336,96.51865,96.51865,96.51865,27.19879780757782,27.19879780757782,27.19879780757782,133.0,59.0,192.0
000727,test,89.4813003540039,23.811365127563477,0.2661043703556061,89.4813,89.4813,89.4813,23.81136389016807,23.81136389016807,23.81136389016807,183.0,55.0,238.0
000733,test,102.62547302246094,14.368569374084473,0.1400097757577896,102.625475,102.625475,102.625475,14.36857007584175,14.36857007584175,14.36857007584175,145.0,69.0,214.0
000731,test,100.11707305908203,14.032087326049805,0.1401567906141281,100.117075,100.117075,100.117075,14.03208710222307,14.03208710222307,14.03208710222307,163.0,56.0,219.0
000729,test,91.0489273071289,18.187665939331055,0.19975705444812775,91.048925,91.048925,91.048925,18.187665637579084,18.187665637579084,18.187665637579084,129.0,59.0,188.0
000732,test,94.07967376708984,15.216375350952148,0.16173924505710602,94.079675,94.079675,94.079675,15.216375287642423,15.216375287642423,15.216375287642423,189.0,46.0,235.0
000734,test,94.66694641113281,15.940264701843262,0.16838258504867554,94.66695,94.66695,94.66695,15.940264354693117,15.940264354693117,15.940264354693117,191.0,63.0,254.0
000735,test,80.8258285522461,14.773035049438477,0.18277616798877716,80.825825,80.825825,80.825825,14.773035844719764,14.773035844719764,14.773035844719764,128.0,52.0,180.0
000737,test,88.67635345458984,27.39413070678711,0.3089226186275482,88.67635,88.67635,88.67635,27.394130770613987,27.394130770613987,27.394130770613987,205.0,50.0,255.0
000740,test,74.82917785644531,21.684968948364258,0.2897929549217224,74.829175,74.829175,74.829175,21.684968153524576,21.684968153524576,21.684968153524576,156.0,46.0,202.0
000736,test,101.38524627685547,17.05803871154785,0.16824971139431,101.38525,101.38525,101.38525,17.058038645679638,17.058038645679638,17.058038645679638,161.0,61.0,222.0
000742,test,100.99674987792969,17.667573928833008,0.1749321073293686,100.99675,100.99675,100.99675,17.667574520502242,17.667574520502242,17.667574520502242,140.0,62.0,202.0
000741,test,95.51744842529297,13.676694869995117,0.1431853026151657,95.51745,95.51745,95.51745,13.676695342717114,13.676695342717114,13.676695342717114,149.0,62.0,211.0
000738,test,87.93627166748047,26.466081619262695,0.30096888542175293,87.936275,87.936275,87.936275,26.466081389665057,26.466081389665057,26.466081389665057,174.0,53.0,227.0
000739,test,101.8207778930664,27.06130599975586,0.2657739222049713,101.820775,101.820775,101.820775,27.061306387522666,27.061306387522666,27.061306387522666,190.0,65.0,255.0
000743,test,113.39387512207031,19.593490600585938,0.17279143631458282,113.393875,113.393875,113.393875,19.593490946852093,19.593490946852093,19.593490946852093,182.0,73.0,255.0
000745,test,112.78602600097656,18.199308395385742,0.16136138141155243,112.786025,112.786025,112.786025,18.19930876982351,18.19930876982351,18.19930876982351,186.0,67.0,253.0
000747,test,82.0782241821289,15.09438705444336,0.18390245735645294,82.078225,82.078225,82.078225,15.0943865675083,15.0943865675083,15.0943865675083,100.0,46.0,146.0
000746,test,88.02159881591797,16.24842643737793,0.18459589779376984,88.0216,88.0216,88.0216,16.248425568035813,16.248425568035813,16.248425568035813,131.0,56.0,187.0
000744,test,119.802978515625,16.03116798400879,0.1338127702474594,119.802975,119.802975,119.802975,16.03116827150707,16.03116827150707,16.03116827150707,165.0,77.0,242.0
000748,test,78.31385040283203,14.431785583496094,0.1842813938856125,78.31385,78.31385,78.31385,14.431786035605572,14.431786035605572,14.431786035605572,90.0,32.0,122.0
000750,test,86.18599700927734,24.074827194213867,0.27933570742607117,86.186,86.186,86.186,24.07482718525722,24.07482718525722,24.07482718525722,178.0,45.0,223.0
000749,test,86.44117736816406,21.903526306152344,0.2533922791481018,86.441175,86.441175,86.441175,21.903525734898825,21.903525734898825,21.903525734898825,108.0,32.0,140.0
000751,test,87.9386978149414,19.018827438354492,0.216273695230484,87.9387,87.9387,87.9387,19.018827311640432,19.018827311640432,19.018827311640432,198.0,41.0,239.0
000754,test,123.37272644042969,20.933197021484375,0.16967442631721497,123.372725,123.372725,123.372725,20.933196150477716,20.933196150477716,20.933196150477716,178.0,77.0,255.0
000752,test,98.16197204589844,16.53367042541504,0.1684325486421585,98.161975,98.161975,98.161975,16.533669861811532,16.533669861811532,16.533669861811532,67.0,68.0,135.0
000755,test,76.91175079345703,10.95213508605957,0.14239872992038727,76.91175,76.91175,76.91175,10.952135040141716,10.952135040141716,10.952135040141716,54.0,52.0,106.0
000756,test,94.33332824707031,9.001581192016602,0.095423124730587,94.333325,94.333325,94.333325,9.001581496846818,9.001581496846818,9.001581496846818,72.0,52.0,124.0
000753,test,122.86575317382812,19.384639739990234,0.15777088701725006,122.86575,122.86575,122.86575,19.3846389426654,19.3846389426654,19.3846389426654,176.0,66.0,242.0
000758,test,140.89332580566406,16.144132614135742,0.11458408087491989,140.893325,140.893325,140.893325,16.144131919814548,16.144131919814548,16.144131919814548,112.0,81.0,193.0
000757,test,217.08627319335938,18.619768142700195,0.08577128499746323,217.086275,217.086275,217.086275,18.61976722798583,18.61976722798583,18.61976722798583,93.0,162.0,255.0
000759,test,143.52127075195312,19.571334838867188,0.1363653987646103,143.521275,143.521275,143.521275,19.571334838849776,19.571334838849776,19.571334838849776,163.0,87.0,250.0
000761,test,124.63732147216797,39.3390007019043,0.315627783536911,124.637325,124.637325,124.637325,39.33900280693926,39.33900280693926,39.33900280693926,255.0,0.0,255.0
000760,test,136.6636505126953,15.480929374694824,0.11327759176492691,136.66365,136.66365,136.66365,15.4809291929619,15.4809291929619,15.4809291929619,164.0,88.0,252.0
000762,test,187.3486785888672,62.16550827026367,0.3318171799182892,187.348675,187.348675,187.348675,62.16550772530034,62.16550772530034,62.16550772530034,244.0,11.0,255.0
000764,test,155.283203125,43.551483154296875,0.28046485781669617,155.2832,155.2832,155.2832,43.55148617165665,43.55148617165665,43.55148617165665,221.0,34.0,255.0
000763,test,173.22430419921875,58.517677307128906,0.33781448006629944,173.2243,173.2243,173.2243,58.517676299644705,58.517676299644705,58.517676299644705,234.0,21.0,255.0
000766,test,169.69776916503906,62.49698257446289,0.36828404664993286,169.697775,169.697775,169.697775,62.49698180751911,62.49698180751911,62.49698180751911,224.0,31.0,255.0
000765,test,128.09347534179688,46.390140533447266,0.36215850710868835,128.093475,128.093475,128.093475,46.39014213628123,46.39014213628123,46.39014213628123,233.0,22.0,255.0
000768,test,126.40532684326172,39.176300048828125,0.30992603302001953,126.405325,126.405325,126.405325,39.17629751066804,39.17629751066804,39.17629751066804,239.0,16.0,255.0
000769,test,138.5717315673828,49.80870819091797,0.3594434857368469,138.571725,138.571725,138.571725,49.808709133286875,49.808709133286875,49.808709133286875,242.0,13.0,255.0
000771,test,116.92572784423828,43.88981628417969,0.37536492943763733,116.925725,116.925725,116.925725,43.889813832190896,43.889813832190896,43.889813832190896,235.0,20.0,255.0
000770,test,144.07632446289062,31.945144653320312,0.2217237651348114,144.076325,144.076325,144.076325,31.94514516314451,31.94514516314451,31.94514516314451,225.0,30.0,255.0
000767,test,129.72625732421875,38.32937240600586,0.2954634726047516,129.72625,129.72625,129.72625,38.32937073495337,38.32937073495337,38.32937073495337,225.0,30.0,255.0
000772,test,131.5718536376953,47.552364349365234,0.3614174425601959,131.57185,131.57185,131.57185,47.552364163914085,47.552364163914085,47.552364163914085,246.0,9.0,255.0
000773,test,124.54072570800781,46.032901763916016,0.36962127685546875,124.540725,124.540725,124.540725,46.03290227081468,46.03290227081468,46.03290227081468,255.0,0.0,255.0
000774,test,123.56600189208984,35.328086853027344,0.28590458631515503,123.566,123.566,123.566,35.328084352254365,35.328084352254365,35.328084352254365,231.0,16.0,247.0
000776,test,129.77284240722656,49.61935806274414,0.3823554813861847,129.77285,129.77285,129.77285,49.61935562739101,49.61935562739101,49.61935562739101,229.0,26.0,255.0
000775,test,119.69062805175781,41.10161209106445,0.3433987498283386,119.690625,119.690625,119.690625,41.10161082134586,41.10161082134586,41.10161082134586,234.0,21.0,255.0
000777,test,131.97325134277344,53.941368103027344,0.40872955322265625,131.97325,131.97325,131.97325,53.94136802526888,53.94136802526888,53.94136802526888,240.0,15.0,255.0
000779,test,125.26789855957031,54.48585891723633,0.4349546730518341,125.2679,125.2679,125.2679,54.48586036385954,54.48586036385954,54.48586036385954,236.0,19.0,255.0
000778,test,130.72447204589844,41.77620315551758,0.3195744752883911,130.724475,130.724475,130.724475,41.776202088921096,41.776202088921096,41.776202088921096,236.0,19.0,255.0
000780,test,96.6468734741211,38.43543243408203,0.3976893424987793,96.646875,96.646875,96.646875,38.4354351833614,38.4354351833614,38.4354351833614,238.0,4.0,242.0
000781,test,171.8731689453125,46.997718811035156,0.27344417572021484,171.873175,171.873175,171.873175,46.99771686390069,46.99771686390069,46.99771686390069,238.0,17.0,255.0
000782,test,168.7000274658203,45.937591552734375,0.27230340242385864,168.700025,168.700025,168.700025,45.93759179581985,45.93759179581985,45.93759179581985,223.0,32.0,255.0
000783,test,135.758544921875,43.974369049072266,0.3239160180091858,135.75855,135.75855,135.75855,43.97437153499183,43.97437153499183,43.97437153499183,233.0,22.0,255.0
000784,test,114.23192596435547,41.42826461791992,0.3626680076122284,114.231925,114.231925,114.231925,41.42826674861471,41.42826674861471,41.42826674861471,222.0,33.0,255.0
000785,test,153.1626739501953,59.74717330932617,0.39008966088294983,153.162675,153.162675,153.162675,59.74717199871785,59.74717199871785,59.74717199871785,245.0,10.0,255.0
000786,test,134.02474975585938,39.94750213623047,0.2980606257915497,134.02475,134.02475,134.02475,39.94750414528422,39.94750414528422,39.94750414528422,227.0,28.0,255.0
000787,test,105.4250717163086,49.50690841674805,0.4695933163166046,105.425075,105.425075,105.425075,49.506908469872926,49.506908469872926,49.506908469872926,253.0,2.0,255.0
000791,test,126.88467407226562,48.654640197753906,0.3834556043148041,126.884675,126.884675,126.884675,48.65463929723839,48.65463929723839,48.65463929723839,236.0,19.0,255.0
000788,test,125.9280014038086,49.754859924316406,0.39510560035705566,125.928,125.928,125.928,49.75486122983361,49.75486122983361,49.75486122983361,233.0,22.0,255.0
000790,test,159.2863311767578,45.350830078125,0.28471264243125916,159.286325,159.286325,159.286325,45.35083067590246,45.35083067590246,45.35083067590246,239.0,16.0,255.0
000789,test,115.36217498779297,46.6146240234375,0.40407198667526245,115.362175,115.362175,115.362175,46.61462650573717,46.61462650573717,46.61462650573717,248.0,7.0,255.0
000792,test,166.63507080078125,59.4503173828125,0.35676953196525574,166.635075,166.635075,166.635075,59.45031711222721,59.45031711222721,59.45031711222721,248.0,7.0,255.0
000793,test,138.3764190673828,45.32760238647461,0.3275673985481262,138.376425,138.376425,138.376425,45.32760228844423,45.32760228844423,45.32760228844423,227.0,28.0,255.0
000794,test,177.78787231445312,49.66546630859375,0.2793523967266083,177.787875,177.787875,177.787875,49.665467660985286,49.665467660985286,49.665467660985286,221.0,34.0,255.0
000798,test,161.4639434814453,48.84149169921875,0.3024916350841522,161.46395,161.46395,161.46395,48.84149107467441,48.84149107467441,48.84149107467441,221.0,34.0,255.0
000795,test,158.4153289794922,55.504859924316406,0.35037556290626526,158.415325,158.415325,158.415325,55.50485906787238,55.50485906787238,55.50485906787238,237.0,18.0,255.0
000797,test,158.27650451660156,55.36522674560547,0.3498006761074066,158.2765,158.2765,158.2765,55.365229140228436,55.365229140228436,55.365229140228436,248.0,7.0,255.0
000796,test,153.439453125,46.597381591796875,0.3036857843399048,153.43945,153.43945,153.43945,46.597379579730664,46.597379579730664,46.597379579730664,231.0,24.0,255.0
000800,test,137.4395751953125,50.90262985229492,0.370363712310791,137.439575,137.439575,137.439575,50.90262909535591,50.90262909535591,50.90262909535591,230.0,25.0,255.0
000799,test,178.68292236328125,63.06292724609375,0.35293203592300415,178.682925,178.682925,178.682925,63.06292958977069,63.06292958977069,63.06292958977069,226.0,29.0,255.0
000801,test,132.04632568359375,42.53630447387695,0.3221316635608673,132.046325,132.046325,132.046325,42.53630189607902,42.53630189607902,42.53630189607902,255.0,0.0,255.0
000802,test,127.28694915771484,50.27680587768555,0.39498791098594666,127.28695,127.28695,127.28695,50.276806379259014,50.276806379259014,50.276806379259014,236.0,19.0,255.0
000804,test,147.3351287841797,46.97694778442383,0.31884416937828064,147.335125,147.335125,147.335125,46.97694611439078,46.97694611439078,46.97694611439078,220.0,35.0,255.0
000803,test,152.0242462158203,58.903472900390625,0.3874610364437103,152.02425,152.02425,152.02425,58.90346986330686,58.90346986330686,58.90346986330686,232.0,23.0,255.0
000805,test,161.0926055908203,49.30122756958008,0.30604276061058044,161.0926,161.0926,161.0926,49.301229449578635,49.301229449578635,49.301229449578635,227.0,28.0,255.0
000808,test,141.7657012939453,46.6768798828125,0.3292536735534668,141.7657,141.7657,141.7657,46.6768792177669,46.6768792177669,46.6768792177669,225.0,30.0,255.0
000809,test,99.0627212524414,44.74868392944336,0.4517207145690918,99.062725,99.062725,99.062725,44.748683115532856,44.748683115532856,44.748683115532856,242.0,13.0,255.0
000806,test,138.94639587402344,58.99895477294922,0.42461666464805603,138.9464,138.9464,138.9464,58.99895615212188,58.99895615212188,58.99895615212188,236.0,19.0,255.0
000807,test,129.3280487060547,51.151344299316406,0.3955162465572357,129.32805,129.32805,129.32805,51.15134488161089,51.15134488161089,51.15134488161089,238.0,17.0,255.0
000810,test,118.29205322265625,52.27855682373047,0.44194477796554565,118.29205,118.29205,118.29205,52.27855541995685,52.27855541995685,52.27855541995685,239.0,16.0,255.0
000811,test,114.88040161132812,53.79115295410156,0.46823611855506897,114.8804,114.8804,114.8804,53.79115536814579,53.79115536814579,53.79115536814579,230.0,25.0,255.0
000812,test,59.73455047607422,28.764896392822266,0.4815453588962555,59.73455,59.73455,59.73455,28.76489764100509,28.76489764100509,28.76489764100509,170.0,5.0,175.0
000817,test,122.8947525024414,55.91270446777344,0.45496413111686707,122.89475,122.89475,122.89475,55.91270895277298,55.91270895277298,55.91270895277298,239.0,16.0,255.0
000813,test,78.96182250976562,27.241897583007812,0.34500086307525635,78.961825,78.961825,78.961825,27.241897284685866,27.241897284685866,27.241897284685866,222.0,33.0,255.0
000814,test,54.622825622558594,31.29830551147461,0.5729895234107971,54.622825,54.622825,54.622825,31.29830528989349,31.29830528989349,31.29830528989349,255.0,0.0,255.0
000815,test,124.6656723022461,50.82221984863281,0.4076681137084961,124.665675,124.665675,124.665675,50.82222005967837,50.82222005967837,50.82222005967837,237.0,18.0,255.0
000816,test,83.94967651367188,44.23755645751953,0.5269532799720764,83.949675,83.949675,83.949675,44.237558051890424,44.237558051890424,44.237558051890424,255.0,0.0,255.0
000819,test,124.45707702636719,55.42999267578125,0.44537436962127686,124.457075,124.457075,124.457075,55.429994654919234,55.429994654919234,55.429994654919234,238.0,17.0,255.0
000820,test,78.15272521972656,42.87904357910156,0.5486570596694946,78.152725,78.152725,78.152725,42.879043250454814,42.879043250454814,42.879043250454814,255.0,0.0,255.0
000818,test,112.14402770996094,52.91653823852539,0.4718622863292694,112.144025,112.144025,112.144025,52.91653977538001,52.91653977538001,52.91653977538001,231.0,24.0,255.0
000821,test,85.9437255859375,45.554141998291016,0.5300461649894714,85.943725,85.943725,85.943725,45.554139308347985,45.554139308347985,45.554139308347985,251.0,4.0,255.0
000823,test,86.48272705078125,47.128501892089844,0.5449469685554504,86.482725,86.482725,86.482725,47.1285014781329,47.1285014781329,47.1285014781329,255.0,0.0,255.0
000825,test,84.34477233886719,40.23500442504883,0.4770302176475525,84.344775,84.344775,84.344775,40.235001617986484,40.235001617986484,40.235001617986484,250.0,5.0,255.0
000822,test,77.33560180664062,31.46007537841797,0.4067993760108948,77.3356,77.3356,77.3356,31.460074263103703,31.460074263103703,31.460074263103703,255.0,0.0,255.0
000824,test,112.92635345458984,55.471065521240234,0.4912145435810089,112.92635,112.92635,112.92635,55.47106836610865,55.47106836610865,55.47106836610865,244.0,11.0,255.0
000826,test,50.39234924316406,24.106739044189453,0.4783809185028076,50.39235,50.39235,50.39235,24.106738922498415,24.106738922498415,24.106738922498415,255.0,0.0,255.0
000829,test,83.11074829101562,37.561431884765625,0.4519443213939667,83.11075,83.11075,83.11075,37.56143147481869,37.56143147481869,37.56143147481869,226.0,29.0,255.0
000827,test,104.59210205078125,50.854530334472656,0.4862176775932312,104.5921,104.5921,104.5921,50.854529961351524,50.854529961351524,50.854529961351524,231.0,24.0,255.0
000831,test,113.58737182617188,50.526832580566406,0.4448279142379761,113.587375,113.587375,113.587375,50.526832629894535,50.526832629894535,50.526832629894535,235.0,20.0,255.0
000828,test,58.337100982666016,22.459762573242188,0.3849996328353882,58.3371,58.3371,58.3371,22.45976321313295,22.45976321313295,22.45976321313295,171.0,0.0,171.0
000832,test,95.51920318603516,38.65979766845703,0.40473324060440063,95.5192,95.5192,95.5192,38.65979929280544,38.65979929280544,38.65979929280544,230.0,25.0,255.0
000833,test,112.44454956054688,58.29811096191406,0.5184609889984131,112.44455,112.44455,112.44455,58.29811082099916,58.29811082099916,58.29811082099916,237.0,18.0,255.0
000830,test,75.64047241210938,30.846454620361328,0.40780356526374817,75.640475,75.640475,75.640475,30.846454687279298,30.846454687279298,30.846454687279298,193.0,16.0,209.0
000834,test,126.17542266845703,50.396263122558594,0.3994142711162567,126.175425,126.175425,126.175425,50.3962627688738,50.3962627688738,50.3962627688738,237.0,18.0,255.0
000835,test,110.70292663574219,39.46548843383789,0.356499046087265,110.702925,110.702925,110.702925,39.46548645898559,39.46548645898559,39.46548645898559,223.0,32.0,255.0
000836,test,62.01072311401367,34.44462585449219,0.5554624199867249,62.010725,62.010725,62.010725,34.44462599556533,34.44462599556533,34.44462599556533,221.0,0.0,221.0
000837,test,118.9052734375,55.0225944519043,0.4627431035041809,118.905275,118.905275,118.905275,55.02259401531679,55.02259401531679,55.02259401531679,235.0,20.0,255.0
000838,test,142.5636749267578,60.2930908203125,0.42292043566703796,142.563675,142.563675,142.563675,60.293089948138956,60.293089948138956,60.293089948138956,228.0,27.0,255.0
000839,test,94.92997741699219,50.719947814941406,0.5342879891395569,94.929975,94.929975,94.929975,50.71994895008645,50.71994895008645,50.71994895008645,246.0,9.0,255.0
000840,test,38.92962646484375,18.28369903564453,0.46966028213500977,38.929625,38.929625,38.929625,18.283699635450564,18.283699635450564,18.283699635450564,129.0,0.0,129.0
