image_id,split,laplacian_var,is_blurry
000203,train,14.950114599375002,True
000214,train,42.861197597499995,True
000231,train,63.912835624375,True
000502,train,1897.86785591,False
000246,train,40.591874774375,True
000269,train,8.94889471,True
000289,train,21.1548984375,True
000213,train,27.634264919375,True
000267,train,31.495924234375003,True
000232,train,60.30228916,True
000258,train,23.4637498775,True
000216,train,23.0559351775,True
000292,train,58.35779516,True
000281,train,18.348124949375,True
000503,train,870.605500609375,False
000259,train,44.19333844,True
000204,train,20.562208394375002,True
000250,train,58.792374669375,True
000222,train,52.1560887775,True
000247,train,50.84389999,True
000205,train,16.474553609374997,True
000233,train,79.31891459937499,True
000234,train,94.74794516,True
000271,train,11.15134919,True
000217,train,13.998396389999998,True
000248,train,68.921069824375,True
000260,train,70.6720843975,True
000218,train,20.244322024375,True
000504,train,1900.3886556775,False
000235,train,102.50661326937501,False
000290,train,38.312244474375,True
000293,train,23.071174724375,True
000282,train,42.18987431,True
000219,train,36.1618434975,True
000249,train,49.5486030775,True
000244,train,65.44134871,True
000505,train,726.6917831899999,False
000294,train,16.4099488975,True
000220,train,38.865862194375,True
000236,train,87.41702351937501,True
000206,train,28.935936309999995,True
000261,train,72.30554184,True
000283,train,59.856646109375,True
000272,train,29.363746234374993,True
000245,train,48.615640484375,True
000237,train,111.35015497437502,False
000273,train,20.28579704,True
000277,train,57.577071377500005,True
000295,train,23.557096937500003,True
000221,train,45.100625990000005,True
000262,train,25.076544477499997,True
000506,train,1842.303773619375,False
000251,train,88.9689783775,True
000238,train,95.756610369375,True
000207,train,48.907241649375,True
000284,train,26.461603077499998,True
000296,train,11.257693997499999,True
000274,train,10.352167019375,True
000252,train,29.520761859375007,True
000507,train,711.00181079,False
000223,train,35.0273478975,True
000298,train,71.716919824375,True
000239,train,52.737286169375004,True
000263,train,31.374149,True
000285,train,21.911516734375002,True
000275,train,18.8643573775,True
000297,train,93.758060599375,True
000208,train,42.505025,True
000253,train,52.80849537750001,True
000215,train,33.538973734375006,True
000240,train,143.3021029775,False
000209,train,39.935706724374995,True
000224,train,12.209430944374999,True
000264,train,24.882019359375,True
000225,train,45.5784469375,True
000256,train,65.939923499375,True
000508,train,827.4215792775,False
000276,train,19.753926309999997,True
000210,train,24.678068874375,True
000270,train,18.7514994375,True
000286,train,33.228597699374994,True
000226,train,26.240672519375,True
000241,train,77.114511124375,True
000509,train,1208.074364174375,False
000254,train,50.750521484375,True
000299,train,65.09852599,True
000227,train,33.215820269375,True
000265,train,14.455049797500001,True
000280,train,44.578121669375,True
000201,train,25.117627437499998,True
000287,train,20.279701990000003,True
000211,train,32.554036249374995,True
000255,train,56.76125709750001,True
000268,train,21.2526680775,True
000242,train,96.3889359375,True
000291,train,54.48229999750001,True
000228,train,32.733946109375,True
000278,train,18.152624999375,True
000266,train,24.6347990975,True
000510,train,1479.885088699375,False
000511,train,1971.6659070775002,False
000230,train,73.493223949375,True
000212,train,69.659424544375,True
000202,train,27.22779856,True
000229,train,72.14019537749999,True
000243,train,72.8117211775,True
000300,train,41.4959481775,True
000288,train,12.97889711,True
000257,train,44.032593919374996,True
000501,train,1939.40640775,False
000279,train,37.196602199375,True
000514,train,402.750729099375,False
000512,train,2135.8140769375,False
000513,train,710.97875351,False
000516,train,1812.1317702975002,False
000517,train,2003.8116188743747,False
000518,train,372.1370256775,False
000519,train,444.99212044937497,False
000515,train,1483.1424631099999,False
000522,train,2078.43401536,False
000524,train,1913.460397449375,False
000520,train,1658.4241662775,False
000523,train,1999.5355598593749,False
000521,train,1991.5762811093748,False
000526,train,793.76979736,False
000527,train,2072.8058420993752,False
000525,train,1065.294592984375,False
000528,train,2310.29342975,False
000530,train,2211.5442894374996,False
000534,train,2125.6208966975,False
000529,train,2171.89644511,False
000531,train,2084.70156599,False
000536,train,1821.491061749375,False
000533,train,737.316600674375,False
000537,train,1891.342239359375,False
000535,train,2175.6247430193753,False
000532,train,938.564641649375,False
000544,train,1172.50485716,False
000538,train,1756.9202827600002,False
000540,train,1276.7533070975003,False
000541,train,2000.631603474375,False
000539,train,1674.5374537343753,False
000548,train,1990.0291007443748,False
000542,train,2095.55863759,False
000543,train,2033.5238029775,False
000545,train,2226.2899839775,False
000551,train,2035.7132264775,False
000549,train,1935.5472879099998,False
000546,train,2089.284476109375,False
000550,train,1747.72822111,False
000547,train,2041.16416751,False
000552,train,1555.157898669375,False
000555,train,1291.0214142243751,False
000554,train,1798.8905042343752,False
000553,train,790.544269374375,False
000557,train,1812.7430623599998,False
000556,train,1756.252315949375,False
000559,train,2115.3602865193748,False
000558,train,1387.7534211775,False
000560,train,1918.183720699375,False
000564,train,398.99624799937504,False
000565,train,2147.816620874375,False
000563,train,1583.62374375,False
000561,train,514.1407658493749,False
000562,train,1544.209924994375,False
000568,train,2022.9313766193748,False
000566,train,1273.98368924,False
000569,train,1840.867735169375,False
000572,train,2151.5225824375,False
000570,train,1760.4093941193748,False
000567,train,1666.53514375,False
000571,train,1578.7898997500001,False
000573,train,2007.9849649843752,False
000575,train,579.3389640974999,False
000579,train,1538.1235060000001,False
000578,train,455.95492789749994,False
000574,train,2479.303708394375,False
000576,train,2298.8372853775004,False
000580,train,2027.2159118974998,False
000577,train,2119.97775644,False
000583,train,461.579224924375,False
000587,train,1837.9342581975002,False
000584,train,1428.3917749443751,False
000581,train,1951.2080611093752,False
000585,train,1855.7425607743749,False
000582,train,2098.7439118943753,False
000586,train,1585.56705,False
000593,train,1749.4617870974998,False
000591,train,1780.7723383900002,False
000590,train,1937.8778519974999,False
000589,train,706.668203724375,False
000594,train,1659.4845547975,False
000588,train,1420.1458449375,False
000592,train,1920.5482988743752,False
000597,train,1612.689539894375,False
000595,train,1824.078766444375,False
000599,train,614.96460591,False
000600,train,1228.5679489775,False
000598,train,1220.0273784693752,False
000596,train,1941.3354997500003,False
000603,train,50.645440390000005,True
000601,train,34.799999937500004,True
000604,train,158.61770116,False
000602,train,35.25484964,True
000605,train,178.9965990975,False
000607,train,224.8501972775,False
000609,train,193.42794324000002,False
000606,train,217.41225839749998,False
000608,train,169.22654224000001,False
000610,train,181.78141839437504,False
000615,train,129.13598478999998,False
000612,train,97.591008719375,True
000611,train,191.56268479,False
000614,train,118.8975924375,False
000618,train,53.20253616000001,True
000613,train,105.3990399375,False
000616,train,72.84187184937501,True
000624,train,75.40698193749999,True
000622,train,38.97559993749999,True
000620,train,18.73539676,True
000617,train,66.489724399375,True
000621,train,37.281493359375,True
000623,train,126.97814987750002,False
000625,train,167.935828019375,False
000629,train,75.30269147749999,True
000627,train,168.012203144375,False
000628,train,28.62913236,True
000630,train,117.073646484375,False
000626,train,78.123459519375,True
000619,train,51.224213074374994,True
000631,train,45.737503694375,True
000632,train,25.40919711,True
000633,train,14.419473109374998,True
000634,train,42.855990389999995,True
000637,train,74.7502851775,True
000639,train,64.10108748437499,True
000636,train,44.0426633975,True
000638,train,71.34477481937499,True
000635,train,48.349996,True
000641,train,85.85839975,True
000640,train,79.20409039,True
000644,train,14.751220049374998,True
000646,train,83.83461735937502,True
000643,train,15.47669424,True
000642,train,48.9465486775,True
000648,train,58.494005859375,True
000645,train,90.085163944375,True
000647,train,42.143147750000004,True
000649,train,57.209362924375,True
000655,train,102.52471912437501,False
000653,train,124.873205419375,False
000650,train,92.68269996,True
000654,train,115.87763517749998,False
000652,train,106.14404717437499,False
000657,train,37.694074969375,True
000651,train,99.03369889750002,True
000658,train,41.417072437499996,True
000656,train,70.10088319,True
000659,train,121.76790591,False
000661,train,102.38804039,False
000662,train,47.9833992775,True
000663,train,61.113962789999995,True
000665,train,120.525716149375,False
000660,train,129.3091169375,False
000667,train,72.818971484375,True
000666,train,67.160582424375,True
000670,train,50.345820899375006,True
000664,train,64.32399936,True
000668,train,68.1272961975,True
000669,train,22.39009671,True
000671,train,155.122138094375,False
000674,train,98.563406294375,True
000675,train,58.36974993749999,True
000672,train,247.703661124375,False
000673,train,66.2229481775,True
000676,train,70.32209999,True
000677,train,261.57702696,False
000680,train,80.1005866775,True
000685,train,127.413472519375,False
000682,train,191.5408110975,False
000678,train,412.19242084,False
000679,train,518.6732428775,False
000681,train,165.21484736000002,False
000683,train,194.32789759749997,False
000684,train,126.0469939975,False
000687,train,132.00389991,False
000689,train,35.875016734375,True
000686,train,75.33612282437501,True
000688,train,97.94084524,True
000691,train,68.05134997750001,True
000692,train,64.9588827775,True
000690,train,55.08067384437499,True
000695,train,54.322160519375004,True
000693,train,78.67257947750001,True
000697,train,81.2547322775,True
000696,train,32.821936310000005,True
000694,train,89.29408759,True
000698,train,61.46064243749999,True
000902,train,12.1536778975,True
000901,train,6.469713609375001,True
000904,train,8.31023631,True
000700,train,213.49594943749997,False
000905,train,16.497843239999998,True
000903,train,11.887459594375,True
000699,train,154.75084424,False
000906,train,30.744812574375,True
000909,train,35.099027734375,True
000907,train,20.220401469375002,True
000911,train,5.4952499775,True
000908,train,26.12854856,True
000913,train,14.292668369375,True
000910,train,4.175799797500001,True
000912,train,9.928324949375,True
000914,train,4.55569804,True
000915,train,7.8187247243749995,True
000918,train,38.730145344375,True
000916,train,23.64713911,True
000917,train,25.937838097500002,True
000919,train,45.877147744375,True
000922,train,12.562196937499998,True
000923,train,10.342123619375,True
000921,train,25.626605859375,True
000924,train,6.475937397499999,True
000925,train,7.662848310000001,True
000920,train,22.029729297499998,True
000926,train,7.193121669375,True
000927,train,5.0200243193750005,True
000931,train,11.206174894375,True
000929,train,3.7617708993749996,True
000928,train,9.509824497499999,True
000930,train,24.939277044375,True
000932,train,14.177717510000003,True
000934,train,27.42344375,True
000936,train,4.51634975,True
000935,train,12.568696577499999,True
000933,train,34.442493549374994,True
000941,train,22.579464597500003,True
000937,train,7.336671669375,True
000938,train,9.8159939975,True
000940,train,12.7286972775,True
000944,train,24.0000494375,True
000943,train,26.729721099375002,True
000942,train,19.8875180775,True
000939,train,7.515774984375001,True
000945,train,13.204271377500001,True
000948,train,8.472872024375,True
000946,train,26.05684471,True
000947,train,7.813996109374999,True
000950,train,13.98719271,True
000951,train,7.525920484374999,True
000952,train,13.513674894374999,True
000949,train,7.370669594375,True
000955,train,33.5246444775,True
000954,train,25.2459907975,True
000953,train,17.592092710000003,True
000957,train,46.473798790000004,True
000956,train,34.931897277500006,True
000960,train,16.50823911,True
000958,train,39.010749190000006,True
000961,train,14.0560494375,True
000963,train,9.9681449375,True
000964,train,13.359124609375,True
000959,train,43.254751719375,True
000965,train,7.97187084,True
000962,train,40.628009597500004,True
000966,train,17.992283999999998,True
000969,train,6.783064919375,True
000972,train,5.881173374375,True
000968,train,16.3882865775,True
000970,train,12.4026486775,True
000967,train,15.824599839999998,True
000971,train,6.958974774374999,True
000974,train,9.057574474374999,True
000973,train,7.64884936,True
000976,train,11.68919159,True
000975,train,11.40009996,True
000979,train,18.244297109999998,True
000977,train,12.268021294375002,True
000982,train,31.039059199374996,True
000980,train,12.229674319375,True
000978,train,15.645220899374998,True
000983,train,36.940679774375,True
000981,train,16.261574894375,True
000984,train,33.846541877499995,True
000988,train,13.517574724374999,True
000986,train,7.065724859375,True
000985,train,18.9506939975,True
000987,train,16.627041877499998,True
000992,train,23.43744964,True
000990,train,22.5912957975,True
000989,train,13.36589804,True
000993,train,12.810220484375,True
000991,train,18.3334343975,True
000995,train,21.087272969375,True
000994,train,22.800199744375,True
000996,train,11.857674984375,True
001002,train,6.653466734375,True
000999,train,6.99416636,True
000998,train,7.5438744743749995,True
000997,train,37.1822343975,True
001000,train,10.293674819375,True
001001,train,10.38089375,True
001005,train,15.19279804,True
001003,train,12.034434359375,True
001004,train,13.604544,True
001013,train,29.399837069375,True
001008,train,17.518533074374997,True
001006,train,16.691719824375003,True
001012,train,30.126474609375,True
001011,train,24.638258397500003,True
001010,train,23.74722775,True
001009,train,18.277248897499998,True
001007,train,17.7837387775,True
001014,train,27.363914,True
001016,train,18.464822194375,True
001018,train,8.081616444375,True
001015,train,21.091358394375,True
001017,train,9.899870049374998,True
001023,train,9.820873374375,True
001021,train,5.637874969375,True
001020,train,25.346147437499997,True
001019,train,5.656972024375,True
001022,train,19.8135906975,True
001024,train,24.1682783775,True
001028,train,12.1622990975,True
001029,train,11.64699951,True
001027,train,28.116774049375003,True
001025,train,25.694558984375,True
001026,train,20.3328351775,True
001030,train,15.630174894375,True
001031,train,18.2689492775,True
001032,train,12.448421294375,True
001034,train,10.228167624375,True
001033,train,8.050860824375,True
001035,train,10.80559559,True
001036,train,14.449596197499998,True
001037,train,13.6740494375,True
001040,train,27.088621294374995,True
001038,train,17.376272194374998,True
001042,train,23.305175,True
001039,train,21.49074639,True
001049,train,6.7739242343749995,True
001041,train,29.517543240000006,True
001044,train,22.5264157775,True
001043,train,19.570119824375,True
001046,train,7.932911494375,True
001048,train,20.99919224,True
001052,train,29.730631769375,True
001045,train,16.3629912975,True
001050,train,14.6441366775,True
001054,train,24.951840390000005,True
001055,train,16.26769936,True
001047,train,17.949047277499997,True
001051,train,20.688286310000002,True
001053,train,28.02706775,True
001056,train,16.869216319375,True
001060,train,9.293573374374999,True
001057,train,8.959349959999999,True
001059,train,4.657874049375,True
001058,train,18.724409974375,True
001063,train,20.5794544375,True
001061,train,13.196223374375,True
001062,train,17.642907569375,True
001064,train,22.02034991,True
001066,train,19.131149960000002,True
001069,train,7.116124999375,True
001071,train,13.95724216,True
001067,train,24.663574949374997,True
001070,train,27.4628835975,True
001068,train,17.539905694375,True
001065,train,22.456524049375,True
001072,train,13.430385177499998,True
001074,train,7.90009804,True
001073,train,16.073184397500004,True
001075,train,8.09849964,True
001077,train,14.045374144374998,True
001079,train,20.420113609375,True
001080,train,19.246625,True
001082,train,10.265897999375,True
001078,train,17.254392794375,True
001076,train,12.726670899375,True
001081,train,21.793192977500002,True
001083,train,10.640024319375001,True
001086,train,22.362501469375,True
001089,train,27.673372824375,True
001088,train,17.550991297499998,True
001087,train,11.1253492775,True
001085,train,5.398617574375,True
001084,train,3.6615472774999995,True
001090,train,13.219395797499999,True
001091,train,13.4914754975,True
001093,train,7.053224994375001,True
001095,train,7.309547750000001,True
001094,train,9.1731997975,True
001092,train,14.80934676,True
001098,train,24.797814274375,True
001096,train,13.0134744975,True
001100,train,12.77569831,True
001097,train,21.134124499375,True
001099,train,23.3700645975,True
001101,train,17.323145569375,True
001105,train,18.940449909999998,True
001104,train,21.93834951,True
001107,train,6.593174774375001,True
001102,train,30.82743775,True
001103,train,14.38283236,True
001108,train,9.982372969375001,True
001110,train,22.5661924375,True
001106,train,12.5494835975,True
001113,train,17.3489953775,True
001109,train,18.9117449375,True
001111,train,24.847996197500002,True
001112,train,25.227220269375,True
001117,train,14.378123734374999,True
001118,train,11.726549960000002,True
001115,train,22.43039639,True
001114,train,4.642173110000001,True
001116,train,11.802520269375,True
001121,train,30.9048609375,True
001122,train,29.88249375,True
001120,train,33.524665849375,True
001119,train,32.179124474374994,True
001124,train,48.30094039,True
001125,train,51.2898969375,True
001127,train,47.207969359375,True
001123,train,37.879641649374996,True
001129,train,20.3326202975,True
001126,train,46.764964549375,True
001128,train,43.2907894375,True
001130,train,69.33913684000001,True
001131,train,36.097451719375,True
001133,train,36.406317189999996,True
001132,train,46.08718684937501,True
001135,train,22.064137397499998,True
001137,train,22.139162924375,True
001134,train,32.7940145975,True
001138,train,31.765767299374996,True
001136,train,16.2694924375,True
001141,train,35.202949797500004,True
001139,train,23.323047999374996,True
001143,train,19.455196109375002,True
001140,train,25.698221484375,True
001145,train,26.329810749375,True
001146,train,29.858248897499998,True
001142,train,12.163545377500002,True
001149,train,16.70069831,True
001144,train,23.302198677499998,True
001150,train,29.322524924375,True
001151,train,28.141606294375002,True
001152,train,12.229123949375,True
001154,train,12.580918369375,True
001147,train,18.440111124375004,True
001153,train,13.830824819374998,True
001155,train,7.056424399374999,True
001157,train,13.885597110000003,True
001156,train,10.989414274375001,True
001148,train,10.036148789999999,True
001161,train,5.375672674375,True
001159,train,4.744673844375,True
001158,train,9.20169271,True
001165,train,8.62188391,True
001162,train,12.665676574375,True
001163,train,9.180539269375,True
001168,train,6.640898310000002,True
001166,train,9.3306638775,True
001160,train,9.039487750000001,True
001164,train,5.665072969374999,True
001167,train,22.83979999,True
001169,train,14.037729749999999,True
001171,train,7.72024559,True
001170,train,20.200470694374996,True
001172,train,23.868495160000002,True
001173,train,37.985565910000005,True
001179,train,9.525949577499999,True
001174,train,15.130073374375,True
001180,train,21.371921849375003,True
001176,train,18.530444477499998,True
001175,train,10.944971669375,True
001177,train,10.7301251775,True
001178,train,6.28898704,True
001182,train,28.964627484375,True
001183,train,12.694973844375001,True
001181,train,29.030174859375002,True
001185,train,11.7503949375,True
001184,train,8.216449797500001,True
001187,train,44.310908799375,True
001188,train,32.04219039,True
001189,train,26.729492794375,True
001186,train,5.365974924375,True
001190,train,16.168874819375002,True
001192,train,965.1095509975002,False
001191,train,1504.030272694375,False
001193,train,1652.89047391,False
001195,train,1629.164702599375,False
001194,train,1552.2933315774999,False
001197,train,956.9060935993749,False
001198,train,1309.346466,False
001196,train,1467.423721669375,False
001203,train,471.7252070975,False
001200,train,1266.283620874375,False
001204,train,1047.1723304443751,False
001199,train,955.666806224375,False
001206,train,970.0423659600001,False
001201,train,997.4303213443751,False
001202,train,1453.424867124375,False
001205,train,1338.780945874375,False
001209,train,662.9443540399999,False
001210,train,174.72798019750002,False
001207,train,1314.800641024375,False
001213,train,1423.7342493993751,False
001214,train,1562.983520899375,False
001208,train,1202.2499029843752,False
001215,train,1438.9046243693751,False
001212,train,282.671548609375,False
001211,train,809.5225972775,False
001217,train,1600.9701715975002,False
001218,train,1328.8138524743752,False
001219,train,1730.9275138993748,False
001216,train,1542.5004645493752,False
001221,train,1176.341327734375,False
001224,train,1355.464848749375,False
001222,train,807.3069492493751,False
001226,train,914.8286251775,False
001225,train,1593.464173794375,False
001223,train,1158.02721639,False
001220,train,1352.208034274375,False
001227,train,1048.877170269375,False
001228,train,1325.8514469975,False
001229,train,1412.7540750974997,False
001231,train,1525.032621099375,False
001232,train,1050.787739894375,False
001234,train,1419.620148219375,False
001233,train,1114.6908838693748,False
001230,train,911.36159244,False
001236,train,1264.419637994375,False
001237,train,1478.900572799375,False
001239,train,1503.959795609375,False
001235,train,1147.40816999,False
001238,train,1364.857369824375,False
001242,train,2009.3249034493751,False
001241,train,2120.8040277974997,False
001240,train,2002.30014199,False
001246,train,1572.4637558975,False
001244,train,1370.5874434975,False
001243,train,2165.4629234774998,False
001249,train,1777.479920694375,False
001248,train,1442.8823293975,False
001247,train,1725.1473698593747,False
001251,train,893.19566975,False
001245,train,303.29266256937495,False
001253,train,1647.7328749999997,False
001252,train,451.2352474400001,False
001250,train,788.6194236093751,False
001254,train,1113.555303024375,False
001255,train,1771.09211639,False
001258,train,1669.66779199,False
001256,train,1434.445797149375,False
001259,train,1807.6601343943753,False
001257,train,1129.682965424375,False
001262,train,2125.2904662775,False
001263,train,1105.9017144375,False
001260,train,1330.8713441193752,False
001261,train,1481.6420264775,False
001265,train,1191.6615129193751,False
001266,train,1319.5671955975,False
001264,train,1047.521965609375,False
001270,train,1107.065274324375,False
001268,train,870.3713484375,False
001272,train,404.85274204937497,False
001267,train,1502.60128319,False
001271,train,604.04982296,False
001269,train,1027.6874677600001,False
001275,train,1139.61460759,False
001273,train,672.27286176,False
001274,train,1755.7613599843748,False
001280,train,959.904102359375,False
001278,train,726.974216369375,False
001277,train,112.40619664437499,False
001279,train,665.863854424375,False
001285,train,941.28561396,False
001286,train,213.123807149375,False
001281,train,941.28561396,False
001282,train,1862.919327734375,False
001276,train,338.91207089937495,False
001283,train,1471.7923838693748,False
001291,train,1400.211187549375,False
001290,train,1556.82339264,False
001288,train,1457.18758119,False
001284,train,1623.37023559,False
001292,train,1332.53241759,False
001289,train,1121.83299375,False
001293,train,1770.2005322975003,False
001294,train,1222.7248792243752,False
001295,train,996.0411660993751,False
001287,train,1323.2105224375,False
001297,train,164.380326494375,False
001296,train,1197.454257819375,False
001298,train,928.36717391,False
001300,train,1143.486671859375,False
001299,train,831.01947856,False
001303,train,488.10229984,False
001301,train,1571.15307676,False
001302,train,187.00185975000002,False
001304,train,1016.3252010000002,False
001307,train,705.67177711,False
001310,train,908.359046109375,False
001309,train,1735.2976637693748,False
001311,train,493.1696734975,False
001305,train,1707.966485449375,False
001308,train,1134.2822622400001,False
001312,train,824.119698774375,False
001314,train,202.8667205775,False
001306,train,1587.17760311,False
001317,train,565.8569383775,False
001313,train,301.188054,False
001320,train,624.9673663599999,False
001315,train,2005.0604912343747,False
001318,train,834.5105609375,False
001316,train,897.278842949375,False
001319,train,861.577141199375,False
001322,train,446.377876374375,False
001323,train,292.899704524375,False
001324,train,181.177276494375,False
001329,train,1176.539897669375,False
001328,train,1544.9847999975,False
001321,train,1551.8165887775,False
001330,train,700.4773380943749,False
001327,train,1113.4960839999999,False
001325,train,1182.054177044375,False
001326,train,1758.123429569375,False
001332,train,976.1861317693752,False
001333,train,296.853485524375,False
001336,train,1443.475906194375,False
001337,train,1108.326150044375,False
001334,train,1362.31799964,False
001335,train,1142.5234605775,False
001331,train,1038.7151370974998,False
001341,train,1042.6773928774999,False
001338,train,1048.10072511,False
001339,train,1435.0896400775,False
001343,train,1286.81479744,False
001344,train,182.4527669375,False
001346,train,1474.3946414775,False
001340,train,1204.74808684,False
001347,train,1148.97889191,False
001342,train,212.726252294375,False
001345,train,1124.931438449375,False
001350,train,627.1103300193749,False
001349,train,379.35459424,False
001348,train,1181.5148243993751,False
001351,train,1526.1087310399998,False
001354,train,1046.5096909975,False
001355,train,1083.1635101775,False
001353,train,1255.72459264,False
001356,train,1255.38992839,False
001359,train,1447.4305832743748,False
001358,train,517.907053609375,False
001352,train,1113.92685639,False
001357,train,1413.2422136493751,False
001360,train,345.12719235937504,False
001362,train,696.221471224375,False
001361,train,1442.04228919,False
001363,train,1312.76479516,False
001365,train,1207.7825056775,False
001366,train,1223.139588544375,False
001364,train,1638.304695094375,False
001369,train,1484.458778734375,False
001367,train,1295.6035073693752,False
001368,train,884.2110234375,False
001370,train,1438.1175713774999,False
001374,train,1059.13403975,False
001371,train,1267.147672674375,False
001372,train,262.039358394375,False
001373,train,1421.8589672943751,False
001375,train,1439.105421859375,False
001378,train,1353.7197484375,False
001380,train,1127.711012569375,False
001379,train,1390.9351667343751,False
001376,train,620.298120899375,False
001384,train,1374.112008069375,False
001377,train,697.4805142743751,False
001381,train,1390.3311299375,False
001382,train,1354.905800749375,False
001383,train,512.880978419375,False
001385,train,375.775503609375,False
001387,train,384.834741949375,False
001386,train,1306.46064776,False
001391,train,1466.58941119,False
001390,train,943.198837484375,False
001388,train,493.18498839,False
001389,train,730.774087249375,False
001394,train,174.68488929937502,False
001392,train,1615.9414167899997,False
001398,train,169.29590497437502,False
001397,train,1409.200092794375,False
001399,train,200.95188630999996,False
001396,train,1266.9851224374997,False
001395,train,975.7110068974999,False
001393,train,367.54354467750005,False
001400,train,1141.29939184,False
001402,train,1581.027532794375,False
001401,train,1471.843019859375,False
001403,train,1446.7785393975,False
001404,train,1356.76431084,False
001407,train,1543.64560036,False
001405,train,621.9336272975,False
001406,train,408.08181479,False
001409,train,1598.6019882399999,False
001411,train,1499.9559603775,False
001408,train,1799.3980815099999,False
001412,train,523.9537142775,False
001410,train,1654.8317842443748,False
001415,train,1632.682117669375,False
001414,train,1591.4225878443751,False
001413,train,389.78516364937497,False
001417,train,1372.32364936,False
001416,train,1292.9033040193751,False
001419,train,1155.5529989975003,False
001421,train,1445.2820181093748,False
001420,train,761.358552734375,False
001424,train,706.8120658400001,False
001418,train,1230.8820741443749,False
001423,train,1505.8455974375,False
001422,train,1526.6931702974998,False
001431,train,1411.90035,False
001430,train,1233.0013194375001,False
001427,train,1491.0199884400001,False
001425,train,1702.3686905974998,False
001429,train,1407.62665244,False
001432,train,1067.400262569375,False
001426,train,1519.9043199900002,False
001435,train,794.81648975,False
001428,train,1380.3320223100002,False
001434,train,1273.6197109375,False
001433,train,424.91048860937497,False
001439,train,1531.7563269375,False
001436,train,1224.86707559,False
001437,train,1273.4140338775,False
001441,train,232.358971484375,False
001438,train,892.7057865775,False
001440,train,1360.2247767193749,False
001443,train,1061.8066354774999,False
001444,train,164.07985307750002,False
001447,train,1151.562789859375,False
001442,train,1059.6137985599999,False
001448,train,1503.4994704399999,False
001445,train,1602.469636,False
001450,train,1191.9983844375,False
001451,train,1063.539745194375,False
001446,train,794.7049659693749,False
001452,train,1598.8204391775,False
001453,train,1410.849909794375,False
001458,train,204.2490822975,False
001449,train,1308.4415016975001,False
001457,train,1549.3938389743748,False
001454,train,1851.2570971743748,False
001455,train,262.35638279,False
001456,train,1720.414955194375,False
001461,train,1433.3446181993752,False
001463,train,185.313864919375,False
001462,train,1529.3370339493752,False
001465,train,1305.116294849375,False
001460,train,1431.252335449375,False
001459,train,1057.5827939775002,False
001466,train,1115.8682923775,False
001464,train,907.6458999375001,False
001468,train,874.4577256493751,False
001470,train,1389.138758174375,False
001467,train,1319.36583391,False
001469,train,337.093578419375,False
001471,train,1270.5560198775001,False
001472,train,1410.8794014693751,False
001478,train,730.80698975,False
001474,train,1149.4692189599998,False
001476,train,1434.406813224375,False
001473,train,1228.975330844375,False
001477,train,1161.7839427099998,False
001475,train,1315.8720429774999,False
001479,train,311.073827044375,False
001480,train,778.105796999375,False
001482,train,19.597966444375,True
001483,train,30.258894240000007,True
001481,train,19.443274144375,True
001485,train,145.87277251937505,False
001488,train,134.302299744375,False
001486,train,176.77360967749996,False
001484,train,133.29445816937502,False
001487,train,184.72912184937502,False
001489,train,156.05154271,False
001491,train,149.801618624375,False
001495,train,92.10564516000001,True
001490,train,144.98910673437496,False
001492,train,65.62485,True
001496,train,38.031124544375,True
001494,train,83.24524711,True
001497,train,45.593974969375004,True
001493,train,77.77939671,True
001504,train,63.323291590000004,True
001503,train,106.017024859375,False
001498,train,35.2256643775,True
001502,train,28.601223844375003,True
001501,train,25.555231937499997,True
001505,train,145.335179199375,False
001499,train,30.968495597500006,True
001500,train,10.5007957975,True
001507,train,145.7185444775,False
001508,train,20.071796644374995,True
001509,train,60.927824310000005,True
001512,train,15.093024319375,True
001506,train,67.73629284937499,True
001511,train,32.337010124375,True
001513,train,6.689293997499998,True
001515,train,24.926496389999997,True
001514,train,20.780506294374998,True
001510,train,94.93918743750001,True
001518,train,42.809629297499995,True
001517,train,43.99750629437499,True
001519,train,41.962197699375004,True
001516,train,24.479915544374997,True
001523,train,7.315974924375,True
001520,train,44.964877910000006,True
001524,train,6.2345241443749995,True
001522,train,32.105824144375,True
001526,train,51.179879099375,True
001528,train,33.529621669375,True
001527,train,24.366963609375006,True
001530,train,61.302943359374986,True
001529,train,34.819864,True
001531,train,62.67767167750001,True
001525,train,65.824311124375,True
001521,train,63.718319594375,True
001532,train,68.34889447749998,True
001534,train,83.006260749375,True
001535,train,69.0801444975,True
001533,train,82.74091149437501,True
001537,train,19.93399879,True
001536,train,44.651972024375006,True
001541,train,69.17551673437501,True
001538,train,25.597959594375,True
001543,train,37.379914599375,True
001539,train,81.521412574375,True
001540,train,77.998767359375,True
001542,train,33.3937986775,True
001547,train,39.904922359375,True
001546,train,36.22563499437499,True
001549,train,9.541895024375,True
001545,train,76.5990724375,True
001544,train,45.280274544375,True
001548,train,38.970121294375,True
001553,train,33.7149999775,True
001551,train,71.0640557775,True
001550,train,22.23309804,True
001552,train,109.91204867750001,False
001556,train,36.98734831,True
001554,train,47.280074234375,True
001558,train,308.927128419375,False
001555,train,35.721422024374995,True
001560,train,40.56231257437499,True
001559,train,351.323174069375,False
001561,train,109.364281994375,False
001557,train,197.158923499375,False
001562,train,109.39193671,False
001565,train,61.525371099375,True
001566,train,41.98579983999999,True
001563,train,99.39178910999999,True
001567,train,64.006373109375,True
001564,train,53.5439412975,True
001568,train,50.544143359375006,True
001570,train,26.2608494375,True
001571,train,36.337971849374995,True
001577,train,46.3633109375,True
001569,train,20.5893944775,True
001572,train,36.52103775,True
001573,train,44.36761594937499,True
001575,train,29.467397744374995,True
001576,train,19.197168874375002,True
001578,train,33.132712219375,True
001574,train,50.94086156,True
001579,train,79.80289187749999,True
001580,train,103.97359991,False
001582,train,27.900372674375,True
001581,train,63.3589734375,True
001583,train,4.0568999775,True
001584,train,70.993849744375,True
001586,train,49.440905859375,True
001585,train,103.6591366775,False
001591,train,54.843542497499996,True
001590,train,52.44222472437499,True
001587,train,46.385846937500006,True
001588,train,32.35636750999999,True
001593,train,65.971385624375,True
001595,train,77.676826349375,True
001589,train,33.8909418775,True
001592,train,60.749764874374996,True
001594,train,77.504019424375,True
001598,train,78.6688180775,True
001596,train,90.694489194375,True
001597,train,86.253094474375,True
001603,train,60.63922324437499,True
001600,train,74.35815534937501,True
001599,train,88.68891096000002,True
001601,train,57.779974319375,True
001602,train,56.192339194374995,True
001607,train,19.332670899375,True
001606,train,6.701574774374999,True
001604,train,29.41642191,True
001608,train,16.099060369375003,True
001605,train,12.285624069375,True
001611,train,28.167398560000002,True
001610,train,17.9317373975,True
001609,train,18.2063961975,True
001614,train,37.983534,True
001613,train,24.190147119375,True
001617,train,69.890503174375,True
001612,train,11.53418976,True
001615,train,47.768202324375004,True
001616,train,63.84539804,True
001618,train,70.7232961975,True
001622,train,85.95003269749999,True
001621,train,87.392305419375,True
001619,train,73.458000099375,True
001623,train,80.5437957975,True
001624,train,94.42034493749999,True
001620,train,80.52883985937501,True
001625,train,81.03635564437499,True
001627,train,53.599638974375,True
001626,train,59.4479984375,True
001628,train,67.48039963999999,True
001630,train,9.05881719,True
001629,train,16.072622194375,True
001632,train,57.53474804,True
001631,train,42.422424944375,True
001633,train,69.186991219375,True
001634,train,101.57204159000001,False
001635,train,169.29919575999998,False
001636,train,99.776669359375,True
001641,train,65.07440407437501,True
001637,train,121.36450024937501,False
001640,train,185.1231344375,False
001642,train,223.093445724375,False
001644,train,150.70691360937502,False
001639,train,193.777983949375,False
001645,train,97.67392248437501,True
001638,train,135.67333775,False
001643,train,198.10127151,False
001648,train,18.588724234375004,True
001646,train,115.483374894375,False
001647,train,24.779547897500002,True
001649,train,10.016171849375,True
001652,train,18.738270609375,True
001650,train,9.160857984375001,True
001656,train,58.565749190000005,True
001651,train,8.19587599,True
001654,train,48.3180202975,True
001657,train,92.19262231,True
001653,train,7.734749990000001,True
001659,train,132.34339843749999,False
001658,train,129.61297404937497,False
001655,train,32.485899839999995,True
001662,train,105.5994516975,False
001661,train,129.48836584937501,False
001660,train,134.61474987749997,False
001665,train,127.58988039937499,False
001663,train,61.82708359750001,True
001664,train,40.02733877749999,True
001673,train,44.656449509999995,True
001671,train,113.81414471,False
001670,train,130.10789979749998,False
001668,train,136.354924949375,False
001669,train,131.78214991,False
001666,train,146.662241649375,False
001672,train,87.36119974937499,True
001677,train,33.235866734375,True
001667,train,126.48144299749997,False
001675,train,20.309470484374998,True
001676,train,33.002274399375004,True
001679,train,29.103779749999998,True
001674,train,54.226383999999996,True
001681,train,18.926198309999997,True
001678,train,28.487723374375,True
001680,train,24.63099936,True
001683,train,29.949667574375,True
001682,train,21.713611297499998,True
001687,train,134.027421344375,False
001685,train,23.096789759999997,True
001684,train,23.5226608975,True
001686,train,161.45004759749997,False
001688,train,41.215804069375004,True
001689,train,107.500318109375,False
001690,train,112.692548734375,False
001691,train,174.338971484375,False
001692,train,129.6693969775,False
001694,train,106.8529965775,False
001693,train,135.804496,False
001696,train,37.42958911,True
001698,train,25.96763336,True
001699,train,104.84686269749999,False
001697,train,33.10011350999999,True
001703,train,34.635617844375,True
001695,train,84.862968369375,True
001700,train,37.91114671,True
001701,train,77.04390774999999,True
001702,train,8.827049189999999,True
001704,train,32.012749244375,True
001706,train,162.236857984375,False
001708,train,231.958598734375,False
001705,train,35.6292996975,True
001709,train,122.48934048437499,False
001707,train,73.64354159,True
001715,train,25.096632419375,True
001710,train,38.49199471,True
001712,train,49.417451234375,True
001713,train,31.6631327775,True
001718,train,59.85182256,True
001720,train,92.46266443750001,True
001717,train,9.24229999,True
001711,train,135.80300396,False
001714,train,22.183705909999997,True
001716,train,24.398990484375002,True
001719,train,72.32661900000001,True
001722,train,139.6095495775,False
001721,train,134.11398631,False
001726,train,43.035214599374996,True
001723,train,142.61462048437497,False
001724,train,86.94922494937501,True
001730,train,127.63850024937499,False
001728,train,133.9206457975,False
001727,train,72.7366070975,True
001725,train,28.055992644375,True
001729,train,125.97916518999999,False
001735,train,199.313893359375,False
001733,train,35.742567019375,True
001732,train,39.0036751775,True
001731,train,68.228263944375,True
001734,train,175.35769559,False
001737,train,82.401652324375,True
001736,train,104.044905349375,False
001739,train,110.3742469375,False
001738,train,64.1454984375,True
001740,train,114.442799,False
001743,train,188.98530399000003,False
001741,train,181.99015299750002,False
001746,train,45.574604859375,True
001742,train,130.387585169375,False
001745,train,177.26164599999998,False
001747,train,61.5939359375,True
001744,train,161.51101443750002,False
001748,train,103.64127499937499,False
001755,train,8.41034879,True
001751,train,33.615531,True
001753,train,17.742648897499997,True
001749,train,117.10266614937498,False
001754,train,18.1583373975,True
001752,train,14.4078475975,True
001750,train,121.88232202437501,False
001757,train,45.3064751775,True
001756,train,7.051625649375,True
001758,train,17.192974999375,True
001759,train,38.103917299375,True
001760,train,44.405912789999995,True
001762,train,214.21121636,False
001764,train,141.7451866775,False
001763,train,110.04829639,False
001765,train,153.46044879000002,False
001761,train,37.936752324375,True
001770,train,59.428734994375,True
001766,train,122.51235442437502,False
001769,train,176.444402324375,False
001767,train,27.588832484374997,True
001771,train,6.521899840000001,True
001772,train,12.592438694375,True
001773,train,12.636611124375,True
001768,train,71.222664274375,True
001774,train,8.626472519375,True
001776,train,32.506570269375004,True
001775,train,17.108121484375,True
001781,train,6.078573844375001,True
001777,train,21.144971344374998,True
001779,train,37.6686096775,True
001786,train,24.836568874375,True
001778,train,27.12099879,True
001780,train,4.5311475975,True
001785,train,8.2968992775,True
001782,train,11.008074994375,True
001788,train,40.588021469375,True
001783,train,15.807391297499999,True
001789,train,50.4815047975,True
001790,train,23.801836249375,True
001784,train,4.819168874374999,True
001787,train,26.743706294375,True
001793,train,10.679417574375,True
001797,train,5.119774984375001,True
001791,train,26.614165544375,True
001796,train,7.5587749693749995,True
001792,train,12.792424924375,True
001795,train,7.679867844374999,True
001800,train,26.4736633975,True
001794,train,6.6093319375,True
001798,train,9.887088097500001,True
001799,train,3.9127245443750005,True
001801,train,12.739685177500002,True
001802,train,14.147878840000002,True
001803,train,36.378755694375,True
001806,train,4.715573244375,True
001805,train,13.266520269374997,True
001804,train,28.541719124375,True
001813,train,29.034388777500002,True
001809,train,7.795074924375,True
001807,train,7.6162494375000005,True
001812,train,20.647731109375002,True
001811,train,25.301170609375,True
001808,train,10.114218624375,True
001810,train,12.86174744,True
001814,train,27.20959804,True
001818,train,8.75159831,True
001815,train,13.687012177500002,True
001819,train,8.016994937500002,True
001816,train,28.060924999375,True
001821,train,7.910624894374999,True
001817,train,7.8021749443749995,True
001820,train,14.55294271,True
001824,train,26.409453590000002,True
001823,train,17.524324144374997,True
001825,train,34.582564919375,True
001826,train,36.068510369375,True
001827,train,48.592823499375,True
001822,train,14.0265887775,True
001828,train,40.460615544374996,True
001829,train,45.67081519,True
001830,train,16.841674999375,True
001835,train,8.395921909999998,True
001831,train,14.3351486775,True
001833,train,10.848649244375,True
001834,train,14.577924894374998,True
001836,train,19.605078839999997,True
001832,train,41.966937560000005,True
001837,train,17.3311969375,True
001838,train,17.907537069375,True
001844,train,9.336524544375,True
001842,train,5.97959951,True
001843,train,7.60794424,True
001839,train,7.127721484375,True
001840,train,12.9076969375,True
001841,train,7.298124984375001,True
001845,train,12.147524969375,True
001846,train,12.3924774375,True
001848,train,16.65544951,True
001849,train,18.435049437500002,True
001850,train,12.8030994375,True
001853,train,38.682913944374995,True
001847,train,12.755991877500001,True
001855,train,18.7020961975,True
001851,train,16.7539492775,True
001852,train,33.327764919375,True
001854,train,34.49054991,True
001857,train,16.309568874375,True
001856,train,7.331199277499999,True
001859,train,13.817097109999999,True
001858,train,13.95124775,True
001860,train,23.884819359375,True
001861,train,20.68948064,True
001863,train,13.5994764775,True
001862,train,24.990986677499997,True
001868,train,7.676474924375,True
001865,train,21.921718874375003,True
001867,train,39.62494979750001,True
001864,train,24.774834274375,True
001866,train,12.349124969375,True
001871,train,10.6855827775,True
001870,train,10.463423844375,True
001873,train,12.356501469375,True
001872,train,6.843170899374998,True
001875,train,15.81589804,True
001874,train,14.5061455975,True
001869,train,7.15062256,True
001876,train,17.71974375,True
001878,train,18.03526975,True
001883,train,32.112490144375,True
001877,train,19.679645569375,True
001880,train,25.4057529775,True
001882,train,32.032524474374995,True
001884,train,28.869079774375003,True
001885,train,21.9788121775,True
001879,train,19.4049327775,True
001888,train,8.184817299375,True
001887,train,10.063471294374999,True
001886,train,18.77938556,True
001889,train,5.89424639,True
001881,train,25.681177044375,True
001890,train,25.737062984375,True
001892,train,21.564124609375,True
001893,train,10.39289711,True
001894,train,25.888624497499997,True
001898,train,12.29234159,True
001899,train,11.702874949375001,True
001896,train,19.917568874375,True
001891,train,5.869524474375,True
001897,train,28.239695159999997,True
001895,train,28.026715274375,True
001901,train,18.612573734374998,True
001904,train,10.767358099374999,True
001900,train,16.282149,True
001905,train,11.570099797500001,True
001907,train,14.32994424,True
001902,train,12.607374819375,True
001906,train,14.688131937500001,True
001911,train,30.366899437500003,True
001908,train,18.80984919,True
001903,train,8.977426594375,True
001909,train,22.8209380975,True
001913,train,20.2048953775,True
001912,train,24.703333999999998,True
001916,train,8.160614599374998,True
001918,train,22.464833984375,True
001914,train,22.681313510000003,True
001915,train,16.359722824374998,True
001910,train,28.330623949375,True
001920,train,15.202525,True
001919,train,7.136941,True
001921,train,21.6499478975,True
001922,train,30.321779297499997,True
001917,train,18.710567574375002,True
001924,train,26.219574319375003,True
001923,train,29.0536583975,True
001925,train,16.503424474375002,True
001929,train,4.952124474375001,True
001926,train,17.906124499374997,True
001930,train,9.634924234375,True
001932,train,18.601107569375,True
001927,train,8.886524894374999,True
001931,train,14.1316475975,True
001936,train,19.97424744,True
001937,train,25.50114471,True
001935,train,23.3316434975,True
001934,train,24.7678496975,True
001938,train,18.660718374374998,True
001928,train,19.66207004,True
001933,train,20.68741519,True
001942,train,14.471328839999998,True
001941,train,14.13254424,True
001940,train,28.155436249375,True
001939,train,7.171296760000001,True
001943,train,17.831719824375,True
001944,train,8.080474994375,True
001945,train,8.387521484375,True
001947,train,15.143574474374999,True
001946,train,13.0637859375,True
001949,train,21.729981510000002,True
001948,train,18.038202674375,True
001954,train,3.798524949375,True
001950,train,20.677259984375,True
001951,train,22.02438064,True
001952,train,11.237294469375,True
001953,train,11.076722359375001,True
001957,train,11.243299989999999,True
001956,train,24.734116859375,True
001955,train,5.58368976,True
001960,train,13.776071849375,True
001959,train,30.549824999375,True
001958,train,18.2572387775,True
001962,train,14.751796577499999,True
001963,train,7.306295999999999,True
001961,train,14.08747696,True
001964,train,9.507668624375,True
001965,train,7.668489437500001,True
001966,train,13.422504524375,True
001967,train,21.30460396,True
001970,train,12.857170269374999,True
001972,train,32.8603859375,True
001968,train,26.741474319375005,True
001969,train,25.063074234375,True
001975,train,20.264274234374998,True
001971,train,17.790909594374998,True
001973,train,14.760988777500001,True
001976,train,12.721496937500001,True
001974,train,23.033900744375,True
001977,train,6.713797750000001,True
001980,train,23.925815849375,True
001978,train,10.589620899375,True
001979,train,20.713472969375,True
001981,train,26.753171484375,True
001983,train,17.1187944775,True
001984,train,4.942794,True
001982,train,26.128361859375,True
001985,train,24.6610998775,True
001986,train,12.346922359375,True
001988,train,12.065694937500002,True
001993,train,39.14506751,True
001990,train,33.9245486775,True
001989,train,33.961749577499994,True
001991,train,31.587259794374997,True
001994,train,51.170484,True
001995,train,53.39025,True
001996,train,48.885920609375,True
001992,train,30.9438474375,True
001987,train,14.433399,True
001999,train,21.019145024375,True
001997,train,48.75104324,True
002001,train,37.3639244975,True
001998,train,45.2236486775,True
002000,train,69.8726190975,True
002003,train,36.929208797499996,True
002007,train,23.178370694374998,True
002002,train,46.914589,True
002008,train,33.532865544375,True
002006,train,16.2371819375,True
002005,train,23.320289894375,True
002010,train,26.408799750000007,True
002004,train,33.966702199375,True
002009,train,24.970001469375003,True
002012,train,12.18848775,True
002013,train,20.434991297499998,True
002011,train,35.267872824375004,True
002016,train,31.056199977499997,True
002014,train,23.830024819374998,True
002017,train,19.162447897499998,True
002018,train,10.238674859375001,True
002015,train,26.993547174375003,True
002019,train,16.79434216,True
002023,train,14.580459984375,True
002021,train,28.936984397499998,True
002022,train,12.211072969375001,True
002024,train,13.389870269375,True
002020,train,30.352449749999998,True
002027,train,14.727849189999999,True
002025,train,7.17639991,True
002026,train,11.65669559,True
002031,train,5.49604975,True
002029,train,4.972873499375001,True
002032,train,13.468071394375002,True
002030,train,9.478404974374998,True
002034,train,5.794274984375001,True
002035,train,9.459061674375,True
002037,train,24.2362496975,True
002039,train,14.318159199375001,True
002033,train,9.429280574375,True
002028,train,9.678367299375001,True
002038,train,6.79049999,True
002036,train,9.729254937499999,True
002041,train,7.6946891100000006,True
002046,train,19.79426751,True
002040,train,20.980697277499996,True
002042,train,25.245623244375,True
002044,train,15.239867019375,True
002045,train,12.051960749375,True
002052,train,31.1845030775,True
002049,train,10.37654975,True
002043,train,41.673583869375,True
002051,train,33.6720906975,True
002054,train,8.730374544375,True
002048,train,6.852196109375,True
002050,train,24.2478301975,True
002056,train,5.549574609375,True
002047,train,11.25716536,True
002055,train,12.473220484374998,True
002053,train,12.7369469375,True
002057,train,45.3310162775,True
002061,train,1370.531093224375,False
002058,train,33.089471849374995,True
002059,train,27.376912789999995,True
002060,train,17.10879639,True
002067,train,886.8757269375,False
002064,train,1421.602513794375,False
002062,train,956.2465454975002,False
002068,train,1207.6263112975,False
002066,train,1316.5082596774998,False
002065,train,1421.908919874375,False
002063,train,1497.732608109375,False
002070,train,1170.72442864,False
002071,train,917.309456724375,False
002072,train,1326.978094744375,False
002073,train,461.819796,False
002075,train,1245.2387393975,False
002069,train,890.9331283443751,False
002074,train,971.5694975975001,False
002076,train,898.0745506743751,False
002078,train,1125.8352335974998,False
002079,train,638.750883984375,False
002082,train,281.33730244,False
002083,train,1284.474278669375,False
002085,train,1310.0722412343748,False
002077,train,1180.807687919375,False
002080,train,186.94227604,False
002084,train,1422.2647414775001,False
002086,train,1367.33872791,False
002081,train,767.4134484375,False
002088,train,1189.8666830975,False
002087,train,1472.361198144375,False
002089,train,1538.74503079,False
002091,train,1080.1272665975,False
002093,train,1055.8886505599999,False
002095,train,1444.9771301975002,False
002092,train,767.723294769375,False
002094,train,1250.435590234375,False
002098,train,1168.199114619375,False
002097,train,973.7434567243752,False
002090,train,1238.1013525975,False
002096,train,866.4080861693751,False
002100,train,834.484571574375,False
002102,train,968.154703144375,False
002099,train,1281.429879359375,False
002103,train,1026.203091734375,False
002101,train,1327.3157824375,False
002107,train,1333.7995891100002,False
002106,train,1212.437597119375,False
002105,train,1031.051974,False
002104,train,1278.8329579843748,False
002110,train,1750.5077299374998,False
002109,train,1342.80959124,False
002108,train,1230.0767300975,False
002112,train,1776.00969871,False
002114,train,1231.4407213775,False
002111,train,1872.1559809600003,False
002113,train,1912.763472824375,False
002117,train,1545.2889166974999,False
002116,train,1428.791911109375,False
002115,train,311.87444877750005,False
002118,train,1282.313822499375,False
002119,train,1580.38560239,False
002120,train,745.090826859375,False
002121,train,856.7101830775,False
002122,train,475.78254100000004,False
002124,train,1027.555839869375,False
002127,train,1031.215460869375,False
002126,train,1351.260462449375,False
002123,train,1526.9446322975,False
002128,train,1482.1876931775,False
002125,train,1581.4281850493749,False
002129,train,1593.88371759,False
002131,train,1352.19369271,False
002132,train,1824.691909594375,False
002130,train,1216.0024774975,False
002133,train,1004.11750424,False
002138,train,824.757070619375,False
002136,train,1216.22457239,False
002137,train,1347.5529026743748,False
002134,train,964.41965359,False
002135,train,1084.640790234375,False
002139,train,964.0394633693749,False
002142,train,427.710842469375,False
002146,train,347.413546644375,False
002149,train,608.3306259999999,False
002141,train,599.0455269600001,False
002140,train,1010.7066057775,False
002150,train,881.8903973974999,False
002148,train,711.2002784975001,False
002144,train,1570.15694471,False
002147,train,118.855957349375,False
002154,train,1475.548511234375,False
002151,train,906.0670956399999,False
002145,train,1021.9570743099998,False
002152,train,1662.0329688743748,False
002153,train,1381.017186,False
002143,train,643.6355423775001,False
002155,train,906.0670956399999,False
002159,train,1039.986275,False
002161,train,1245.176155799375,False
002156,train,230.80433318999997,False
002160,train,1417.19221896,False
002157,train,1243.268741,False
002162,train,1210.6193719374999,False
002165,train,940.3886877599999,False
002166,train,1116.5914731093749,False
002158,train,1317.0960487343748,False
002163,train,1566.3806338693748,False
002164,train,1124.28790719,False
002167,train,175.23887079000002,False
002168,train,858.8835495743749,False
002172,train,196.658578299375,False
002169,train,771.6923683900001,False
002174,train,949.7736743593749,False
002171,train,1471.220606299375,False
002170,train,1050.0483638775,False
002173,train,487.14889222437495,False
002175,train,1533.5040519375,False
002177,train,646.5857581975001,False
002176,train,1395.263719859375,False
002178,train,1078.5869406443749,False
002182,train,808.514432484375,False
002179,train,1550.986558169375,False
002180,train,869.657266094375,False
002181,train,485.903993199375,False
002184,train,217.60056231,False
002183,train,310.815624374375,False
002185,train,1787.9402234375,False
002187,train,558.192136349375,False
002189,train,814.58694791,False
002188,train,788.9085106975,False
002191,train,1369.640470899375,False
002186,train,829.93266664,False
002190,train,575.8398914775,False
002194,train,188.38219184000002,False
002192,train,424.17353197750003,False
002195,train,1039.891022194375,False
002196,train,1553.73341479,False
002200,train,660.750684234375,False
002199,train,1083.2922969375,False
002193,train,307.497468874375,False
002198,train,1391.8117843975,False
002201,train,964.2522906775001,False
002197,train,1013.0001914774999,False
002202,train,931.8307097943749,False
002204,train,1219.69563119,False
002206,train,1335.9599069375,False
002208,train,988.421671374375,False
002203,train,313.70547775,False
002205,train,1059.692222644375,False
002209,train,1354.9374224375001,False
002207,train,995.075555484375,False
002211,train,933.9842335900001,False
002213,train,1206.112119359375,False
002215,train,1085.213671,False
002210,train,1122.74519836,False
002212,train,215.791766524375,False
002214,train,187.209141919375,False
002217,train,1041.88741276,False
002219,train,377.148474949375,False
002216,train,1339.8053221943749,False
002220,train,607.84331191,False
002223,train,1186.416244,False
002218,train,1093.7529183693753,False
002226,train,1229.879616869375,False
002221,train,1403.1076931993748,False
002222,train,1036.1702458743748,False
002224,train,1014.80994344,False
002227,train,1303.1308901975,False
002230,train,348.4089095975,False
002225,train,1027.8489638993751,False
002228,train,512.47112399,False
002232,train,671.9337792943751,False
002229,train,1282.5645913193748,False
002231,train,1334.1172985775,False
002237,train,1188.1758660775001,False
002234,train,1498.2973892343748,False
002233,train,1198.964874049375,False
002238,train,833.3588501775,False
002235,train,1127.758122694375,False
002240,train,1294.0373603100002,False
002239,train,1342.57816404,False
002242,train,258.5524886975,False
002243,train,1327.47313376,False
002236,train,1109.674053474375,False
002241,train,1127.8343087975,False
002244,train,1003.9700208993752,False
002251,train,1316.566057024375,False
002246,train,606.138072194375,False
002245,train,1343.0215296975,False
002252,train,1237.3117255493748,False
002247,train,684.2210142743751,False
002250,train,992.8558784693752,False
002249,train,1272.3388649193748,False
002248,train,1255.3143685775,False
002254,train,1281.259724819375,False
002253,train,497.154310519375,False
002260,train,891.5961335974998,False
002255,train,384.7846986775,False
002256,train,1218.5800217343751,False
002259,train,711.2774026774999,False
002258,train,495.2114660775,False
002257,train,385.987356744375,False
002262,train,1437.1627486493749,False
002261,train,1332.74792351,False
002263,train,387.75451174937507,False
002265,train,946.7627711100001,False
002264,train,174.6817621775,False
002267,train,1347.754534359375,False
002266,train,1199.5699636775003,False
002269,train,204.808022194375,False
002268,train,179.376691734375,False
002271,train,1358.544681049375,False
002273,train,1333.738264144375,False
002274,train,1261.328144524375,False
002275,train,623.367973499375,False
002270,train,1059.659812109375,False
002272,train,1440.51780239,False
002276,train,421.58104193750006,False
002279,train,1502.4957029975,False
002280,train,1508.8344189493748,False
002281,train,1397.0805699375,False
002282,train,512.9450537343749,False
002278,train,1629.888588094375,False
002283,train,390.8663183975,False
002277,train,1374.149723109375,False
002286,train,1196.74400199,False
002288,train,1150.7000927099998,False
002291,train,1300.761713924375,False
002287,train,1238.1470897499999,False
002285,train,1478.6511607900002,False
002284,train,1447.21826151,False
002290,train,744.7399763493751,False
002289,train,1089.6721419193748,False
002293,train,1357.180315324375,False
002294,train,676.799493599375,False
002292,train,1387.149722024375,False
002297,train,1362.9074597943752,False
002295,train,1518.481078109375,False
002299,train,1291.1371497500002,False
002298,train,1281.410400744375,False
002300,train,1120.8644030243752,False
002301,train,1312.222899749375,False
002296,train,1402.1845058975,False
002303,train,429.97820239000004,False
002302,train,980.2021234974999,False
002306,train,1114.5665716975,False
002305,train,764.3051924975,False
002304,train,1199.2234862975,False
002309,train,1403.4951144943752,False
002308,train,849.5041889743751,False
002313,train,1001.58419375,False
002311,train,238.428471294375,False
002310,train,1241.00257775,False
002307,train,1196.978184849375,False
002316,train,765.3055964974999,False
002315,train,1424.0669007775,False
002314,train,167.36344697750002,False
002320,train,1095.954008424375,False
002323,train,1304.8419224375,False
002317,train,1045.85487476,False
002312,train,998.2418891100001,False
002319,train,1184.285757819375,False
002322,train,1424.758139194375,False
002321,train,979.2608215099998,False
002318,train,1342.618346109375,False
002325,train,273.3198786775,False
002326,train,1518.80120775,False
002324,train,1667.0754665975,False
002327,train,1411.8046306400001,False
002328,train,221.77283173437502,False
002329,train,997.8743007493749,False
002331,train,1296.768813074375,False
002332,train,1400.990376594375,False
002330,train,1356.3554673743752,False
002334,train,850.4073597500001,False
002339,train,337.91683471,False
002337,train,1210.8698547899999,False
002336,train,1026.085757269375,False
002335,train,1225.0858208774998,False
002333,train,209.68579963999997,False
002338,train,872.971823499375,False
002346,train,1319.7144326975001,False
002342,train,1298.752626894375,False
002340,train,1297.0776138774997,False
002341,train,1134.2725477600002,False
002344,train,1083.1928966443752,False
002343,train,1169.2813818243749,False
002347,train,1053.6219249693752,False
002345,train,1191.0185472775,False
002348,train,715.9463352243749,False
002351,train,19.0434988975,True
002350,train,742.2515459900001,False
002352,train,19.22979559,True
002353,train,32.168284,True
002349,train,312.61851837437496,False
002358,train,136.940119424375,False
002354,train,130.514254524375,False
002355,train,145.6880498775,False
002356,train,184.958869124375,False
002357,train,187.45284558999998,False
002361,train,151.09496326937497,False
002359,train,161.548812574375,False
002360,train,143.87056164,False
002363,train,80.135473519375,True
002362,train,66.73273671,True
002365,train,92.276424669375,True
002366,train,38.3226981775,True
002369,train,30.685173109374997,True
002368,train,36.20514719,True
002367,train,47.149574399375,True
002370,train,11.263372194374998,True
002364,train,85.5643494375,True
002372,train,27.9982997975,True
002373,train,107.487323619375,False
002376,train,67.993901899375,True
002374,train,63.210069359375,True
002375,train,146.64468799,False
002371,train,24.994338777499998,True
002379,train,60.55400376,True
002377,train,149.3379827775,False
002381,train,32.16755975,True
002380,train,97.86410759,True
002382,train,15.843872674374998,True
002384,train,21.611659594375,True
002378,train,20.2291274375,True
002385,train,25.9405972775,True
002383,train,6.903620484374999,True
002389,train,42.004548734375,True
002386,train,24.60088844,True
002387,train,44.069920484375,True
002391,train,64.991420269375,True
002393,train,7.996299189999999,True
002388,train,44.92284711,True
002392,train,32.646,True
002390,train,47.782147174375005,True
002395,train,65.891721669375,True
002396,train,52.11118357749999,True
002394,train,6.766047597500001,True
002398,train,34.59359424,True
002397,train,26.109761494375,True
002399,train,36.785349749375,True
002401,train,62.18928176937499,True
002400,train,63.373650744375006,True
002405,train,68.89052975000001,True
002402,train,71.15265672437499,True
002406,train,46.372924994375,True
002408,train,26.36453775,True
002403,train,83.92227498437501,True
002404,train,80.86694039,True
002407,train,21.381173109375,True
002409,train,84.02577384437501,True
002410,train,80.20790000000001,True
002411,train,68.6985713775,True
002415,train,75.492480444375,True
002416,train,39.004991069375,True
002412,train,31.730871669375,True
002414,train,45.02269039,True
002417,train,42.4195965775,True
002413,train,38.571891,True
002418,train,42.368649,True
002421,train,73.83527079000001,True
002422,train,110.975666149375,False
002423,train,34.5637986775,True
002420,train,23.026496390000002,True
002419,train,10.176957097499999,True
002426,train,39.77999991,True
002424,train,47.347239899375,True
002427,train,197.892621294375,False
002425,train,37.162091,True
002430,train,41.665096,True
002428,train,306.435493359375,False
002431,train,109.97565024000001,False
002436,train,44.284624999375,True
002433,train,102.6124484375,False
002437,train,67.0081657775,True
002429,train,348.32167248437503,False
002435,train,61.60564831000001,True
002432,train,110.4620419975,False
002434,train,54.147186309999995,True
002439,train,21.888320297499998,True
002441,train,38.79624879,True
002438,train,50.867108394375,True
002443,train,47.1403519975,True
002442,train,38.68154159,True
002440,train,28.11144804,True
002445,train,31.125816397500003,True
002444,train,55.120884994375,True
002446,train,19.461522519375,True
002449,train,77.07999879,True
002452,train,29.131322359374998,True
002448,train,36.705302199375,True
002450,train,104.443067574375,False
002447,train,48.867773109375,True
002454,train,74.968113609375,True
002456,train,50.0732621775,True
002453,train,4.0175998775,True
002457,train,46.341942710000005,True
002451,train,63.85977944937501,True
002458,train,33.924864,True
002461,train,58.298568359375,True
002455,train,100.85951185937499,False
002460,train,51.394524774375,True
002459,train,34.6488387775,True
002464,train,81.27506351,True
002463,train,69.192422799375,True
002462,train,63.191507197499995,True
002468,train,80.5964162775,True
002465,train,78.7861606975,True
002469,train,89.60666712437501,True
002472,train,58.092441819375,True
002471,train,60.193249509999994,True
002467,train,86.74914222437499,True
002466,train,94.2623550775,True
002473,train,61.143569824375,True
002475,train,12.484940239999998,True
002470,train,76.07441316937499,True
002474,train,30.873057349375,True
002479,train,18.875711124374998,True
002476,train,6.9145972775,True
002478,train,16.754065849375,True
002477,train,20.297644937499996,True
002482,train,11.693269594375,True
002480,train,19.191346,True
002481,train,28.985764599375003,True
002486,train,63.359424894375,True
002485,train,50.341602324374996,True
002484,train,39.140740390000005,True
002483,train,23.916501,True
002489,train,73.881298774375,True
002488,train,73.467323949375,True
002487,train,72.5907606975,True
002493,train,82.55937466937499,True
002490,train,81.690485169375,True
002491,train,90.51189867750001,True
002492,train,87.208108984375,True
002498,train,68.66259990999998,True
002494,train,95.42429919,True
002496,train,61.0367929775,True
002495,train,82.0379068775,True
002499,train,16.6087981775,True
002497,train,54.815749589999996,True
002501,train,44.618829099375,True
002500,train,9.460200119375001,True
002506,train,101.55086394437501,False
002507,train,123.86577494437499,False
002503,train,69.64426193749999,True
002505,train,172.42993360937498,False
002504,train,103.962891,False
002502,train,59.315174949375006,True
002509,train,199.22867363999998,False
002508,train,135.656709749375,False
002514,train,152.60418556,False
002510,train,187.2197472975,False
002515,train,99.18461298437501,True
002511,train,67.489060609375,True
002517,train,26.044899244375003,True
002512,train,222.8615732975,False
002516,train,119.650424924375,False
002513,train,199.093716844375,False
002520,train,9.7351744975,True
002518,train,19.664223844375,True
002521,train,8.885173477500002,True
002519,train,10.986249937500002,True
002522,train,19.696590484375,True
002524,train,50.177460599375,True
002526,train,59.846246577500004,True
002525,train,32.768922824375,True
002523,train,7.834224234374999,True
002533,train,62.909558394375004,True
002532,train,108.29545123437501,False
002530,train,135.97569951,False
002527,train,93.57313799437502,True
002529,train,133.6166434975,False
002531,train,131.79184524,False
002528,train,129.938674474375,False
002534,train,40.623457149375,True
002538,train,138.729222824375,False
002536,train,148.823259984375,False
002535,train,126.645822649375,False
002537,train,131.60691443750002,False
002539,train,134.1841783775,False
002541,train,114.80664516,False
002542,train,86.6931988975,True
002540,train,133.14539271,False
002547,train,35.868474924375,True
002548,train,29.557545797499998,True
002544,train,56.045263944375,True
002546,train,34.11517481937501,True
002543,train,46.412809199375,True
002551,train,19.18299559,True
002549,train,29.969513269374996,True
002545,train,21.411558799374998,True
002553,train,31.1951939975,True
002550,train,26.011374999375,True
002552,train,22.818286624375002,True
002554,train,25.313535577499998,True
002556,train,159.52894993750002,False
002560,train,115.5381157775,False
002558,train,43.202663944375004,True
002555,train,24.548566149375,True
002562,train,133.44304217437502,False
002561,train,171.420824234375,False
002557,train,138.48213064,False
002559,train,105.58071636000001,False
002563,train,136.3939975975,False
002566,train,39.117655859375,True
002568,train,27.331752324375003,True
002564,train,108.097766149375,False
002569,train,108.10292657437502,False
002565,train,83.05774999,True
002573,train,34.29421074937499,True
002574,train,31.78699424,True
002567,train,33.62576164,True
002575,train,35.28428236,True
002570,train,38.65846156,True
002572,train,9.228474724375,True
002576,train,158.4324924375,False
002577,train,70.737922359375,True
002571,train,80.43395100000001,True
002578,train,225.156475,False
002579,train,115.81550775000001,False
002582,train,49.766386,True
002581,train,132.635542644375,False
002583,train,32.233238044375,True
002580,train,37.656409199375,True
002587,train,9.955974924375,True
002585,train,25.206008177500003,True
002584,train,22.4290989975,True
002586,train,24.39782791,True
002588,train,60.2721657775,True
002593,train,142.82434727749998,False
002591,train,129.406146,False
002590,train,92.36154623437501,True
002592,train,133.37064676,False
002589,train,73.39399534437499,True
002595,train,27.264995024375008,True
002596,train,43.36914856,True
002594,train,89.219374994375,True
002598,train,134.01467219437498,False
002600,train,126.11261577750003,False
002597,train,73.10810904,True
002599,train,125.42422599000002,False
002602,train,40.04950784,True
002605,train,194.60067859749998,False
002606,train,100.98668562437501,False
002601,train,67.35762089937501,True
002607,train,81.95857696000002,True
002608,train,64.02082481937501,True
002604,train,177.78274964000002,False
002603,train,35.650011494375,True
002612,train,130.45518359,False
002611,train,181.104256324375,False
002610,train,113.99694831000001,False
002609,train,108.047124049375,False
002617,train,61.159572824375005,True
002613,train,188.4277299375,False
002614,train,158.9084783775,False
002618,train,104.0714992775,False
002620,train,120.07245798437502,False
002616,train,44.291244497499996,True
002615,train,176.851374544375,False
002621,train,33.31329899937499,True
002619,train,116.21692069437499,False
002623,train,17.65239964,True
002624,train,17.2467793775,True
002622,train,14.369599910000002,True
002625,train,8.944723949375,True
002630,train,45.356969124375006,True
002627,train,46.9535619375,True
002628,train,17.000474544375002,True
002631,train,38.23160511,True
002626,train,7.275934994374999,True
002629,train,38.76228775,True
002632,train,195.04208439,False
002636,train,121.22440706937499,False
002635,train,147.9114496975,False
002633,train,106.070020899375,False
002638,train,70.32474821937498,True
002640,train,57.851448219375,True
002634,train,132.9166912975,False
002639,train,168.32097564937501,False
002637,train,27.538040719375,True
002646,train,30.754364274375,True
002642,train,12.1414278975,True
002643,train,11.88368479,True
002644,train,8.294786310000001,True
002648,train,26.108324144374997,True
002641,train,6.483413609375001,True
002649,train,35.156177734375,True
002645,train,16.505617844375003,True
002647,train,20.213000609375,True
002650,train,4.2026497975,True
002655,train,7.814549697499999,True
002653,train,14.307568369375,True
002656,train,23.652267574375,True
002652,train,9.949024949375,True
002654,train,4.55039804,True
002651,train,5.505849977499999,True
002657,train,25.960412924375,True
002663,train,10.349424049375,True
002658,train,38.70861989749999,True
002659,train,45.84534623437501,True
002660,train,21.993354524374997,True
002664,train,6.483663609375,True
002661,train,25.61518064,True
002662,train,12.556296937499999,True
002666,train,7.172047750000001,True
002665,train,7.6790984375,True
002667,train,5.06284936,True
002670,train,24.931873519375,True
002673,train,34.451398874375,True
002668,train,9.498950249375,True
002669,train,3.774170899375,True
002671,train,11.166074894375,True
002672,train,14.147639299375,True
002677,train,7.3379216693750005,True
002675,train,12.548371669375,True
002681,train,22.480218077500002,True
002674,train,27.455239159999998,True
002676,train,4.51929975,True
002678,train,9.7975453775,True
002680,train,12.7257472775,True
002682,train,19.89181031,True
002679,train,7.517174949375,True
002683,train,26.759970899375006,True
002684,train,24.017399,True
002685,train,13.206295569375,True
002687,train,7.7909961093749995,True
002690,train,13.972866149375,True
002686,train,26.06189471,True
002688,train,8.466372969375001,True
002691,train,7.51759559,True
002692,train,13.527074894375,True
002694,train,25.214389750000002,True
002693,train,17.574420049375,True
002689,train,7.383969594374999,True
002696,train,34.87519639,True
002695,train,33.5221453775,True
002699,train,43.272051719375,True
002697,train,46.42659804,True
002698,train,39.014974544375,True
002700,train,16.5006894375,True
002704,train,13.352224924375001,True
002701,train,14.0355494375,True
002703,train,10.009771484375,True
002702,train,40.581170577500004,True
002705,train,7.955145024375001,True
002706,train,17.971309199375,True
002707,train,15.847649577500002,True
002710,train,12.4232986775,True
002711,train,6.963074774374999,True
002713,train,7.662874234375001,True
002708,train,16.401537639999997,True
002712,train,5.880223244374999,True
002715,train,11.4251999975,True
002714,train,9.04619975,True
002719,train,18.237921099375,True
002709,train,6.79618976,True
002718,train,15.633921484375,True
002720,train,12.23514936,True
002722,train,31.037509199374995,True
002717,train,12.251596197500001,True
002721,train,16.266549937500002,True
002716,train,11.69054159,True
002724,train,33.8783918775,True
002723,train,36.956633719375,True
002726,train,7.044924984375,True
002725,train,18.953617299375,True
002728,train,13.504649697500001,True
002730,train,22.608370899375,True
002727,train,16.657891877500003,True
002732,train,23.39964975,True
002729,train,13.394572194374998,True
002734,train,22.757799744375,True
002735,train,21.09259831,True
002733,train,12.8357453775,True
002731,train,18.343711859375,True
002736,train,11.880974984375001,True
002739,train,6.98616636,True
002737,train,37.16073439749999,True
002741,train,10.37319375,True
002740,train,10.3021499375,True
002744,train,13.614451937499997,True
002743,train,12.064303760000001,True
002738,train,7.552874474375,True
002745,train,15.194347749999999,True
002742,train,6.656666734375,True
002747,train,17.8021859375,True
002746,train,16.6992949375,True
002748,train,17.527333719374997,True
002751,train,24.650958397500002,True
002749,train,18.283448897499998,True
002752,train,30.111374609375,True
002750,train,23.681049744375002,True
002755,train,21.07793319,True
002753,train,29.38696284,True
002754,train,27.361838699375,True
002761,train,5.6446249843750005,True
002756,train,18.458571849375,True
002757,train,9.903320269375001,True
002758,train,8.074814274374999,True
002759,train,5.656122674375,True
002760,train,25.343497437499998,True
002763,train,9.82499804,True
002764,train,24.198753609374997,True
002768,train,12.160024049375,True
002766,train,20.3755351775,True
002765,train,25.736235999999998,True
002762,train,19.74269039,True
002770,train,15.632324859375,True
002771,train,18.2811986775,True
002769,train,11.63634964,True
002767,train,28.105474474374997,True
002772,train,12.43644639,True
002774,train,10.232617624375,True
002773,train,8.03508671,True
002778,train,17.29804559,True
002779,train,21.50864639,True
002777,train,13.702199437499997,True
002775,train,10.80539559,True
002780,train,27.113919359375,True
002776,train,14.459446389999997,True
002783,train,19.571619594375,True
002781,train,29.534318109375,True
002782,train,23.314202199375,True
002784,train,22.500887484375,True
002785,train,16.4143912975,True
002786,train,7.9213866775,True
002787,train,17.9307472775,True
002790,train,14.6587366775,True
002788,train,20.997180444375,True
002789,train,6.7585247243749995,True
002792,train,29.752731769375004,True
002793,train,28.032900119375,True
002794,train,24.901015234375,True
002798,train,18.727059974375,True
002797,train,8.95274996,True
002795,train,16.273623844375003,True
002791,train,20.736110749375,True
002796,train,16.895966319375002,True
002800,train,9.272873374375,True
002799,train,4.669074049375,True
002802,train,17.618737040000003,True
002803,train,20.565655109999998,True
002801,train,13.168999097500002,True
002806,train,19.12264996,True
002805,train,22.437398560000002,True
002808,train,17.555551469375,True
002804,train,22.0902999775,True
002807,train,24.6249499975,True
002809,train,7.111374999375001,True
002810,train,27.39233319,True
002811,train,13.974215234375,True
002812,train,13.4328851775,True
002816,train,12.730770899375,True
002815,train,8.102899697499998,True
002813,train,16.0757343975,True
002817,train,14.03899879,True
002814,train,7.9066963900000005,True
002819,train,20.439788777500002,True
002818,train,17.259092794375,True
002822,train,10.261468097500002,True
002824,train,3.652070899375,True
002825,train,5.399917574374999,True
002821,train,21.784067844375002,True
002820,train,19.232250744374998,True
002823,train,10.629524319375001,True
002828,train,17.5432412975,True
002826,train,22.415952324375,True
002827,train,11.116299,True
002829,train,27.660922824375,True
002830,train,13.225345797500003,True
002834,train,9.210674969374999,True
002832,train,14.8248953775,True
002831,train,13.512752674375,True
002833,train,7.04664984,True
002835,train,7.318347750000001,True
002836,train,13.022101719375001,True
002837,train,21.142024499375,True
002839,train,23.324635624375,True
002838,train,24.789335177500003,True
002840,train,12.790622519375,True
002842,train,30.847212924375,True
002841,train,17.358691649375,True
002844,train,21.933449509999996,True
002847,train,6.575199797500001,True
002843,train,14.355682360000001,True
002845,train,18.958649910000002,True
002846,train,12.553360749374999,True
002848,train,10.002372969375,True
002852,train,25.242470269375,True
002849,train,18.865620049375,True
002853,train,17.379270269375,True
002850,train,22.5756924375,True
002855,train,22.448046197500005,True
002851,train,24.827471099375,True
002856,train,11.831120269375,True
002857,train,14.375923244375002,True
002854,train,4.6371487743749995,True
002860,train,33.5331424375,True
002859,train,32.1687994375,True
002861,train,30.905732424374996,True
002862,train,29.87374375,True
002858,train,11.763699797500001,True
002864,train,48.2757424375,True
002868,train,43.2897394375,True
002863,train,37.876491649375,True
002865,train,51.275272824375,True
002867,train,47.22974424,True
002866,train,46.7609851975,True
002870,train,69.3036382975,True
002872,train,46.090646944374996,True
002871,train,36.037426477500006,True
002874,train,32.77763624937501,True
002869,train,20.34041975,True
002873,train,36.3473734375,True
002875,train,22.024712219375,True
002876,train,16.273367574375,True
002882,train,12.14714516,True
002881,train,35.16109979750001,True
002878,train,31.781893497499997,True
002877,train,22.083712924375,True
002879,train,23.339967190000003,True
002883,train,19.468896644375,True
002880,train,25.654370484375,True
002888,train,10.060172969375001,True
002885,train,26.316860749375,True
002887,train,18.465108799375,True
002890,train,29.321524894375006,True
002886,train,29.84114964,True
002891,train,28.097506294375002,True
002884,train,23.302473499375,True
002892,train,12.223573949375,True
002894,train,12.570465234375,True
002893,train,13.854474859375001,True
002895,train,7.047374399375,True
002889,train,16.769772824375,True
002897,train,13.902670694374997,True
002898,train,9.19579271,True
002899,train,4.7526488975,True
002902,train,12.676826574375001,True
002900,train,8.98583976,True
002903,train,9.179041199375,True
002896,train,10.99203911,True
002904,train,5.645022969374999,True
002901,train,5.384321669375,True
002905,train,8.581886840000001,True
002906,train,9.32666191,True
002909,train,14.0818301975,True
002911,train,7.70819559,True
002910,train,20.14729216,True
002907,train,22.823924949374998,True
002908,train,6.640723374375,True
002912,train,23.83689516,True
002913,train,37.998437069375,True
002921,train,28.989224819375,True
002916,train,18.5243944775,True
002915,train,10.98029775,True
002917,train,10.733270789999999,True
002918,train,6.291059199374999,True
002919,train,9.538699840000001,True
002914,train,15.135448897499998,True
002922,train,29.035028469374996,True
002920,train,21.393472519375,True
002924,train,8.223249797500001,True
002928,train,32.03916701937499,True
002927,train,44.28068556,True
002923,train,12.726723844375,True
002925,train,11.751970049374998,True
002929,train,26.705692794375,True
002926,train,5.362324924375001,True
002930,train,16.157424774375002,True
002933,train,1652.9283239099998,False
002932,train,965.1616,False
002931,train,1504.202399874375,False
002937,train,956.7394435993749,False
002934,train,1551.8467541693751,False
002939,train,955.5678826975001,False
002938,train,1309.622566,False
002936,train,1467.568271669375,False
002935,train,1629.354802599375,False
002940,train,1266.5163233775002,False
002941,train,997.2257959775001,False
002943,train,471.20990307750003,False
002942,train,1453.171717124375,False
002948,train,1202.764807274375,False
002944,train,1047.2387270443749,False
002946,train,968.884222999375,False
002947,train,1314.5405669374998,False
002945,train,1338.7274958743749,False
002949,train,662.8434521775,False
002950,train,174.7493801975,False
002953,train,1423.2705919374998,False
002954,train,1563.0257216693751,False
002951,train,809.7574223593751,False
002955,train,1438.7111287100001,False
002956,train,1542.1930899375002,False
002958,train,1328.58861151,False
002959,train,1731.31570916,False
002961,train,1176.59785775,False
002960,train,1352.294785224375,False
002963,train,1158.033110844375,False
002964,train,1355.847801249375,False
002952,train,282.6717727775,False
002957,train,1600.8042715975002,False
002962,train,807.236149249375,False
002970,train,911.362418769375,False
002968,train,1325.9414969975,False
002969,train,1412.94984456,False
002966,train,914.8729251775001,False
002971,train,1525.2626226443751,False
002967,train,1049.4771202693748,False
002972,train,1051.2666904843752,False
002965,train,1593.098541109375,False
002974,train,1419.4601208400002,False
002973,train,1114.5722893593752,False
002980,train,2002.6227959974997,False
002982,train,2009.3208034493753,False
002981,train,2120.6852277974995,False
002977,train,1478.753226349375,False
002975,train,1147.31591999,False
002976,train,1264.416387994375,False
002978,train,1364.669919824375,False
002979,train,1503.668095609375,False
002984,train,1370.6347934975,False
002983,train,2165.02177084,False
002985,train,303.251114024375,False
002988,train,1442.98797775,False
002987,train,1725.265231169375,False
002989,train,1777.341720694375,False
002990,train,788.58626096,False
002986,train,1572.5634318243751,False
002992,train,451.29567337437504,False
002993,train,1647.60117199,False
002991,train,893.3550652975,False
002995,train,1771.424337919375,False
002997,train,1129.498329224375,False
002996,train,1434.3741355993752,False
002994,train,1113.304905194375,False
003002,train,2125.4423398993754,False
002998,train,1669.3194042343748,False
003001,train,1481.39142696,False
002999,train,1807.9714575975001,False
003003,train,1106.043373944375,False
003000,train,1330.8446441193748,False
003004,train,1047.603509234375,False
003006,train,1319.83440351,False
003008,train,870.3586336743749,False
003005,train,1191.6616177775002,False
003010,train,1106.873565609375,False
003007,train,1502.562007984375,False
003011,train,604.20782296,False
003014,train,1755.7452851775,False
003012,train,404.88694204937497,False
003009,train,1027.565951924375,False
003013,train,672.33516176,False
003018,train,726.9631127493749,False
003017,train,112.3984254975,False
003015,train,1139.62346776,False
003016,train,338.98084744,False
003020,train,959.9304288775,False
003019,train,665.764337624375,False
003021,train,941.38836396,False
003026,train,213.0275343975,False
003022,train,1863.037727734375,False
003023,train,1471.4378095600002,False
003024,train,1623.3879818593753,False
003030,train,1556.8351824375,False
003025,train,941.38836396,False
003027,train,1324.1416224374998,False
003031,train,1400.231872974375,False
003028,train,1457.0982045493752,False
003029,train,1122.4968995743752,False
003032,train,1332.5547175899999,False
003033,train,1769.367656649375,False
003035,train,995.9663160993751,False
003036,train,1197.5972598593748,False
003034,train,1222.7135515100001,False
003038,train,928.49352391,False
003039,train,831.11077856,False
003045,train,1708.1534854493752,False
003037,train,164.44687649437498,False
003040,train,1143.584119374375,False
003041,train,1571.2589103775001,False
003043,train,488.04719943749996,False
003044,train,1016.2176509999999,False
003048,train,1134.2590029975001,False
003042,train,187.081515274375,False
003052,train,824.161700099375,False
003050,train,908.2011713774999,False
003046,train,1587.33915311,False
003051,train,493.1743234975,False
003049,train,1735.2721391599998,False
003047,train,705.5682271100001,False
003053,train,301.204804,False
003056,train,897.201496924375,False
003057,train,566.98297944,False
003058,train,834.5024109374999,False
003060,train,625.0388380943749,False
003054,train,202.71536876,False
003059,train,861.533291199375,False
003055,train,2005.2024912343747,False
003063,train,292.89432696,False
003061,train,1551.9631873975002,False
003062,train,446.507076374375,False
003064,train,181.08074899749997,False
003068,train,1544.6186999775,False
003065,train,1183.0934009999999,False
003066,train,1758.506600224375,False
003067,train,1113.8167806400002,False
003069,train,1176.54023519,False
003073,train,296.796135524375,False
003070,train,700.509888094375,False
003072,train,976.1433817693751,False
003076,train,1443.4983061943751,False
003075,train,1142.7291105774998,False
003071,train,1038.703113049375,False
003074,train,1362.518624609375,False
003081,train,1042.7254754993749,False
003078,train,1047.9114033975002,False
003079,train,1435.1535400775,False
003080,train,1204.6373824375,False
003077,train,1108.30042639,False
003082,train,212.743052294375,False
003083,train,1286.745422519375,False
003084,train,182.49229102437502,False
003085,train,1124.857788449375,False
003086,train,1474.26044224,False
003088,train,1181.6338743993747,False
003087,train,1149.2303863775,False
003089,train,379.37467048437503,False
003090,train,627.4234058775,False
003091,train,1525.921355219375,False
003094,train,1046.496678344375,False
003093,train,1255.3442997774998,False
003096,train,1255.388992074375,False
003092,train,1113.871140744375,False
003095,train,1083.2516101775,False
003098,train,518.041103609375,False
003097,train,1413.070040074375,False
003102,train,696.1939212243751,False
003099,train,1447.2502500975,False
003100,train,345.11468604,False
003101,train,1441.998616644375,False
003104,train,1638.6094213975,False
003105,train,1207.421334624375,False
003106,train,1223.303585149375,False
003103,train,1313.129020269375,False
003109,train,1484.4497413193749,False
003107,train,1295.7228573693749,False
003108,train,884.0194061193749,False
003110,train,1438.3661244975,False
003112,train,261.98531644437503,False
003111,train,1267.1267484375,False
003114,train,1058.964914224375,False
003115,train,1438.9625730943749,False
003113,train,1422.758625669375,False
003116,train,620.18504271,False
003121,train,1390.2896799375,False
003118,train,1353.378135144375,False
003117,train,697.4255391099999,False
003122,train,1354.924125,False
003119,train,1390.9183683693752,False
003120,train,1127.735662569375,False
003127,train,384.74267775000004,False
003125,train,375.8593783775,False
003126,train,1307.38624776,False
003124,train,1374.0710002993749,False
003129,train,730.9053950974999,False
003123,train,512.9164284193749,False
003130,train,943.260636869375,False
003128,train,493.225037269375,False
003132,train,1615.9205106775,False
003134,train,174.680739299375,False
003131,train,1465.967187269375,False
003133,train,367.4705755775,False
003136,train,1266.7392224375,False
003138,train,169.195104974375,False
003137,train,1409.3773843593751,False
003140,train,1140.8428663193752,False
003135,train,975.5520181093749,False
003139,train,200.802706724375,False
003141,train,1471.8048799375,False
003145,train,621.861531,False
003144,train,1356.484852249375,False
003148,train,1798.41212791,False
003147,train,1543.65185975,False
003150,train,1654.621284244375,False
003143,train,1446.767243994375,False
003142,train,1581.154082794375,False
003149,train,1598.7203854775,False
003146,train,408.3001234375,False
003152,train,523.7497642774999,False
003151,train,1500.0117007975,False
003153,train,389.78288060937496,False
003157,train,1372.30494936,False
003155,train,1632.790502359375,False
003158,train,1230.7284246693748,False
003159,train,1155.4996989975,False
003154,train,1591.3224566775,False
003156,train,1292.897847999375,False
003161,train,1444.72604204,False
003160,train,761.176902734375,False
003165,train,1701.8416405975,False
003162,train,1526.6821939193749,False
003163,train,1505.5620437500002,False
003166,train,1520.199708719375,False
003167,train,1490.621012924375,False
003169,train,1408.146078609375,False
003164,train,706.6827158400001,False
003168,train,1380.21167231,False
003171,train,1412.4421498400002,False
003170,train,1232.7994694375002,False
003175,train,794.8206588993751,False
003172,train,1067.46029836,False
003177,train,1273.422215874375,False
003176,train,1224.6960049375,False
003173,train,425.04703431,False
003179,train,1531.7092051943748,False
003174,train,1273.5966109375,False
003178,train,892.5924939100001,False
003182,train,1060.35649856,False
003180,train,1360.2268503975001,False
003181,train,232.338721484375,False
003184,train,164.01389959,False
003187,train,1151.5272177975,False
003183,train,1061.74885975,False
003186,train,794.884237144375,False
003188,train,1503.5910000993752,False
003189,train,1308.555776349375,False
003185,train,1603.05866111,False
003190,train,1192.0692344375,False
003192,train,1598.7337859375,False
003194,train,1851.2006219099999,False
003191,train,1063.792145194375,False
003195,train,262.3597296775,False
003193,train,1411.041309794375,False
003197,train,1549.3035889743749,False
003196,train,1720.531805194375,False
003198,train,204.18393229749998,False
003202,train,1528.75475796,False
003199,train,1057.8053439775,False
003203,train,185.4130394375,False
003205,train,1305.231728609375,False
003200,train,1430.4396291775001,False
003206,train,1115.6525448399998,False
003207,train,1319.326612569375,False
003204,train,907.3971749993749,False
003208,train,874.47799959,False
003212,train,1410.86447604,False
003201,train,1432.9220992493752,False
003209,train,337.21581919,False
003210,train,1389.248359644375,False
003211,train,1270.4885698775001,False
003214,train,1149.2468234975001,False
003213,train,1228.7959787343752,False
003215,train,1315.890267299375,False
003221,train,19.447474144375004,True
003216,train,1434.2966132243748,False
003220,train,777.7405973600002,False
003222,train,19.688014919375,True
003218,train,731.04698975,False
003217,train,1161.232618109375,False
003223,train,30.283169594374996,True
003226,train,176.785735624375,False
003224,train,133.328257349375,False
003219,train,311.086123519375,False
003225,train,145.90059775,False
003227,train,184.79214676,False
003228,train,134.28648027750003,False
003229,train,156.060569119375,False
003230,train,145.00120673437502,False
003233,train,77.753124944375,True
003231,train,149.7640434975,False
003232,train,65.623889859375,True
003234,train,83.33132219437499,True
003235,train,92.06909693749999,True
003239,train,30.972601937500002,True
003237,train,45.58467477437499,True
003238,train,35.262079294375,True
003243,train,106.013524859375,False
003241,train,25.564959199375,True
003236,train,38.010374544375004,True
003242,train,28.589299437499996,True
003244,train,63.30389159,True
003245,train,145.3562961975,False
003240,train,10.504171484375,True
003247,train,145.72634471,False
003249,train,60.911924309999996,True
003246,train,67.752292849375,True
003248,train,20.0982213775,True
003251,train,32.37046012437499,True
003250,train,94.936604044375,True
003252,train,15.095024319375002,True
003255,train,24.980222674375,True
003253,train,6.6876939975,True
003258,train,42.821104069375004,True
003254,train,20.845506294375,True
003256,train,24.52169039,True
003261,train,63.7746444775,True
003259,train,41.933497699375,True
003262,train,32.137547749999996,True
003257,train,44.002984,True
003263,train,7.3604749243750005,True
003267,train,24.388965234375,True
003264,train,6.254074049375001,True
003265,train,65.76738631,True
003260,train,45.002899244375,True
003271,train,62.63442604,True
003268,train,33.533672359375,True
003269,train,34.860742794375,True
003272,train,68.3317944775,True
003266,train,51.18890709750001,True
003270,train,61.304246644375,True
003276,train,44.641746937499995,True
003275,train,68.98597279937502,True
003277,train,19.93344879,True
003278,train,25.571459594375003,True
003274,train,83.01428318999999,True
003273,train,82.7138366775,True
003279,train,81.444260749375,True
003283,train,37.37406491937501,True
003280,train,77.98564184000001,True
003282,train,33.3741486775,True
003281,train,69.12511673437498,True
003286,train,36.244434994375,True
003287,train,39.840272359375,True
003284,train,45.269174049374996,True
003288,train,38.963421484375,True
003289,train,9.5288169375,True
003285,train,76.681748734375,True
003294,train,47.33729524,True
003290,train,22.26709744,True
003291,train,71.058776349375,True
003292,train,109.846573844375,False
003297,train,197.13874775,False
003296,train,36.990572194375,True
003295,train,35.730922024375005,True
003303,train,99.401012574375,True
003293,train,33.8019499775,True
003299,train,351.3468497775,False
003302,train,109.47142829937499,False
003301,train,109.40692671937501,False
003300,train,40.51133556,True
003298,train,308.8028570975,False
003305,train,61.63199559,True
003304,train,53.538491,True
003306,train,41.986249840000006,True
003308,train,50.52098989437499,True
003309,train,20.63119375,True
003307,train,64.057273109375,True
003310,train,26.290324544375,True
003312,train,36.52533775,True
003313,train,44.326115949374994,True
003314,train,50.9485621775,True
003311,train,36.30707148437501,True
003316,train,19.214468874375,True
003318,train,33.127061124375,True
003317,train,46.28482829937501,True
003321,train,63.36002456,True
003320,train,103.95579991,False
003319,train,79.8193429775,True
003323,train,4.029749960000001,True
003315,train,29.490026149374998,True
003325,train,103.685258799375,False
003324,train,70.979101469375,True
003322,train,27.899697749999998,True
003326,train,49.390358394375,True
003329,train,33.854868369375,True
003330,train,52.4435497975,True
003327,train,46.3374469375,True
003332,train,60.77194716,True
003331,train,54.85241686937499,True
003328,train,32.362844474374995,True
003336,train,90.69886511000001,True
003334,train,77.51174798999999,True
003335,train,77.704077734375,True
003333,train,66.02106156,True
003337,train,86.2607691975,True
003338,train,78.6463180775,True
003340,train,74.300005349375,True
003344,train,29.4199213775,True
003342,train,56.17706693750001,True
003343,train,60.63507324437499,True
003341,train,57.77864927750001,True
003345,train,12.234233869375,True
003349,train,18.225296197499997,True
003346,train,6.698474774374999,True
003348,train,16.084783190000003,True
003347,train,19.341070899375,True
003339,train,88.65020390999999,True
003350,train,17.9451373975,True
003356,train,63.82024804,True
003353,train,24.19872256,True
003352,train,11.55118976,True
003354,train,38.0600819375,True
003355,train,47.799196234374996,True
003351,train,28.16899804,True
003357,train,69.8851734375,True
003359,train,73.469400099375,True
003358,train,70.754623244375,True
003362,train,85.9889826975,True
003364,train,94.36909493750001,True
003360,train,80.485838694375,True
003365,train,81.080711044375,True
003363,train,80.52431836937501,True
003367,train,53.602420790000004,True
003366,train,59.4394984375,True
003361,train,87.361155419375,True
003368,train,67.481574774375,True
003369,train,16.04144804,True
003370,train,9.055337109375,True
003371,train,42.424394497499996,True
003374,train,101.57137069437499,False
003372,train,57.539973734374996,True
003373,train,69.2301774975,True
003380,train,185.187052734375,False
003378,train,135.713998669375,False
003375,train,169.27871044,False
003376,train,99.774869359375,True
003377,train,121.39655024937498,False
003379,train,193.8000099375,False
003381,train,65.126954074375,True
003385,train,97.680222484375,True
003382,train,223.111395724375,False
003389,train,10.022746759999999,True
003384,train,150.61534039,False
003383,train,198.10666189437498,False
003387,train,24.772097897500004,True
003388,train,18.590824234375003,True
003386,train,115.5036995775,False
003393,train,7.741249990000001,True
003392,train,18.727670609375004,True
003391,train,8.192375989999999,True
003390,train,9.19578236,True
003397,train,92.20582900000001,True
003394,train,48.3076702975,True
003396,train,58.549049190000005,True
003395,train,32.469424819375,True
003398,train,129.60889831,False
003405,train,127.57281076,False
003403,train,61.820658394375,True
003400,train,134.63387489437497,False
003402,train,105.59933110937502,False
003404,train,40.034538777499996,True
003406,train,146.64421636,False
003401,train,129.47831360937502,False
003399,train,132.3250490975,False
003407,train,126.497469124375,False
003408,train,136.316174999375,False
003411,train,113.841769824375,False
003409,train,131.78904991,False
003410,train,130.105474984375,False
003413,train,44.642249,True
003414,train,54.229156724374995,True
003412,train,87.35584974937501,True
003416,train,32.99184936,True
003418,train,28.493523109374998,True
003421,train,18.91944831,True
003419,train,29.108909984375,True
003417,train,33.22409159,True
003420,train,24.608799360000003,True
003415,train,20.284420694375,True
003422,train,21.697985524375,True
003429,train,107.43489493749999,False
003423,train,29.917067574375,True
003425,train,23.06238911,True
003426,train,161.44247267437504,False
003424,train,23.518310897499997,True
003427,train,134.01069375,False
003428,train,41.224051719375,True
003433,train,135.8420461975,False
003436,train,37.41118911,True
003435,train,84.85779297749998,True
003432,train,129.6886469775,False
003430,train,112.72840123437499,False
003434,train,106.865721484375,False
003431,train,174.32352148437502,False
003438,train,25.99663336,True
003437,train,33.080512577499995,True
003440,train,37.9248444975,True
003439,train,104.82515071,False
003442,train,8.834699189999998,True
003444,train,31.990699244375,True
003441,train,77.03705774999999,True
003445,train,35.6097496975,True
003448,train,232.15101217749998,False
003447,train,73.760815234375,True
003443,train,34.632569359375,True
003446,train,162.241009984375,False
003451,train,135.846280424375,False
003450,train,38.489569824374996,True
003449,train,122.59908562437498,False
003453,train,31.6718792975,True
003454,train,22.1930529775,True
003457,train,9.24429999,True
003452,train,49.46835673437501,True
003456,train,24.425714000000003,True
003458,train,59.822954019375004,True
003459,train,72.340193549375,True
003461,train,134.127911124375,False
003460,train,92.51571536,True
003455,train,25.076283974375002,True
003463,train,142.7033957975,False
003464,train,87.01407494937499,True
003466,train,43.041314274375004,True
003465,train,28.1105180975,True
003467,train,72.716237484375,True
003462,train,139.75552466937498,False
003469,train,126.02086519,False
003468,train,133.9322949375,False
003470,train,127.44665024937498,False
003471,train,68.11608704,True
003472,train,39.018000609374994,True
003475,train,199.29621751000002,False
003474,train,175.429971669375,False
003473,train,35.725765544374994,True
003476,train,104.13272177750001,False
003477,train,82.36107774999999,True
003480,train,114.390849,False
003479,train,110.339621669375,False
003478,train,64.12469744,True
003481,train,182.202326499375,False
003483,train,188.165232949375,False
003486,train,45.628804859375,True
003482,train,130.440529194375,False
003484,train,161.3083144375,False
003485,train,177.262046,False
003489,train,117.10351614937501,False
003488,train,103.65559979749999,False
003490,train,121.77514676000001,False
003493,train,17.73414951,True
003487,train,61.673509199375,True
003492,train,14.438948897499998,True
003494,train,18.170715699375002,True
003491,train,33.597736160000004,True
003496,train,7.044175649375,True
003501,train,38.021395344375,True
003497,train,45.308204859374996,True
003495,train,8.427873844375,True
003499,train,38.075317299374994,True
003498,train,17.23114991,True
003500,train,44.3413121775,True
003504,train,141.77236360937502,False
003505,train,153.449723844375,False
003502,train,214.20026278999998,False
003503,train,110.08887251937502,False
003506,train,122.45175442437501,False
003508,train,71.14438774999999,True
003509,train,176.491552324375,False
003510,train,59.43068499437501,True
003507,train,27.533108177500004,True
003592,train,368.253973619375,False
003595,train,436.3598643600001,False
003591,train,194.7339777975,False
003597,train,286.986578109375,False
003593,train,494.6688313775,False
003594,train,63.60989996,True
003599,train,454.98506283999996,False
003598,train,71.28784816,True
003596,train,210.48578496,False
003600,train,453.5768317775,False
003606,train,496.04316518999997,False
003603,train,227.77486912437502,False
003601,train,187.55547567750003,False
003602,train,297.503364,False
003604,train,272.32010192437497,False
003605,train,220.958713944375,False
003607,train,237.98845406937502,False
003608,train,475.52285,False
003610,train,281.26721459749996,False
003609,train,220.36220775,False
003613,train,347.28597944,False
003611,train,394.341973519375,False
003612,train,297.9169530775,False
003616,train,388.17424694437494,False
003618,train,200.2890949975,False
003614,train,323.70757404937495,False
003615,train,580.2573920975,False
003621,train,290.2767162775,False
003617,train,325.95532614937497,False
003622,train,1065.61799924,False
003620,train,409.40494031,False
003619,train,346.04204102437495,False
003627,train,811.366609169375,False
003624,train,257.575766119375,False
003625,train,713.6158494375,False
003626,train,447.24469516000005,False
003623,train,385.78802799,False
003630,train,348.698724724375,False
003628,train,1000.468938449375,False
003629,train,679.0324662775,False
003632,train,255.45688809437502,False
003633,train,589.7144361693751,False
003631,train,1249.776823399375,False
003635,train,963.0964492775,False
003640,train,530.6795853775001,False
003634,train,894.2905569493748,False
003637,train,480.91085479000003,False
003638,train,335.47484787437503,False
003636,train,280.81919754437496,False
003641,train,41.6129241975,True
003639,train,471.82030849437507,False
003642,train,536.44546775,False
003644,train,466.607024674375,False
003645,train,703.5090749493748,False
003646,train,724.81129831,False
003649,train,460.961574844375,False
003643,train,643.54971164,False
003648,train,255.80495267437502,False
003653,train,869.9680618593751,False
003652,train,418.1252251775,False
003650,train,619.1186763975,False
003655,train,650.9952125775,False
003651,train,427.560111,False
003654,train,654.8031772974999,False
003647,train,258.33016889749996,False
003657,train,736.30495975,False
003656,train,472.063109,False
003658,train,619.864455769375,False
003661,train,123.53624744000001,False
003659,train,607.8723758975,False
003663,train,307.43105123437505,False
003664,train,795.872469374375,False
003665,train,181.84081864,False
003666,train,236.417183984375,False
003668,train,585.362323734375,False
003660,train,844.20139311,False
003667,train,829.680883419375,False
003662,train,786.6678419975,False
003670,train,977.4406267899999,False
003672,train,65.07949991,True
003676,train,462.84949547437503,False
003671,train,496.298724844375,False
003669,train,483.236862569375,False
003675,train,451.60707024437505,False
003673,train,432.91059339937493,False
003679,train,232.39017549937503,False
003678,train,303.7498121775,False
003680,train,262.67470664,False
003677,train,197.785162109375,False
003682,train,500.88524717437497,False
003681,train,226.04308277750002,False
003674,train,73.86972137750001,True
003685,train,230.80980587750003,False
003683,train,239.55645029750002,False
003684,train,466.7709899374999,False
003689,train,189.34456437749998,False
003691,train,346.72337231,False
003688,train,293.0868595775,False
003687,train,367.843973244375,False
003692,train,611.5445493775001,False
003686,train,293.94042282437493,False
003690,train,372.960105419375,False
003693,train,222.1393068975,False
003699,train,288.0242144375,False
003696,train,351.341542074375,False
003694,train,306.02758001937497,False
003698,train,351.96369239750004,False
003695,train,409.163065369375,False
003697,train,212.449931,False
003701,train,377.089171224375,False
003700,train,1194.3897317600001,False
003705,train,324.12324975,False
003708,train,259.2279865775,False
003707,train,428.93467436937505,False
003706,train,963.5008264775,False
003704,train,769.2760976993749,False
003702,train,458.33465024937504,False
003709,train,792.8360990975,False
003703,train,1115.710909,False
003713,train,271.889506524375,False
003710,train,852.3385389999999,False
003712,train,1299.614574674375,False
003711,train,375.801419119375,False
003715,train,953.733258819375,False
003716,train,305.511573109375,False
003714,train,603.350366319375,False
003717,train,487.6047849375,False
003722,train,578.060237109375,False
003720,train,537.801854,False
003718,train,352.8322348775,False
003719,train,476.93113752437495,False
003721,train,43.878417874375,True
003723,train,655.1047730943751,False
003725,train,761.424272824375,False
003724,train,462.5533727899999,False
003729,train,471.74926584,False
003726,train,765.596124894375,False
003730,train,652.138668644375,False
003733,train,903.797487484375,False
003732,train,428.67231069749994,False
003728,train,256.45181031,False
003727,train,275.9312914775,False
003734,train,701.8154477600001,False
003735,train,690.4034107599999,False
003739,train,624.808702074375,False
003731,train,430.366211449375,False
003737,train,747.3827969775,False
003738,train,675.48772671,False
003741,train,127.26538235999998,False
003736,train,494.33185735937496,False
003743,train,334.84050904000003,False
003740,train,891.8367218975,False
003742,train,842.9210265743749,False
003744,train,859.8397707900001,False
003747,train,835.342543044375,False
003745,train,183.5519953775,False
003752,train,368.166922824375,False
003749,train,497.5862160775,False
003746,train,244.420919424375,False
003750,train,1046.742235524375,False
003748,train,646.5539957975,False
003751,train,194.6886277975,False
003754,train,63.585024894375,True
003753,train,494.63923137750004,False
003758,train,71.26289816,True
003759,train,454.9664519375001,False
003756,train,210.367406234375,False
003755,train,436.3771143600001,False
003757,train,287.014578109375,False
003760,train,453.6689317775,False
003763,train,227.66023679750003,False
003762,train,297.4872386993749,False
003761,train,187.632656734375,False
003764,train,272.19082775,False
003765,train,220.973063944375,False
003767,train,237.978004069375,False
003766,train,496.07661519,False
003769,train,220.39410774999996,False
003770,train,281.26176577750005,False
003768,train,475.58242549937506,False
003775,train,580.257584044375,False
003773,train,347.35252943999996,False
003772,train,297.98045376,False
003774,train,323.62549856000004,False
003771,train,394.4152720743749,False
003776,train,388.1738727775,False
003780,train,409.38329030999995,False
003782,train,1065.57334924,False
003783,train,385.687041674375,False
003779,train,346.0043446775,False
003778,train,200.2810449975,False
003785,train,713.838874994375,False
003784,train,257.34544024,False
003781,train,290.15998616937503,False
003777,train,325.964326149375,False
003786,train,447.24629516000005,False
003787,train,811.4229091693751,False
003788,train,1000.29316196,False
003790,train,348.611274724375,False
003792,train,255.45183809437495,False
003791,train,1249.906299349375,False
003795,train,963.1577994375,False
003789,train,679.1573162774998,False
003794,train,894.3394799375,False
003796,train,280.80047151,False
003793,train,589.699280424375,False
003797,train,480.9083496093749,False
003798,train,335.50904787437497,False
003802,train,536.4433375243749,False
003800,train,530.748709644375,False
003804,train,466.64957467437506,False
003803,train,643.564931394375,False
003799,train,471.9093068593751,False
003801,train,41.613726,True
003806,train,724.8555483100001,False
003805,train,703.4949749843751,False
003807,train,258.38740011937495,False
003811,train,427.63071099999996,False
003808,train,255.92525219937497,False
003814,train,654.9233299443749,False
003813,train,870.108411859375,False
003810,train,619.1716046399999,False
003812,train,418.0476751775,False
003816,train,472.1833110975,False
003809,train,461.0046419975,False
003817,train,736.35680975,False
003815,train,651.1642549375,False
003819,train,607.9573599693751,False
003818,train,619.9103057693751,False
003820,train,844.297721194375,False
003825,train,182.00546751000002,False
003821,train,123.53779743999999,False
003824,train,795.958119374375,False
003828,train,585.3224480399999,False
003823,train,307.2182642775,False
003822,train,786.7361919975,False
003826,train,236.52341427749997,False
003827,train,829.7169770975,False
003832,train,37.18145119,True
003834,train,50.6125327775,True
003831,train,33.341101719375004,True
003835,train,143.2045180775,False
003830,train,977.40902679,False
003829,train,483.28783684,False
003833,train,50.54834831,True
003836,train,77.43627696,True
003838,train,47.333698777500004,True
003837,train,50.47443911,True
003841,train,22.394449910000002,True
003839,train,66.057146,True
003844,train,49.364920694375,True
003843,train,60.353063944375,True
003842,train,28.235247174375004,True
003840,train,17.571224474375,True
003845,train,78.644072194375,True
003847,train,65.50167496937499,True
003846,train,69.30779039000001,True
003848,train,84.45832432437501,True
003851,train,57.189001924375,True
003849,train,118.73369959,False
003853,train,18.667704974375003,True
003850,train,81.80547873437499,True
003856,train,23.9837169375,True
003855,train,21.3795418775,True
003854,train,27.084812574375,True
003852,train,30.837224399374996,True
003860,train,63.694347119375,True
003858,train,25.5655244975,True
003861,train,43.074774994375,True
003859,train,14.677049977499998,True
003862,train,33.2123499375,True
003857,train,17.535439110000002,True
003863,train,67.99651544,True
003865,train,54.2201530775,True
003866,train,29.228222824375,True
003864,train,49.948712310000005,True
003867,train,36.059545569375,True
003868,train,34.49811701937501,True
003873,train,96.114843549375,True
003870,train,38.755573734375,True
003871,train,92.62447295999999,True
003869,train,28.454624669375004,True
003874,train,93.89116394437501,True
003872,train,100.509638699375,False
003875,train,32.8823202975,True
003876,train,67.8440495775,True
003877,train,82.62441257750001,True
003882,train,41.029377484375,True
003879,train,117.1125484375,False
003878,train,78.22724600000001,True
003885,train,96.01197791,True
003880,train,54.22727089937499,True
003884,train,96.0860461975,True
003883,train,90.57628064,True
003887,train,25.869686869375002,True
003881,train,44.795668624375,True
003888,train,21.480945024375,True
003886,train,44.2369400775,True
003891,train,36.234216734375,True
003889,train,28.924364549375,True
003893,train,61.022624984375,True
003890,train,46.477758799375,True
003894,train,140.61199987749998,False
003895,train,16.016499000000003,True
003892,train,37.138599749375004,True
003896,train,22.568272359375005,True
003897,train,89.58487604,True
003898,train,72.676522969375,True
003899,train,145.30725775,False
003981,train,115.00182349937499,False
003900,train,70.93103276,True
003985,train,183.2454677975,False
003983,train,113.83469151000001,False
003982,train,161.591240819375,False
003984,train,122.64925317437499,False
003989,train,70.2251486775,True
003986,train,106.75419124,False
003987,train,109.76634375,False
003992,train,23.43279871,True
003990,train,64.24043714437501,True
003991,train,19.890066444374998,True
003994,train,37.6381109375,True
003988,train,17.2939969375,True
003993,train,33.646169594374996,True
003995,train,121.459107149375,False
003998,train,30.157151924375004,True
003996,train,46.0836859375,True
003997,train,31.774955419374997,True
004002,train,20.3658957975,True
004000,train,10.734074544375003,True
004001,train,14.281971484375,True
004005,train,71.3529475975,True
003999,train,37.705047597500005,True
004003,train,49.751538094375,True
004004,train,41.920213609375004,True
004008,train,49.928915777499995,True
004006,train,54.0856439975,True
004010,train,66.884999249375,True
004009,train,79.55876809749999,True
004012,train,19.1568486775,True
004007,train,44.23132089937501,True
004011,train,39.231638544375,True
004014,train,15.437861494375,True
004015,train,12.90184324,True
004017,train,12.2989497975,True
004013,train,9.7044934975,True
004018,train,17.8266880975,True
004019,train,9.210648560000001,True
004022,train,21.4153202975,True
004021,train,32.024339437500004,True
004016,train,13.793828840000002,True
004023,train,36.508858797500004,True
004025,train,40.31701112437499,True
004028,train,20.354374234375,True
004020,train,47.40846536,True
004030,train,25.408374399375003,True
004026,train,19.876849797499997,True
004029,train,17.672374724374997,True
004027,train,23.8674645975,True
004024,train,29.309337484375003,True
004032,train,85.283468369375,True
004031,train,73.33726644437499,True
004033,train,71.4144449975,True
004036,train,51.19692454437501,True
004034,train,79.375298219375,True
004038,train,63.71541862437502,True
004040,train,45.488624474375,True
004037,train,70.369931599375,True
004041,train,34.884524049374996,True
004035,train,22.873825649374997,True
004039,train,103.1968494375,False
004043,train,75.95686360937502,True
004046,train,34.399093240000006,True
004047,train,15.705379297499999,True
004042,train,28.43313775,True
004045,train,79.078798734375,True
004048,train,12.551733189999998,True
004044,train,74.97534375,True
004049,train,18.1130702975,True
004050,train,26.954803760000004,True
004053,train,40.258274724375,True
004051,train,18.990574144375,True
004056,train,12.616266149374999,True
004055,train,8.886924234375,True
004054,train,121.669767019375,False
004052,train,24.331404437499998,True
004058,train,40.649623374375004,True
004057,train,48.823531109375,True
004060,train,49.874148774375,True
004059,train,110.621156,False
004061,train,112.24779639,False
004063,train,114.2379589775,False
004062,train,153.70415664937502,False
004065,train,180.41426583999998,False
004064,train,119.15398989937499,False
004068,train,17.277274544375,True
004066,train,106.618068374375,False
004067,train,107.38522704437501,False
004070,train,63.31468471,True
004072,train,23.23168119,True
004073,train,31.591469594375,True
004069,train,65.266263269375,True
004071,train,19.039781937500003,True
004075,train,118.114756724375,False
004074,train,35.77950774999999,True
004079,train,36.810547109999995,True
004078,train,29.155661297500007,True
004076,train,44.100784,True
004081,train,13.508774969374999,True
004077,train,32.37672696,True
004082,train,19.046038439999997,True
004085,train,65.170470694375,True
004086,train,52.407607149374996,True
004080,train,9.731374949375002,True
004083,train,48.9854633975,True
004089,train,74.85360904000001,True
004090,train,63.08890521937499,True
004091,train,38.912005219375,True
004088,train,47.3811278975,True
004087,train,43.148516734375,True
004084,train,40.134745159999994,True
004094,train,14.92559516,True
004092,train,18.482723949375,True
004093,train,9.234367574375,True
004096,train,13.493945569374997,True
004097,train,11.741624994374998,True
004095,train,12.571044709999999,True
004098,train,15.979211124375,True
004099,train,8.706747440000001,True
004101,train,29.722024859374994,True
004100,train,43.932947119375,True
004102,train,21.015505419374996,True
004106,train,20.100022359375,True
004108,train,19.37124996,True
004103,train,35.348558797500004,True
004110,train,24.9670969375,True
004104,train,28.233923519375,True
004109,train,18.083224399375002,True
004111,train,77.18394676000001,True
004105,train,41.453517019375,True
004107,train,22.979634994375,True
004112,train,87.658761859375,True
004113,train,74.11553111,True
004118,train,63.60172069437499,True
004115,train,22.640290484375,True
004114,train,79.80507184937501,True
004116,train,50.93864999750001,True
004117,train,72.09315997437501,True
004120,train,46.19516887437501,True
004121,train,35.22214984,True
004119,train,102.49889999,False
004124,train,74.76204999000001,True
004127,train,15.178796109375,True
004123,train,78.0884418775,True
004122,train,28.748405859375,True
004129,train,17.5992866775,True
004128,train,11.967493997500002,True
004126,train,34.464903144375,True
004125,train,78.976709984375,True
004133,train,38.499219119375,True
004130,train,26.76629375,True
004134,train,123.282964599375,False
004136,train,12.180663944375,True
004132,train,22.61869471,True
004137,train,46.34777191,True
004135,train,8.412524994375,True
004131,train,19.692322024375,True
004141,train,114.948723499375,False
004140,train,50.322758899375,True
004144,train,122.724553174375,False
004142,train,161.595540819375,False
004143,train,113.78539150999998,False
004146,train,106.78304124,False
004138,train,40.50467975,True
004145,train,183.2894794375,False
004139,train,115.85607704437501,False
004147,train,109.72419375,False
004148,train,17.2871969375,True
004149,train,70.21049867750001,True
004151,train,684.03756864,False
004152,train,1330.4006825775002,False
004150,train,64.2072110975,True
004153,train,1028.6203919375,False
004155,train,751.2060897693749,False
004156,train,1261.555206294375,False
004158,train,608.1286132774999,False
004154,train,1002.1379190974999,False
004159,train,1233.91893076,False
004160,train,949.849750249375,False
004163,train,1123.2756809999998,False
004162,train,1005.8148,False
004161,train,888.756417974375,False
004165,train,848.05839596,False
004157,train,948.41721759,False
004166,train,626.881317774375,False
004164,train,926.9761409443751,False
004168,train,731.917377734375,False
004169,train,1057.868217619375,False
004171,train,1412.3798810775002,False
004172,train,1375.15954324,False
004170,train,542.118190234375,False
004167,train,745.814774499375,False
004174,train,303.8482984375,False
004173,train,1020.094744449375,False
004175,train,839.80705975,False
004177,train,839.2813215900001,False
004176,train,883.009543744375,False
004179,train,336.29909957750004,False
004181,train,571.858000044375,False
004180,train,1553.6387393493749,False
004183,train,843.4129214693751,False
004178,train,1144.30240396,False
004185,train,1183.04472775,False
004182,train,1097.2163785975,False
004187,train,946.7519362399998,False
004186,train,1107.3824191975002,False
004184,train,1471.3629118975,False
004188,train,930.1325724975001,False
004190,train,987.3327574374999,False
004194,train,375.72151496000004,False
004193,train,1202.483439899375,False
004189,train,1294.694400044375,False
004195,train,1119.68762975,False
004192,train,800.9191000975001,False
004198,train,756.3044469375,False
004196,train,869.8298552974999,False
004197,train,625.8721903899999,False
004200,train,820.278297744375,False
004191,train,457.284000744375,False
004199,train,435.260680859375,False
004201,train,871.9298255599999,False
004205,train,1078.66822751,False
004204,train,152.804102674375,False
004203,train,191.866216524375,False
004202,train,402.12518559937496,False
004206,train,439.2800862493751,False
004207,train,800.912300894375,False
004208,train,961.4735240743751,False
004209,train,1263.14727844,False
004212,train,479.39994222437497,False
004211,train,243.93348319,False
004210,train,455.73639995999997,False
004214,train,1099.4789344399999,False
004215,train,672.5876159999999,False
004219,train,343.028756324375,False
004217,train,1089.0982736975,False
004213,train,706.57914799,False
004216,train,139.286710749375,False
004218,train,328.23982199437495,False
004221,train,978.02533236,False
004223,train,1108.385487109375,False
004222,train,497.10080289750005,False
004224,train,1192.1017853775,False
004220,train,424.18387364,False
004226,train,418.61071339750004,False
004228,train,1378.0244566993752,False
004231,train,455.0588983100001,False
004230,train,166.12452394937498,False
004225,train,666.4436046975,False
004229,train,791.343254974375,False
004232,train,1060.321421649375,False
004227,train,1119.7560149775,False
004234,train,742.265329294375,False
004235,train,544.066434324375,False
004238,train,391.008741819375,False
004236,train,953.9314440774999,False
004237,train,723.00266759,False
004239,train,881.999913894375,False
004233,train,792.1117108975001,False
004240,train,645.967916094375,False
004241,train,614.7149780193749,False
004246,train,437.70237031000005,False
004244,train,635.6669045975,False
004242,train,780.8638818975,False
004243,train,811.4400327943749,False
004245,train,552.0190698975,False
004248,train,468.85303519750005,False
004251,train,1054.3849603099998,False
004249,train,764.952850894375,False
004250,train,289.91983471,False
004252,train,1115.7758961975,False
004247,train,511.32072029750003,False
004253,train,734.1421002493751,False
004254,train,196.65601144000001,False
004258,train,863.87303551,False
004256,train,690.4107973600001,False
004255,train,593.001547174375,False
004259,train,230.17351911937502,False
004261,train,369.09840477750004,False
004257,train,531.1544738193751,False
004262,train,820.5198606975,False
004260,train,1163.0149018593752,False
004266,train,835.1662268975,False
004263,train,606.7276674375,False
004265,train,951.9808804443751,False
004269,train,947.5735655493751,False
004268,train,704.27442551,False
004267,train,716.597118644375,False
004264,train,1109.248458719375,False
004275,train,822.0284530243749,False
004272,train,499.38580119000005,False
004270,train,708.0090407775,False
004271,train,336.80614375,False
004277,train,388.81429984,False
004276,train,595.84237975,False
004273,train,896.340836849375,False
004274,train,271.836387249375,False
004278,train,596.0497497775001,False
004281,train,686.329292749375,False
004283,train,130.9233369375,False
004279,train,266.679643734375,False
004284,train,95.362249244375,True
004280,train,569.7474181975001,False
004282,train,236.05859429437496,False
004285,train,775.7985053993749,False
004288,train,695.16480991,False
004289,train,926.289455769375,False
004292,train,283.571800744375,False
004287,train,579.914369544375,False
004286,train,271.70601685937504,False
004290,train,270.628355419375,False
004291,train,181.17706279,False
004293,train,450.06514101937495,False
004295,train,409.79188519,False
004294,train,787.8355107743752,False
004300,train,248.91061493749996,False
004298,train,164.30005735937496,False
004299,train,238.03625019937496,False
004297,train,761.46918831,False
004296,train,80.456461124375,True
004302,train,350.3902636775,False
004303,train,765.28927599,False
004301,train,709.3733734943751,False
004304,train,912.5221961093749,False
004307,train,856.6185911993749,False
004309,train,530.6519434975,False
004310,train,78.4700972775,True
004314,train,808.570263169375,False
004305,train,502.9766997500001,False
004312,train,1040.7670530743749,False
004313,train,785.7016716943749,False
004306,train,239.390260749375,False
004311,train,495.4512944775,False
004315,train,564.1506379599999,False
004308,train,1028.6358778974998,False
004318,train,401.473871369375,False
004317,train,737.726036474375,False
004321,train,641.1398477500001,False
004316,train,931.6347070975,False
004320,train,662.6089393593751,False
004323,train,808.05348391,False
004322,train,810.6532501443751,False
004327,train,533.9585171900001,False
004329,train,797.75362391,False
004319,train,923.25579696,False
004324,train,636.754066,False
004325,train,577.7300499375001,False
004328,train,490.68675919937493,False
004331,train,1111.7694663193752,False
004333,train,725.856664549375,False
004326,train,457.42892485937506,False
004330,train,299.915331074375,False
004334,train,204.25772443999998,False
004338,train,855.5059803993751,False
004332,train,1089.0335457975,False
004336,train,690.6754090000001,False
004339,train,240.62707026937497,False
004335,train,648.8070297743751,False
004341,train,393.10618356000003,False
004337,train,577.7190808443751,False
004345,train,963.14512431,False
004344,train,1141.654779294375,False
004342,train,834.909720449375,False
004346,train,909.5118180775002,False
004340,train,1178.73505504,False
004343,train,615.2013375243749,False
004348,train,731.838818524375,False
004347,train,721.2667127743749,False
004351,train,345.74488624937504,False
004350,train,719.3929851443751,False
004353,train,918.520110824375,False
004354,train,280.67925806937495,False
004349,train,963.8879717343749,False
004352,train,518.4982748443749,False
004356,train,591.89928524,False
004355,train,828.5977912193749,False
004358,train,617.6711053993749,False
004357,train,397.68804855999997,False
004360,train,553.91421719,False
004365,train,804.280496484375,False
004362,train,240.67795711,False
004361,train,693.9711315774999,False
004359,train,290.43118496,False
004363,train,132.144912219375,False
004367,train,608.868329619375,False
004366,train,273.649453174375,False
004372,train,300.82918759,False
004368,train,758.30924736,False
004371,train,183.8764702975,False
004369,train,959.29759375,False
004370,train,273.08661030999997,False
004364,train,96.987003449375,True
004378,train,177.21976600000002,False
004376,train,80.80887704437501,True
004374,train,810.0704937499999,False
004377,train,827.03849824,False
004373,train,480.36209081937506,False
004380,train,268.96789375,False
004375,train,414.474310124375,False
004379,train,258.28520598999995,False
004382,train,355.06646607749997,False
004381,train,691.0531502975,False
004383,train,836.1154655443751,False
004388,train,1110.7564123099999,False
004385,train,505.4685079775,False
004386,train,260.007912984375,False
004384,train,898.9660714693752,False
004387,train,844.5850178399999,False
000001,test,35.700068109375,True
000003,test,24.571599977499996,True
004390,train,82.985674774375,True
000002,test,33.382898734375,True
000006,test,42.036278377500004,True
000005,test,38.196771849375,True
000004,test,31.027874724375003,True
004389,train,544.21916519,False
000007,test,27.864758169374998,True
000011,test,15.906710369375002,True
000013,test,25.971984,True
000008,test,26.189707984374998,True
000009,test,31.796074859375008,True
000014,test,18.307670269375,True
000010,test,34.744172024375004,True
000012,test,25.807067749999998,True
000019,test,75.3618502975,True
000015,test,34.295300249374996,True
000020,test,10.61474424,True
000016,test,66.57873400000001,True
000021,test,12.622874999375002,True
000022,test,18.319812219375,True
000024,test,9.8329453775,True
000018,test,52.630424669375,True
000027,test,55.356824049375,True
000023,test,24.021049989999998,True
000017,test,40.916795344375,True
000026,test,45.281431077499995,True
000025,test,15.035174474375,True
000028,test,82.18674871,True
000031,test,49.69938911,True
000029,test,97.19276909750002,True
000030,test,41.977845959999996,True
000035,test,15.0793351775,True
000033,test,22.019067299375,True
000032,test,25.739765544375,True
000038,test,17.5771873975,True
000034,test,14.144166444375,True
000040,test,46.452260599375,True
000039,test,8.778873499374999,True
000041,test,21.63684831,True
000037,test,10.4536924375,True
000036,test,15.331023844375002,True
000042,test,26.5641975975,True
000043,test,71.91427231,True
000047,test,15.888718109375,True
000045,test,28.064898734374996,True
000044,test,52.398362309999996,True
000046,test,12.3342496975,True
000048,test,20.819121099375,True
000049,test,16.338449697500003,True
000051,test,47.850006524375004,True
000052,test,38.163742877500006,True
000054,test,46.536824859374995,True
000056,test,48.535440390000005,True
000053,test,55.6275957975,True
000050,test,25.371049977499997,True
000058,test,17.6101461975,True
000057,test,16.73196975,True
000060,test,26.5061998775,True
000055,test,23.4704621775,True
000059,test,16.982771294375,True
000062,test,25.227204069375,True
000061,test,14.80579216,True
000065,test,55.96352496937501,True
000063,test,34.060997699375,True
000066,test,55.014755419375,True
000067,test,76.75624999,True
000068,test,71.157474609375,True
000072,test,69.75543042437499,True
000069,test,72.331865849375,True
000064,test,42.421369374375,True
000070,test,29.0915994375,True
000076,test,29.27294216,True
000077,test,26.375511560000003,True
000074,test,24.416818624375004,True
000075,test,13.911779774375,True
000071,test,26.279191877499997,True
000073,test,19.627710369375,True
000078,test,26.72382199,True
000079,test,13.153044477499998,True
000082,test,13.034524969375001,True
000081,test,13.981023109375002,True
000080,test,22.736420484375,True
000083,test,16.989596,True
000084,test,21.08953064,True
000086,test,22.545667619375,True
000085,test,23.391182777500003,True
000087,test,24.957839760000002,True
000089,test,37.817597750000004,True
000091,test,31.62314856,True
000090,test,22.1991481775,True
000092,test,54.271372359375,True
000095,test,34.936696,True
000094,test,55.386392977499995,True
000093,test,66.16572743750001,True
000096,test,15.3167978975,True
000097,test,30.379881077500002,True
000099,test,24.547497749999998,True
000088,test,31.72624216,True
000100,test,41.450274994375,True
000098,test,25.974545377500004,True
000103,test,24.755153144375,True
000101,test,35.818464274375,True
000102,test,46.69608976,True
000104,test,46.695199744375,True
000108,test,15.4867475975,True
000107,test,61.2262984375,True
000105,test,38.21459216,True
000106,test,23.948674994375,True
000114,test,26.323405219374997,True
000111,test,20.229219824375,True
000113,test,22.708799589999998,True
000109,test,14.69805239,True
000115,test,28.489424819375003,True
000110,test,20.543924399375,True
000119,test,34.441471377499994,True
000112,test,15.006963269375,True
000120,test,42.280401234375,True
000116,test,32.15627361937501,True
000118,test,33.034582424374996,True
000117,test,33.29005775,True
000121,test,45.760663074375,True
000122,test,50.161369594375,True
000126,test,33.943538094375,True
000124,test,45.167066149375,True
000128,test,16.582473989999997,True
000125,test,40.1940609375,True
000123,test,47.618814390000004,True
000129,test,13.073124399375002,True
000130,test,49.897913769374995,True
000131,test,12.892143240000001,True
000132,test,38.730363944375,True
000127,test,20.219714274375,True
000133,test,19.943512924375,True
000139,test,19.2473484375,True
000134,test,46.938160749375,True
000135,test,51.119463769374995,True
000136,test,40.845217019375,True
000138,test,21.90279375,True
000137,test,58.688169359375,True
000140,test,26.569354069375002,True
000141,test,29.131474969375,True
000145,test,21.1952999375,True
000143,test,16.580552734375,True
000142,test,25.427674994375,True
000144,test,19.9639208775,True
000147,test,28.06217975,True
000149,test,37.995294474375,True
000150,test,51.254007984375,True
000146,test,27.933900744375,True
000148,test,31.3182486775,True
000157,test,40.831053759999996,True
000153,test,33.443467844375,True
000154,test,37.42285443749999,True
000151,test,50.06263151,True
000155,test,27.134967844375,True
000156,test,16.116204524375,True
000158,test,47.64874184,True
000161,test,40.9537961975,True
000160,test,28.810017509999998,True
000159,test,15.834823499375,True
000152,test,40.55845,True
000166,test,28.799506734375004,True
000162,test,50.728421177499996,True
000165,test,28.403371294374995,True
000163,test,49.510181110000005,True
000169,test,11.6876999375,True
000164,test,42.472624724375,True
000167,test,16.79804991,True
000170,test,19.085671849374997,True
000171,test,24.788174319375,True
000168,test,30.334817359375,True
000173,test,37.224299744375,True
000172,test,31.968061559999995,True
000175,test,40.3496999375,True
000178,test,36.447746109375,True
000174,test,38.364197174375,True
000176,test,33.766299977500005,True
000182,test,24.992449,True
000183,test,29.209674144374997,True
000177,test,55.66769727750002,True
000181,test,28.3856484375,True
000179,test,15.232074819374999,True
000180,test,64.11515959437502,True
000185,test,16.652320269375,True
000186,test,24.645275,True
000189,test,36.234074859375006,True
000187,test,25.460978377500002,True
000184,test,16.414023244375002,True
000188,test,32.633867190000004,True
000190,test,32.372356440000004,True
000191,test,37.52526279,True
000192,test,19.511385999999998,True
000196,test,48.34759391,True
000193,test,20.10728236,True
000195,test,15.170972194374999,True
000194,test,9.93334975,True
000198,test,34.6671310775,True
000200,test,24.855348560000003,True
000199,test,55.08539998999999,True
000201,test,2567.3259705600003,False
000197,test,23.1291990975,True
000203,test,2102.0445306093748,False
000204,test,1203.9029861975,False
000207,test,1106.25299511,False
000202,test,2046.47849271,False
000206,test,1252.4376092975,False
000205,test,1975.4210774975002,False
000209,test,1983.239389,False
000208,test,2003.7447535493745,False
000210,test,2078.257229569375,False
000213,test,2236.8693817975,False
000215,test,2172.327469984375,False
000212,test,1549.347883444375,False
000217,test,1445.6622355975,False
000214,test,2121.378257849375,False
000211,test,2099.743112109375,False
000216,test,2065.281474474375,False
000218,test,1925.517228299375,False
000219,test,1470.659643744375,False
000222,test,2050.721867619375,False
000221,test,1500.8513343900001,False
000223,test,825.527343919375,False
000224,test,1580.5831567243752,False
000229,test,1064.171455484375,False
000225,test,1922.0911641975001,False
000226,test,1487.04946084,False
000220,test,1859.7252839999999,False
000227,test,1816.8814118593752,False
000230,test,410.8690245693751,False
000233,test,1981.260396874375,False
000232,test,563.147780399375,False
000228,test,1750.651596569375,False
000231,test,1276.5351949375,False
000236,test,2075.1791284193746,False
000235,test,1983.047636,False
000234,test,2151.966821484375,False
000241,test,1731.770026349375,False
000237,test,2155.818031,False
000238,test,1810.32189791,False
000244,test,1820.1906898975,False
000240,test,1839.024446744375,False
000239,test,2343.027043969375,False
000243,test,1587.305559519375,False
000242,test,1223.7542886975,False
000248,test,1754.1817031193752,False
000246,test,1428.3248645993751,False
000249,test,1920.1380611099999,False
000245,test,2128.9569667900005,False
000252,test,1641.693124924375,False
000250,test,1399.81596404,False
000247,test,1575.45694471,False
000253,test,1645.0105152743752,False
000251,test,2039.097993734375,False
000254,test,1936.428805859375,False
000258,test,1902.32649375,False
000255,test,1704.4043573775,False
000256,test,1904.464468374375,False
000257,test,2015.19708631,False
000260,test,2522.930603649375,False
000261,test,2671.85987799,False
000265,test,659.7726952400001,False
000262,test,2582.473950119375,False
000263,test,2761.52579639,False
000259,test,2048.4269822975,False
000268,test,1992.8325240693753,False
000264,test,1902.535473374375,False
000266,test,2150.2653997775,False
000267,test,2265.856552599375,False
000269,test,2350.35233556,False
000272,test,944.5508466443752,False
000270,test,1283.408208819375,False
000275,test,2352.580823924375,False
000271,test,1409.298369719375,False
000274,test,1633.046649874375,False
000273,test,2299.17340071,False
000277,test,1732.286183984375,False
000279,test,2398.5552575975003,False
000278,test,2240.285663869375,False
000282,test,2676.323686349375,False
000281,test,2046.378309594375,False
000280,test,1900.815820244375,False
000276,test,2027.0371202443748,False
000284,test,1569.3169839099999,False
000286,test,1872.782971994375,False
000283,test,1664.608902844375,False
000285,test,1678.4529973943752,False
000291,test,1114.395369594375,False
000289,test,1553.7885231100001,False
000288,test,1360.03206144,False
000292,test,821.57235775,False
000293,test,1105.2055628775,False
000290,test,1629.60716351,False
000294,test,2317.23254159,False
000287,test,2079.4211698693753,False
000295,test,1658.172585519375,False
000296,test,743.33674984,False
000298,test,1208.716766369375,False
000297,test,306.68208799437497,False
000302,test,2437.2265228243755,False
000301,test,1472.53632804,False
000300,test,1441.070716369375,False
000306,test,538.278122969375,False
000299,test,1108.0726284974999,False
000305,test,1472.53632804,False
000303,test,2022.4127488775,False
000311,test,1928.2327943599998,False
000304,test,2225.7412519100003,False
000308,test,1993.397846644375,False
000307,test,1892.3846683693753,False
000313,test,2361.05077456,False
000310,test,2138.345851669375,False
000309,test,1661.2013244374998,False
000314,test,1735.0691408775,False
000315,test,1508.57764384,False
000317,test,413.631670449375,False
000312,test,1868.035040994375,False
000318,test,1376.9981649375002,False
000316,test,1706.891925484375,False
000320,test,1602.61199424,False
000322,test,461.116614344375,False
000323,test,930.56359871,False
000319,test,1253.6974472775,False
000321,test,2132.174902474375,False
000325,test,2281.628891424375,False
000324,test,1467.89560631,False
000328,test,1675.1951473974998,False
000330,test,1416.812033074375,False
000326,test,2124.6917964975,False
000329,test,2356.259383319375,False
000331,test,925.862560844375,False
000333,test,670.7656057775,False
000332,test,1302.0900211775,False
000334,test,494.16480192437507,False
000327,test,1127.9245071975001,False
000337,test,993.2013417343751,False
000339,test,1369.461322599375,False
000335,test,2552.296902359375,False
000343,test,596.688657569375,False
000338,test,1284.2232251775001,False
000336,test,1365.230422999375,False
000341,test,2086.63229804,False
000342,test,831.7279459693749,False
000340,test,1042.1851211100002,False
000344,test,405.44139958999995,False
000347,test,1581.468219119375,False
000345,test,1616.98615644,False
000348,test,2039.4612335775003,False
000346,test,2305.4164774375,False
000350,test,1138.294044,False
000352,test,1502.897437109375,False
000353,test,631.2112965599999,False
000349,test,1701.5246517343753,False
000355,test,1678.63415284,False
000354,test,1871.080377734375,False
000351,test,1541.333564024375,False
000356,test,2024.5975240943749,False
000357,test,1568.476689919375,False
000359,test,1971.9964059100002,False
000360,test,1752.88565975,False
000361,test,1400.706563074375,False
000362,test,489.52312159749994,False
000363,test,1854.4852922399998,False
000358,test,1573.7033556975002,False
000364,test,433.547956859375,False
000365,test,1622.3428609999999,False
000369,test,694.468709984375,False
000370,test,1000.2912190975,False
000366,test,1975.7998999975,False
000367,test,1613.0392966399997,False
000372,test,1668.5188064775,False
000371,test,2096.199891734375,False
000375,test,1581.7623359899999,False
000368,test,1738.090473734375,False
000378,test,893.3768221943749,False
000377,test,1929.5862959975,False
000376,test,1829.7785288243751,False
000373,test,1731.38655396,False
000374,test,1519.200922869375,False
000381,test,1947.5636963600002,False
000379,test,1974.65376159,False
000380,test,655.76532775,False
000383,test,1835.5550596774995,False
000384,test,2198.5645441775,False
000388,test,1373.6932030775,False
000387,test,1858.4643832693753,False
000382,test,1111.8875382975,False
000386,test,1737.79050031,False
000385,test,1731.751464444375,False
000390,test,1981.0862404843747,False
000389,test,2034.643247544375,False
000393,test,1994.5002399975,False
000395,test,1979.0387630743749,False
000391,test,1747.835515849375,False
000394,test,1602.6193249443752,False
000396,test,1024.2659992775,False
000392,test,514.4103751775,False
000397,test,1136.668565544375,False
000399,test,1911.5461248593751,False
000404,test,130.02406751,False
000400,test,1600.496695724375,False
000401,test,100.60389527437499,False
000398,test,1869.0804350975,False
000402,test,40.9459400775,True
000403,test,8.9239406975,True
000405,test,206.5833399375,False
000409,test,48.425096644374996,True
000407,test,68.1394972775,True
000410,test,70.2759996975,True
000408,test,46.5061851775,True
000406,test,88.326010369375,True
000412,test,80.514708824375,True
000411,test,78.7131571975,True
000413,test,91.09635029750001,True
000415,test,99.700131109375,True
000418,test,101.15656257750001,False
000417,test,116.45568739749999,False
000414,test,108.80128624937501,False
000416,test,118.3764870975,False
000421,test,78.3677449375,True
000425,test,18.531773474375,True
000422,test,79.56976998437499,True
000419,test,115.595537984375,False
000426,test,10.1499465775,True
000420,test,101.26377829937499,False
000423,test,85.374423374375,True
000427,test,28.22104975,True
000424,test,44.609997174375,True
000431,test,37.6508495775,True
000430,test,24.349463944375,True
000428,test,21.354810369375,True
000433,test,35.95340239,True
000434,test,54.6333988975,True
000429,test,25.561718874375,True
000432,test,16.546049577500003,True
000435,test,69.609555694375,True
000437,test,96.398788044375,True
000438,test,101.577322194375,False
000442,test,112.04237103999999,False
000441,test,119.9920453775,False
000439,test,97.5168529775,True
000440,test,106.156844469375,False
000436,test,87.133474774375,True
000447,test,70.152692794375,True
000443,test,101.83204558999999,False
000446,test,76.2236498775,True
000448,test,89.223824924375,True
000445,test,108.119148294375,False
000444,test,124.012324049375,False
000452,test,63.643659199374994,True
000450,test,14.171969799375,True
000455,test,183.50736498437502,False
000451,test,49.973380444375,True
000449,test,25.90349375,True
000456,test,109.64278809750002,False
000453,test,79.72745950999999,True
000454,test,119.215374544375,False
000458,test,161.290394294375,False
000461,test,75.1593618975,True
000457,test,137.06121059937502,False
000460,test,200.49011016000003,False
000459,test,221.024969984375,False
000463,test,222.45705923437498,False
000464,test,164.65429999,False
000466,test,131.357224144375,False
000462,test,246.95931921937503,False
000469,test,14.590999577499998,True
000468,test,25.4553957975,True
000467,test,32.09137454437501,True
000472,test,24.157506734375005,True
000470,test,13.346523989999998,True
000465,test,111.76476543999999,False
000471,test,12.099164,True
000478,test,147.382174859375,False
000475,test,42.07994804,True
000473,test,11.5040992775,True
000474,test,55.94323236,True
000479,test,147.85604919,False
000476,test,70.72224775000001,True
000480,test,156.735273499375,False
000482,test,118.75471279,False
000477,test,104.94251819937499,False
000481,test,146.263067844375,False
000483,test,71.1247609375,True
000488,test,155.76289979749998,False
000487,test,146.6229914775,False
000484,test,48.608674234374995,True
000486,test,167.10642026937498,False
000485,test,144.57359693749999,False
000489,test,156.179973374375,False
000495,test,28.692840484375,True
000492,test,102.05559804,False
000493,test,53.470674949375,True
000497,test,41.071673949375004,True
000494,test,62.515809594375,True
000491,test,125.91354744000002,False
000496,test,40.820574894375,True
000490,test,157.467140484375,False
000499,test,35.052320269374995,True
000498,test,35.85294297750001,True
000501,test,24.463449909999998,True
000502,test,31.805866119374997,True
000504,test,31.86406687437501,True
000503,test,41.256591649375004,True
000506,test,189.939646,False
000507,test,164.953917619375,False
000500,test,29.942195999999996,True
000509,test,45.54504984,True
000505,test,33.61401751,True
000510,test,79.8837609375,True
000508,test,57.105245797500004,True
000515,test,152.14939217437498,False
000513,test,134.3749502975,False
000511,test,121.75256360937502,False
000512,test,133.51367944,False
000514,test,195.20511837437502,False
000517,test,152.13584789749999,False
000520,test,46.18653319,True
000523,test,45.88709816,True
000516,test,260.02482184937503,False
000522,test,32.0572822775,True
000519,test,94.91674936000001,True
000518,test,118.55099936000002,False
000527,test,120.23650193750001,False
000521,test,43.282430444375,True
000528,test,42.7772361975,True
000525,test,72.13798359,True
000526,test,47.3562998775,True
000524,test,45.063245024375,True
000529,test,15.350174144374998,True
000531,test,85.619953174375,True
000530,test,44.67084815999999,True
000532,test,13.056174544375,True
000535,test,44.624892224375,True
000533,test,41.14418911,True
000534,test,35.6496439975,True
000536,test,184.782368624375,False
000542,test,54.455909794374996,True
000540,test,45.045495024375,True
000537,test,82.834924924375,True
000539,test,130.3593292975,False
000541,test,147.925426769375,False
000546,test,31.551654524374996,True
000538,test,247.786287484375,False
000543,test,38.3862644375,True
000544,test,27.13106775,True
000545,test,30.099377077499998,True
000548,test,66.591188094375,True
000547,test,13.554649697499999,True
000549,test,82.02953151,True
000550,test,106.33487859750001,False
000552,test,151.04799769937497,False
000553,test,162.2417439975,False
000551,test,148.137724049375,False
000555,test,34.80745839,True
000554,test,101.06469999,False
000558,test,150.353442794375,False
000556,test,49.51232296,True
000557,test,83.25039173437499,True
000559,test,145.579917019375,False
000560,test,140.84666031,False
000564,test,181.293729099375,False
000563,test,43.765128419375,True
000566,test,129.4453665975,False
000565,test,222.148921484375,False
000569,test,121.8990145975,False
000561,test,80.300856724375,True
000567,test,97.16804873437499,True
000562,test,49.015458984375,True
000571,test,201.02501554937498,False
000568,test,73.58609996000001,True
000573,test,201.12063559749998,False
000574,test,175.3589319375,False
000570,test,134.89087296937498,False
000572,test,136.7192235775,False
000578,test,112.65509996,False
000579,test,130.41154927750003,False
000575,test,192.01071156,False
000577,test,70.5234434975,True
000581,test,39.67925359,True
000584,test,21.72341551,True
000580,test,133.22778435937502,False
000576,test,52.542263769375,True
000585,test,12.282649960000002,True
000583,test,22.525324609375,True
000586,test,11.4278802775,True
000582,test,18.867449,True
000589,test,70.7201912975,True
000587,test,69.835991069375,True
000590,test,73.3726929975,True
000588,test,29.262499910000003,True
000591,test,69.82648439,True
000592,test,239.47551459749997,False
000593,test,143.798663269375,False
000597,test,41.44057111000001,True
000594,test,156.2982016975,False
000596,test,139.46420079,False
000595,test,167.03564995999997,False
000598,test,81.75679271,True
000600,test,69.31039271,True
000601,test,364.368427724375,False
000599,test,206.81991750999998,False
000604,test,139.026661859375,False
000602,test,553.41759216,False
000603,test,716.4228599375,False
000609,test,619.3447287343749,False
000606,test,359.1828817775,False
000605,test,683.3968274975,False
000607,test,484.21076434437504,False
000608,test,149.752520694375,False
000610,test,626.484836519375,False
000612,test,443.3608424975,False
000611,test,297.93468975,False
000616,test,683.701054069375,False
000613,test,339.092269124375,False
000615,test,348.55239817750004,False
000614,test,402.83922364,False
000617,test,369.05749959,False
000623,test,511.20622134437497,False
000618,test,626.2177768975,False
000622,test,422.8836211775,False
000619,test,350.836408494375,False
000621,test,533.9474387775,False
000620,test,445.71172399000005,False
000625,test,913.6763210400001,False
000624,test,512.6352157775,False
000629,test,469.95601909750013,False
000627,test,466.680825484375,False
000628,test,319.86523616,False
000626,test,619.9201681975,False
000630,test,654.937952094375,False
000632,test,1528.2925155899998,False
000631,test,461.8155260399999,False
000636,test,735.4597521993751,False
000634,test,381.985905349375,False
000640,test,615.5339216693751,False
000635,test,1129.04378704,False
000637,test,1194.34518719,False
000633,test,550.188180859375,False
000638,test,1416.48127384,False
000645,test,1361.2166206943748,False
000641,test,1593.189200484375,False
000642,test,480.7931865775,False
000644,test,1242.271855859375,False
000647,test,724.4447873593749,False
000643,test,925.73162444,False
000639,test,1093.56154524,False
000646,test,537.659608719375,False
000650,test,780.479555774375,False
000651,test,93.46935071,True
000653,test,881.113830859375,False
000655,test,1067.2392718493747,False
000648,test,550.5312421743749,False
000649,test,662.42858136,False
000652,test,786.309513169375,False
000656,test,1070.034013944375,False
000654,test,671.5701644375,False
000658,test,382.6208927943749,False
000661,test,593.2740365193749,False
000657,test,404.004412984375,False
000662,test,653.176370449375,False
000663,test,1132.084555859375,False
000664,test,942.290327899375,False
000660,test,873.0555077500001,False
000666,test,699.7916599375001,False
000665,test,922.76550199,False
000659,test,734.2053194375001,False
000667,test,984.3159190974999,False
000668,test,895.90319791,False
000669,test,800.058929644375,False
000672,test,1115.3022524375,False
000671,test,234.29182696000004,False
000670,test,1199.5977379899998,False
000673,test,472.19766959437493,False
000674,test,1164.788354019375,False
000676,test,432.79329375,False
000675,test,309.123764549375,False
000678,test,868.7257873975001,False
000679,test,733.834347544375,False
000677,test,1112.943232994375,False
000681,test,124.85154984000002,False
000682,test,175.55595237750003,False
000685,test,190.34984766937498,False
000684,test,128.379674569375,False
000680,test,1311.736390819375,False
000683,test,128.785967484375,False
000687,test,117.46944887437499,False
000688,test,28.375648310000003,True
000689,test,88.0056406975,True
000690,test,74.81066527750001,True
000692,test,23.299374560000004,True
000686,test,116.280652324375,False
000691,test,19.030431937499998,True
000693,test,31.619120899374998,True
000694,test,35.7694645975,True
000695,test,118.100456724375,False
000698,test,29.1754612975,True
000696,test,44.075384,True
000702,test,19.059965234375,True
000697,test,32.335326959999996,True
000701,test,13.4843499775,True
000705,test,65.187270694375,True
000703,test,48.9355633975,True
000704,test,40.13999516,True
000700,test,9.722774949375001,True
000699,test,36.769569824375004,True
000710,test,63.100194719375004,True
000706,test,52.444057149375,True
000709,test,74.86380903999999,True
000711,test,38.899605219375,True
000708,test,47.399745609374996,True
000713,test,9.235867574375,True
000712,test,18.477423244374997,True
000714,test,14.96189516,True
000707,test,43.113664919375,True
000717,test,11.741624994374998,True
000718,test,16.002361124374996,True
000716,test,13.505095569375,True
000720,test,43.927297119375005,True
000715,test,12.5390949375,True
000719,test,8.726297440000002,True
000723,test,35.368427484375,True
000727,test,22.963462177500002,True
000724,test,28.239851697500004,True
000728,test,19.381999959999998,True
000729,test,18.094924969375,True
000725,test,41.465918109375,True
000721,test,29.698824859374994,True
000722,test,21.037455419375004,True
000730,test,24.9779469375,True
000731,test,77.22909676,True
000734,test,79.844371849375,True
000726,test,20.107597277500002,True
000733,test,74.06817431,True
000736,test,50.945749997499995,True
000735,test,22.624590484375002,True
000732,test,87.695411124375,True
000738,test,63.562920694374995,True
000737,test,72.06095889937501,True
000739,test,102.67704951,False
000740,test,46.19111614937499,True
000742,test,28.724555859375,True
000744,test,74.772124774375,True
000743,test,78.08764243750001,True
000741,test,35.226824969375,True
000745,test,78.908409984375,True
000747,test,15.1763713775,True
000748,test,11.956793997500002,True
000749,test,17.592637040000003,True
000746,test,34.477803144375,True
000750,test,26.77169375,True
000753,test,38.497719359375004,True
000756,test,12.214434789999999,True
000751,test,19.694272024375003,True
000752,test,22.592794477499996,True
000754,test,123.35106459937501,False
000755,test,8.436974984375,True
000757,test,46.31262599,True
000759,test,115.831327044375,False
000760,test,50.394008899375,True
000764,test,742.319179294375,False
000763,test,791.9884108975,False
000758,test,40.504907149375,True
000762,test,1060.330671649375,False
000765,test,544.1103796775,False
000766,test,953.913318359375,False
000761,test,455.0606484375,False
000767,test,722.899871099375,False
000768,test,391.01896684437503,False
000771,test,614.7007545975,False
000770,test,646.079736,False
000769,test,881.9485,False
000772,test,780.939387844375,False
000774,test,635.686390609375,False
000773,test,811.475932794375,False
000776,test,437.75002031,False
000775,test,552.044969,False
000780,test,289.84305047749996,False
000778,test,468.860986,False
000779,test,765.02652391,False
000781,test,1054.37936031,False
000784,test,196.6344705775,False
000785,test,593.0404410693751,False
000777,test,511.3157669375,False
000789,test,230.24111911937496,False
000787,test,531.106673819375,False
000782,test,1115.787721099375,False
000786,test,690.4086854493751,False
000788,test,863.834462109375,False
000792,test,820.4322606975,False
000783,test,734.011225,False
000794,test,1109.356011199375,False
000791,test,369.15385244,False
000793,test,606.7331674374999,False
000790,test,1163.0241018593752,False
000795,test,952.0982590400001,False
000796,test,834.83877775,False
000798,test,704.24547551,False
000797,test,716.586399999375,False
000799,test,947.7213390000001,False
000800,test,708.1335907775,False
000803,test,896.3497368493751,False
000801,test,336.8251937499999,False
000804,test,271.8665109375,False
000807,test,388.74619984,False
000805,test,822.11232911,False
000810,test,569.7147681975,False
000802,test,499.339625484375,False
000809,test,266.732043734375,False
000808,test,596.0571997775,False
000811,test,686.224292749375,False
000817,test,579.763823849375,False
000814,test,95.339699244375,True
000812,test,236.050344294375,False
000806,test,595.7568251975,False
000815,test,775.8296553993749,False
000816,test,271.77029071000004,False
000813,test,130.953806194375,False
000818,test,695.216036174375,False
000819,test,926.2882550774999,False
000820,test,270.549107569375,False
000823,test,449.85024101937506,False
000825,test,409.7733984375,False
000827,test,761.360359749375,False
000821,test,181.16251279,False
000822,test,283.5789792975,False
000826,test,80.50020879937499,True
000824,test,787.924410774375,False
000829,test,237.919714494375,False
000830,test,248.93276493749997,False
000833,test,765.30792599,False
000832,test,350.3683136775,False
000828,test,164.32509631,False
000831,test,709.433123494375,False
000834,test,912.626152734375,False
000836,test,239.326662924375,False
000837,test,856.598439269375,False
000835,test,502.99441996,False
000839,test,530.7243688743749,False
000838,test,1028.8348278975,False
000840,test,78.47634710999999,True
