image_id,split,area,width,height,size_category
000240,train,95,6,26,small
000213,train,314,11,34,small
000213,train,1042,13,127,medium
000261,train,542,15,50,small
000261,train,2556,27,151,medium
000261,train,350,15,47,small
000228,train,117,6,28,small
000268,train,3438,27,200,medium
000250,train,2169,19,200,medium
000236,train,294,11,42,small
000236,train,259,11,37,small
000243,train,193,11,29,small
000243,train,170,7,42,small
000243,train,208,7,37,small
000223,train,308,10,56,small
000223,train,152,12,19,small
000218,train,853,25,54,small
000218,train,312,13,36,small
000208,train,144,8,25,small
000208,train,1596,21,103,medium
000257,train,169,8,28,small
000257,train,123,6,24,small
000203,train,3297,35,182,medium
000264,train,5024,36,187,medium
000264,train,570,16,67,small
000264,train,783,14,77,small
000264,train,280,6,62,small
000232,train,154,10,27,small
000232,train,125,7,41,small
000232,train,175,6,34,small
000217,train,4267,38,200,medium
000271,train,395,11,62,small
000271,train,691,16,81,small
000239,train,191,10,31,small
000227,train,33,5,11,small
000204,train,617,13,93,small
000253,train,199,7,38,small
000253,train,300,7,69,small
000246,train,2761,17,200,medium
000246,train,257,8,45,small
000260,train,421,13,50,small
000260,train,2316,25,122,medium
000260,train,326,12,41,small
000222,train,739,15,95,small
000267,train,1757,30,144,medium
000212,train,1153,24,90,medium
000202,train,1575,23,109,medium
000202,train,300,10,51,small
000202,train,432,11,59,small
000202,train,1234,25,75,medium
000235,train,121,8,29,small
000235,train,64,5,18,small
000235,train,277,11,38,small
000235,train,231,10,35,small
000205,train,3559,38,186,medium
000205,train,673,14,94,small
000249,train,267,11,29,small
000249,train,136,7,24,small
000249,train,459,10,74,small
000242,train,98,6,24,small
000242,train,179,6,43,small
000242,train,223,8,38,small
000231,train,71,4,19,small
000231,train,154,7,41,small
000231,train,172,7,35,small
000256,train,395,12,51,small
000256,train,483,10,90,small
000216,train,5604,41,200,medium
000263,train,636,11,76,small
000226,train,2083,22,150,medium
000207,train,157,13,20,small
000221,train,3309,36,183,medium
000221,train,712,15,97,small
000270,train,2251,28,200,medium
000238,train,51,5,14,small
000238,train,218,8,44,small
000211,train,978,24,65,small
000211,train,569,14,77,small
000252,train,432,8,78,small
000245,train,291,11,38,small
000245,train,207,10,31,small
000220,train,3438,38,185,medium
000259,train,1875,20,120,medium
000266,train,2176,27,200,medium
000230,train,902,14,103,small
000248,train,2379,17,193,medium
000234,train,154,7,42,small
000234,train,181,7,36,small
000234,train,43,5,12,small
000234,train,56,8,11,small
000241,train,128,11,17,small
000241,train,46,6,9,small
000225,train,485,13,60,small
000215,train,5150,42,194,medium
000206,train,473,12,68,small
000206,train,248,9,46,small
000255,train,291,11,49,small
000255,train,414,11,63,small
000247,train,2979,21,200,medium
000210,train,909,12,126,small
000262,train,576,16,70,small
000262,train,742,13,73,small
000262,train,276,7,62,small
000209,train,3005,27,193,medium
000201,train,1757,25,109,medium
000201,train,252,10,36,small
000201,train,460,11,59,small
000201,train,1353,24,75,medium
000237,train,39,4,13,small
000237,train,45,4,15,small
000237,train,49,5,14,small
000251,train,151,5,36,small
000251,train,539,12,64,small
000244,train,185,11,29,small
000244,train,224,8,39,small
000244,train,99,5,24,small
000244,train,224,11,29,small
000229,train,746,13,90,small
000214,train,1155,15,109,medium
000258,train,5268,36,200,medium
000258,train,2051,30,119,medium
000265,train,332,8,62,small
000265,train,4026,33,200,medium
000265,train,231,13,28,small
000254,train,1257,11,166,medium
000219,train,359,11,60,small
000233,train,122,5,38,small
000233,train,163,7,33,small
000224,train,2180,24,134,medium
000269,train,257,10,36,small
000273,train,341,11,45,small
000275,train,628,19,66,small
000275,train,271,12,36,small
000272,train,917,16,101,small
000278,train,2875,25,200,medium
000274,train,1143,17,114,medium
000277,train,3902,29,200,medium
000276,train,653,17,76,small
000276,train,2742,42,164,medium
000276,train,886,15,94,small
000283,train,883,13,119,small
000284,train,213,6,46,small
000284,train,173,12,32,small
000286,train,990,17,129,small
000285,train,1907,21,165,medium
000280,train,1402,17,146,medium
000282,train,892,17,123,small
000279,train,389,9,80,small
000281,train,164,7,31,small
000281,train,309,17,44,small
000287,train,94,7,18,small
000287,train,564,11,69,small
000288,train,1238,14,157,medium
000288,train,93,6,20,small
000292,train,133,7,29,small
000292,train,76,5,20,small
000292,train,368,10,62,small
000292,train,159,9,24,small
000291,train,1686,22,149,medium
000291,train,173,7,29,small
000291,train,293,9,43,small
000289,train,195,8,36,small
000289,train,221,10,36,small
000289,train,317,10,47,small
000293,train,214,9,40,small
000293,train,450,12,57,small
000293,train,152,8,30,small
000290,train,1904,22,165,medium
000298,train,120,7,25,small
000298,train,121,6,25,small
000298,train,448,15,42,small
000298,train,144,6,34,small
000295,train,121,6,24,small
000295,train,837,14,105,small
000295,train,308,7,61,small
000297,train,4018,36,163,medium
000294,train,263,7,45,small
000294,train,93,6,19,small
000294,train,148,5,35,small
000296,train,432,13,53,small
000299,train,338,9,49,small
000504,train,7520,62,200,medium
000300,train,88,7,22,small
000300,train,143,8,25,small
000300,train,90,6,18,small
000502,train,6713,145,151,medium
000502,train,3946,65,91,medium
000502,train,388,27,23,small
000506,train,2787,40,96,medium
000506,train,7543,59,182,medium
000506,train,2743,64,74,medium
000503,train,12413,105,200,large
000507,train,3353,58,77,medium
000507,train,483,32,25,small
000507,train,4744,87,68,medium
000507,train,1238,30,63,medium
000501,train,462,34,18,small
000501,train,9668,170,124,large
000501,train,1187,41,40,medium
000501,train,875,62,35,small
000505,train,4389,81,92,medium
000505,train,7282,79,145,medium
000505,train,4780,72,96,medium
000511,train,293,35,13,small
000511,train,17786,124,200,large
000510,train,27832,197,200,large
000508,train,8942,88,158,medium
000508,train,1069,41,47,medium
000509,train,18373,198,198,large
000509,train,3307,104,46,medium
000512,train,14496,111,200,large
000512,train,797,43,29,small
000512,train,3409,46,126,medium
000515,train,16923,126,200,large
000515,train,8272,61,200,medium
000518,train,1328,33,49,medium
000518,train,11830,90,198,large
000518,train,7406,86,113,medium
000513,train,2104,51,62,medium
000513,train,4122,49,113,medium
000517,train,2420,41,68,medium
000517,train,14029,138,200,large
000517,train,1746,47,60,medium
000517,train,748,31,32,small
000514,train,2168,77,61,medium
000514,train,3125,67,83,medium
000520,train,17032,187,191,large
000519,train,5067,69,104,medium
000521,train,11026,135,200,large
000522,train,13521,131,200,large
000516,train,814,36,31,small
000516,train,2535,53,65,medium
000516,train,313,19,18,small
000516,train,6879,153,96,medium
000516,train,598,30,30,small
000528,train,520,14,48,small
000528,train,13166,141,186,large
000528,train,345,14,35,small
000530,train,15147,125,200,large
000530,train,2389,22,174,medium
000525,train,172,12,17,small
000525,train,4117,65,99,medium
000525,train,100,13,14,small
000529,train,13630,194,200,large
000526,train,2802,59,65,medium
000526,train,2603,48,88,medium
000527,train,6147,173,89,medium
000527,train,5214,78,108,medium
000527,train,1729,59,41,medium
000523,train,6357,78,190,medium
000523,train,6200,64,139,medium
000524,train,8403,68,200,medium
000524,train,11730,113,189,large
000532,train,2839,77,95,medium
000532,train,1052,39,36,medium
000532,train,2659,94,65,medium
000533,train,9774,138,150,large
000537,train,9500,69,196,large
000537,train,8323,78,179,medium
000534,train,2231,63,76,medium
000534,train,152,19,16,small
000534,train,1519,56,52,medium
000534,train,697,45,21,small
000534,train,689,34,30,small
000535,train,9876,88,200,large
000535,train,151,20,14,small
000535,train,1880,65,54,medium
000538,train,2873,68,54,medium
000538,train,3594,77,91,medium
000539,train,4530,57,116,medium
000539,train,781,45,31,small
000536,train,8444,65,200,medium
000536,train,4303,77,110,medium
000540,train,2373,69,61,medium
000542,train,1787,44,52,medium
000542,train,4271,68,115,medium
000542,train,1295,66,37,medium
000544,train,1234,42,39,medium
000544,train,3311,73,61,medium
000541,train,4193,51,135,medium
000547,train,8031,96,183,medium
000547,train,3774,48,144,medium
000546,train,6030,91,147,medium
000546,train,1028,42,33,medium
000546,train,625,33,31,small
000543,train,3618,71,77,medium
000543,train,2897,60,79,medium
000549,train,12160,112,172,large
000549,train,196,20,23,small
000545,train,483,49,14,small
000545,train,94,13,10,small
000545,train,755,38,31,small
000545,train,4392,85,98,medium
000545,train,1257,46,36,medium
000548,train,1909,59,69,medium
000548,train,3741,55,94,medium
000548,train,86,18,10,small
000550,train,1931,42,69,medium
000550,train,858,32,38,small
000550,train,2987,51,99,medium
000550,train,428,24,29,small
000531,train,8847,159,126,medium
000531,train,2617,45,79,medium
000531,train,276,16,24,small
000531,train,1649,57,41,medium
000551,train,3246,58,87,medium
000556,train,4895,78,79,medium
000556,train,3196,47,96,medium
000556,train,154,15,17,small
000553,train,5405,104,88,medium
000554,train,2666,83,48,medium
000554,train,2119,52,59,medium
000552,train,1351,58,40,medium
000552,train,914,37,37,small
000552,train,1224,49,35,medium
000555,train,376,33,19,small
000555,train,650,26,37,small
000555,train,3285,64,70,medium
000561,train,1802,49,68,medium
000561,train,3012,90,62,medium
000557,train,5409,63,167,medium
000557,train,1328,62,28,medium
000560,train,119,23,8,small
000560,train,63,15,9,small
000560,train,102,17,14,small
000560,train,2387,88,70,medium
000560,train,72,14,9,small
000560,train,95,13,12,small
000564,train,4624,60,122,medium
000564,train,2623,47,93,medium
000563,train,5262,117,119,medium
000559,train,471,38,22,small
000559,train,4728,68,130,medium
000558,train,2075,61,68,medium
000558,train,311,21,28,small
000558,train,557,29,25,small
000567,train,5055,86,123,medium
000567,train,7428,63,199,medium
000567,train,978,52,33,small
000565,train,97,20,7,small
000565,train,2691,56,73,medium
000565,train,310,29,17,small
000565,train,103,22,7,small
000562,train,4316,64,113,medium
000562,train,2081,43,67,medium
000566,train,888,39,29,small
000566,train,6034,126,103,medium
000568,train,6034,62,178,medium
000568,train,250,35,15,small
000572,train,3319,54,109,medium
000570,train,1621,57,36,medium
000570,train,3509,51,102,medium
000569,train,3630,42,120,medium
000569,train,3829,50,98,medium
000569,train,380,16,30,small
000569,train,420,27,21,small
000575,train,4081,65,132,medium
000573,train,7351,61,184,medium
000573,train,822,35,34,small
000573,train,1797,55,58,medium
000576,train,4470,60,129,medium
000576,train,2113,46,64,medium
000576,train,1026,34,43,medium
000577,train,1497,45,53,medium
000577,train,3775,68,94,medium
000577,train,1061,41,46,medium
000574,train,560,35,24,small
000574,train,2384,64,61,medium
000579,train,1569,62,48,medium
000579,train,2408,46,83,medium
000579,train,850,32,41,small
000578,train,9352,68,200,large
000571,train,3925,84,73,medium
000571,train,685,30,36,small
000584,train,11380,116,200,large
000583,train,2081,46,66,medium
000583,train,3464,88,89,medium
000585,train,8522,71,200,medium
000585,train,1831,50,45,medium
000582,train,7932,59,200,medium
000582,train,3325,62,85,medium
000586,train,11552,75,200,large
000586,train,1190,30,56,medium
000581,train,1025,37,42,medium
000581,train,6699,53,200,medium
000588,train,8027,74,173,medium
000580,train,7611,58,189,medium
000592,train,873,45,25,small
000592,train,571,23,42,small
000592,train,3827,50,123,medium
000592,train,2159,48,70,medium
000592,train,501,32,23,small
000590,train,9240,66,200,large
000590,train,5117,57,172,medium
000589,train,2284,42,67,medium
000589,train,652,32,37,small
000589,train,3565,77,85,medium
000589,train,3140,40,98,medium
000587,train,10685,70,200,large
000587,train,393,27,20,small
000595,train,8444,80,193,medium
000595,train,4288,57,114,medium
000595,train,1086,33,52,medium
000594,train,8118,70,192,medium
000594,train,6068,75,114,medium
000591,train,7956,62,200,medium
000591,train,2073,46,68,medium
000591,train,2632,81,75,medium
000599,train,7131,81,167,medium
000599,train,5343,76,119,medium
000597,train,3567,64,71,medium
000597,train,7172,86,165,medium
000597,train,3487,58,89,medium
000596,train,3472,64,81,medium
000596,train,3595,68,70,medium
000596,train,3711,67,145,medium
000598,train,1798,56,53,medium
000598,train,2751,68,68,medium
000598,train,461,28,24,small
000601,train,173,3,65,small
000601,train,301,6,75,small
000593,train,6169,67,185,medium
000602,train,235,4,64,small
000602,train,280,7,70,small
000605,train,1927,60,158,medium
000600,train,4639,54,144,medium
000608,train,859,33,148,small
000608,train,317,15,64,small
000608,train,263,11,56,small
000604,train,1703,44,135,medium
000607,train,2162,68,193,medium
000607,train,212,5,55,small
000607,train,94,5,23,small
000607,train,99,4,26,small
000606,train,2185,68,195,medium
000606,train,213,5,57,small
000606,train,98,5,23,small
000603,train,309,6,80,small
000603,train,245,27,32,small
000613,train,60,5,18,small
000613,train,230,11,56,small
000613,train,188,8,35,small
000611,train,840,30,132,small
000611,train,245,14,49,small
000611,train,98,5,24,small
000611,train,209,5,55,small
000611,train,261,11,56,small
000611,train,126,5,30,small
000615,train,76,5,22,small
000615,train,108,4,30,small
000615,train,237,11,55,small
000615,train,216,7,41,small
000615,train,223,5,62,small
000610,train,678,29,118,small
000610,train,159,11,35,small
000610,train,56,3,22,small
000610,train,158,4,50,small
000610,train,207,10,55,small
000610,train,117,3,39,small
000618,train,342,7,84,small
000617,train,88,5,23,small
000617,train,41,4,11,small
000617,train,333,7,83,small
000609,train,121,21,42,small
000609,train,1017,37,168,small
000609,train,434,19,85,small
000609,train,253,11,56,small
000614,train,71,5,18,small
000614,train,92,6,22,small
000614,train,250,11,58,small
000614,train,195,7,41,small
000616,train,109,4,29,small
000616,train,264,6,63,small
000619,train,609,8,151,small
000612,train,179,7,37,small
000612,train,128,4,43,small
000612,train,86,5,22,small
000612,train,318,6,74,small
000623,train,342,9,57,small
000623,train,1368,87,194,medium
000623,train,792,14,118,small
000623,train,88,15,23,small
000622,train,541,12,75,small
000622,train,197,20,30,small
000622,train,670,10,100,small
000621,train,1031,11,140,medium
000621,train,345,36,51,small
000620,train,693,12,92,small
000627,train,860,35,148,small
000627,train,1433,29,128,medium
000627,train,145,20,36,small
000627,train,293,25,58,small
000627,train,153,5,33,small
000627,train,370,17,66,small
000627,train,355,10,51,small
000625,train,1283,61,200,medium
000625,train,1906,26,194,medium
000625,train,87,16,27,small
000625,train,140,20,34,small
000630,train,120,13,26,small
000630,train,360,17,69,small
000630,train,579,10,81,small
000630,train,56,5,18,small
000630,train,886,23,101,small
000630,train,132,6,24,small
000624,train,2017,27,200,medium
000624,train,91,17,26,small
000624,train,170,22,36,small
000626,train,1337,29,127,medium
000626,train,139,21,34,small
000626,train,169,7,33,small
000626,train,320,10,52,small
000629,train,486,10,68,small
000629,train,931,23,104,small
000629,train,105,5,22,small
000629,train,246,7,46,small
000632,train,123,6,24,small
000632,train,723,9,127,small
000631,train,141,8,32,small
000631,train,471,10,72,small
000631,train,532,8,83,small
000628,train,630,11,82,small
000628,train,158,8,25,small
000628,train,76,5,22,small
000636,train,3527,22,200,medium
000637,train,3007,19,200,medium
000639,train,3115,19,200,medium
000635,train,3835,22,200,medium
000641,train,3115,19,200,medium
000633,train,323,8,60,small
000640,train,3154,19,200,medium
000634,train,3185,22,173,medium
000638,train,3077,19,200,medium
000645,train,3051,200,18,medium
000643,train,2393,16,200,medium
000646,train,3049,200,19,medium
000644,train,3194,18,200,medium
000642,train,3014,18,200,medium
000648,train,3357,25,200,medium
000649,train,3530,25,200,medium
000647,train,3185,27,200,medium
000651,train,5743,38,200,medium
000654,train,4263,26,200,medium
000653,train,4135,23,200,medium
000655,train,5834,35,200,medium
000650,train,6478,37,200,medium
000657,train,4335,31,162,medium
000659,train,4215,200,26,medium
000661,train,4445,200,23,medium
000660,train,4116,200,24,medium
000658,train,5247,31,182,medium
000656,train,5792,33,200,medium
000662,train,5469,200,31,medium
000652,train,6337,34,200,medium
000669,train,2163,14,200,medium
000670,train,2578,19,200,medium
000670,train,1238,7,200,medium
000665,train,4306,200,25,medium
000663,train,3352,194,25,medium
000667,train,2337,15,200,medium
000667,train,1743,13,200,medium
000664,train,3856,200,27,medium
000666,train,2482,17,200,medium
000666,train,1942,17,200,medium
000668,train,1443,13,180,medium
000668,train,1376,13,164,medium
000668,train,1013,13,113,small
000668,train,671,9,115,small
000674,train,1051,10,177,medium
000674,train,382,8,69,small
000675,train,999,10,180,small
000672,train,971,8,200,small
000677,train,865,7,200,small
000677,train,778,6,200,small
000676,train,976,9,163,small
000671,train,951,7,200,small
000678,train,731,7,184,small
000678,train,686,6,184,small
000678,train,892,8,170,small
000683,train,268,4,91,small
000683,train,372,6,124,small
000683,train,345,5,69,small
000685,train,1283,12,200,medium
000685,train,817,6,171,small
000679,train,765,6,200,small
000679,train,717,6,200,small
000679,train,858,7,174,small
000684,train,1138,8,181,medium
000682,train,648,6,163,small
000682,train,360,5,120,small
000682,train,450,6,151,small
000682,train,677,5,169,small
000673,train,810,6,200,small
000681,train,806,6,169,small
000681,train,388,5,130,small
000681,train,576,6,165,small
000680,train,1144,9,200,medium
000688,train,848,10,127,small
000688,train,127,5,29,small
000688,train,199,5,49,small
000691,train,2952,19,200,medium
000687,train,1118,11,151,medium
000690,train,2546,16,200,medium
000686,train,1141,10,200,medium
000686,train,771,6,169,small
000693,train,1321,14,162,medium
000693,train,479,6,101,small
000694,train,2747,18,200,medium
000692,train,2722,17,200,medium
000692,train,187,10,28,small
000689,train,383,6,87,small
000696,train,2027,24,160,medium
000698,train,1565,200,17,medium
000695,train,1528,14,200,medium
000903,train,1341,74,26,medium
000903,train,2491,200,26,medium
000700,train,4205,200,25,medium
000699,train,1892,200,15,medium
000901,train,332,46,11,small
000901,train,309,45,12,small
000901,train,497,51,15,small
000902,train,467,54,13,small
000902,train,400,45,13,small
000902,train,315,35,14,small
000902,train,1566,79,26,medium
000697,train,1408,13,200,medium
000697,train,623,7,143,small
000697,train,248,12,42,small
000906,train,1357,97,24,medium
000906,train,1937,186,20,medium
000904,train,601,60,15,small
000904,train,223,32,10,small
000904,train,416,47,12,small
000907,train,251,29,11,small
000907,train,187,29,8,small
000907,train,1385,112,19,medium
000909,train,1398,110,19,medium
000908,train,364,50,10,small
000908,train,1305,129,17,medium
000908,train,1155,73,23,medium
000905,train,2331,129,27,medium
000905,train,2617,189,25,medium
000910,train,539,42,17,small
000910,train,3072,200,36,medium
000911,train,4960,200,37,medium
000911,train,634,46,19,small
000911,train,3599,194,29,medium
000912,train,3048,151,41,medium
000912,train,1063,44,31,medium
000912,train,253,30,12,small
000912,train,1770,141,24,medium
000914,train,464,44,13,small
000914,train,601,48,17,small
000914,train,1555,73,30,medium
000914,train,917,56,19,small
000913,train,284,41,9,small
000913,train,3958,167,49,medium
000916,train,263,31,10,small
000916,train,91,20,6,small
000916,train,224,38,8,small
000916,train,364,48,11,small
000917,train,401,56,10,small
000917,train,516,64,13,small
000921,train,611,55,20,small
000921,train,481,55,14,small
000921,train,1255,80,25,medium
000919,train,2186,144,38,medium
000919,train,2891,187,30,medium
000920,train,9935,200,78,large
000915,train,1799,81,38,medium
000915,train,1597,75,30,medium
000915,train,180,19,12,small
000915,train,2009,143,28,medium
000915,train,170,25,9,small
000918,train,375,30,17,small
000918,train,1091,77,24,medium
000918,train,1048,79,19,medium
000922,train,3307,200,25,medium
000923,train,3389,200,27,medium
000928,train,2450,124,30,medium
000928,train,531,34,23,small
000928,train,6568,200,53,medium
000926,train,487,56,14,small
000926,train,10273,200,65,large
000924,train,1301,102,19,medium
000930,train,1603,154,21,medium
000930,train,385,50,11,small
000927,train,4923,200,41,medium
000927,train,470,49,14,small
000927,train,8630,200,49,medium
000931,train,302,32,12,small
000931,train,2374,87,41,medium
000931,train,1476,102,28,medium
000925,train,4619,200,34,medium
000925,train,423,48,12,small
000925,train,655,48,19,small
000925,train,331,47,10,small
000936,train,1804,115,30,medium
000936,train,671,57,17,small
000936,train,1568,155,18,medium
000934,train,1026,90,21,medium
000934,train,304,41,12,small
000934,train,194,27,9,small
000934,train,1038,79,22,medium
000933,train,154,23,9,small
000933,train,1053,76,23,medium
000929,train,545,53,13,small
000929,train,817,72,17,small
000929,train,1498,95,22,medium
000929,train,333,36,14,small
000935,train,210,28,9,small
000935,train,526,58,14,small
000935,train,336,39,13,small
000935,train,338,37,12,small
000932,train,397,67,12,small
000937,train,1420,105,30,medium
000937,train,670,68,16,small
000937,train,1836,102,27,medium
000937,train,332,34,14,small
000937,train,172,21,12,small
000944,train,802,73,23,small
000944,train,566,41,19,small
000944,train,364,45,10,small
000940,train,1636,99,27,medium
000940,train,1603,122,20,medium
000941,train,2183,134,36,medium
000939,train,1803,105,29,medium
000939,train,542,59,15,small
000939,train,196,20,13,small
000943,train,555,44,18,small
000943,train,759,67,17,small
000938,train,1248,93,26,medium
000938,train,708,62,17,small
000938,train,1734,102,27,medium
000938,train,358,39,15,small
000942,train,1960,127,32,medium
000942,train,287,23,17,small
000945,train,2182,169,30,medium
000945,train,290,39,9,small
000951,train,1045,68,25,medium
000951,train,979,87,25,small
000951,train,1238,66,28,medium
000948,train,611,66,15,small
000947,train,679,67,17,small
000953,train,309,59,11,small
000953,train,260,47,9,small
000946,train,2115,170,29,medium
000946,train,303,37,11,small
000949,train,878,73,21,small
000949,train,709,69,18,small
000950,train,230,47,9,small
000950,train,681,62,18,small
000950,train,226,38,9,small
000952,train,255,51,9,small
000952,train,722,69,16,small
000952,train,204,31,11,small
000954,train,983,98,18,small
000954,train,272,55,10,small
000956,train,2205,172,26,medium
000955,train,2210,171,29,medium
000955,train,273,46,8,small
000959,train,440,60,11,small
000959,train,150,35,5,small
000959,train,172,30,9,small
000958,train,172,45,7,small
000958,train,151,30,8,small
000964,train,135,18,12,small
000964,train,428,67,12,small
000964,train,1521,121,20,medium
000964,train,773,86,20,small
000957,train,766,44,35,small
000957,train,233,29,11,small
000957,train,160,41,6,small
000957,train,131,26,7,small
000963,train,397,57,11,small
000963,train,1580,116,22,medium
000961,train,139,21,9,small
000961,train,1310,67,31,medium
000960,train,353,55,12,small
000962,train,529,63,13,small
000965,train,122,17,10,small
000965,train,268,34,11,small
000965,train,648,46,22,small
000965,train,2100,169,23,medium
000966,train,143,20,10,small
000966,train,287,39,11,small
000966,train,3074,200,28,medium
000966,train,282,41,10,small
000968,train,532,65,13,small
000968,train,674,48,23,small
000968,train,104,15,10,small
000967,train,2274,126,27,medium
000967,train,314,43,10,small
000969,train,1289,123,21,medium
000969,train,1331,119,27,medium
000974,train,254,45,9,small
000974,train,1064,116,20,medium
000974,train,348,42,11,small
000974,train,206,40,9,small
000974,train,117,22,7,small
000970,train,2141,107,34,medium
000970,train,1088,65,26,medium
000970,train,818,47,24,small
000970,train,227,49,9,small
000972,train,929,92,15,small
000972,train,262,39,10,small
000973,train,765,86,17,small
000973,train,1236,158,19,medium
000973,train,396,47,11,small
000971,train,871,91,16,small
000971,train,249,40,11,small
000971,train,3299,194,37,medium
000971,train,226,30,9,small
000977,train,491,69,12,small
000977,train,566,65,13,small
000977,train,349,44,10,small
000977,train,172,36,7,small
000977,train,119,24,8,small
000980,train,157,39,5,small
000980,train,455,70,10,small
000979,train,217,42,13,small
000981,train,231,42,8,small
000981,train,222,43,13,small
000978,train,218,47,8,small
000978,train,241,44,14,small
000976,train,444,67,11,small
000976,train,654,73,16,small
000976,train,380,45,10,small
000983,train,231,51,7,small
000983,train,394,65,13,small
000983,train,648,82,13,small
000983,train,181,32,8,small
000975,train,473,67,11,small
000975,train,601,75,14,small
000975,train,329,42,9,small
000975,train,222,38,9,small
000986,train,996,81,21,small
000990,train,191,20,13,small
000990,train,319,35,10,small
000990,train,132,16,10,small
000990,train,448,44,13,small
000990,train,2756,199,25,medium
000987,train,770,95,13,small
000987,train,109,24,6,small
000989,train,9560,200,65,large
000984,train,176,29,10,small
000984,train,109,29,5,small
000984,train,430,66,14,small
000984,train,659,80,13,small
000984,train,752,84,15,small
000988,train,10022,200,67,large
000982,train,170,28,11,small
000982,train,242,49,7,small
000982,train,827,108,14,small
000985,train,163,28,10,small
000985,train,103,28,6,small
000985,train,690,91,14,small
000985,train,106,23,6,small
000991,train,538,45,15,small
000991,train,600,50,14,small
000991,train,3184,200,29,medium
000999,train,1833,185,19,medium
000999,train,691,65,15,small
000999,train,1453,71,31,medium
000996,train,1540,160,16,medium
000996,train,3337,172,29,medium
000997,train,233,50,8,small
000997,train,418,65,13,small
000998,train,788,69,17,small
000998,train,1447,75,26,medium
000992,train,199,25,11,small
000992,train,611,48,16,small
000992,train,3234,200,27,medium
000994,train,577,77,14,small
000994,train,536,55,13,small
000994,train,3726,200,30,medium
000993,train,1306,129,19,medium
000993,train,354,32,13,small
000993,train,4182,200,31,medium
000995,train,408,39,16,small
000995,train,3840,108,68,medium
000995,train,793,54,24,small
000995,train,250,34,9,small
000995,train,201,40,7,small
000995,train,845,75,23,small
000995,train,450,56,13,small
001000,train,370,39,15,small
001000,train,1768,108,24,medium
001004,train,152,25,8,small
001004,train,1814,117,27,medium
001004,train,622,79,14,small
001003,train,489,68,14,small
001003,train,1223,75,26,medium
001003,train,687,77,17,small
001003,train,1792,102,30,medium
001003,train,520,64,10,small
001001,train,816,98,17,small
001001,train,469,46,21,small
001001,train,563,64,16,small
001001,train,1625,107,26,medium
001001,train,271,35,11,small
001006,train,1999,150,27,medium
001006,train,648,71,14,small
001006,train,310,32,14,small
001006,train,482,71,9,small
001007,train,259,34,10,small
001007,train,221,36,8,small
001007,train,2031,139,29,medium
001005,train,174,25,9,small
001005,train,1871,119,28,medium
001005,train,586,83,14,small
001005,train,1141,72,23,medium
001005,train,563,71,11,small
001009,train,2111,146,28,medium
001009,train,706,73,17,small
001009,train,495,57,13,small
001009,train,575,72,12,small
001011,train,3127,159,35,medium
001002,train,1418,136,21,medium
001012,train,904,92,16,small
001012,train,170,42,6,small
001012,train,50,15,5,small
001012,train,41,11,4,small
001012,train,235,40,11,small
001012,train,3375,194,36,medium
001012,train,250,30,10,small
001010,train,140,19,10,small
001010,train,499,53,17,small
001010,train,194,33,8,small
001010,train,488,49,17,small
001010,train,1474,91,27,medium
001010,train,443,59,12,small
001008,train,655,73,16,small
001008,train,477,59,12,small
001008,train,514,76,10,small
001008,train,169,31,9,small
001019,train,426,37,14,small
001019,train,111,19,9,small
001019,train,1340,108,24,medium
001013,train,809,73,18,small
001013,train,178,45,5,small
001013,train,42,14,4,small
001013,train,39,12,4,small
001013,train,409,57,11,small
001014,train,164,41,5,small
001014,train,471,70,10,small
001014,train,441,49,13,small
001014,train,342,43,10,small
001014,train,293,53,9,small
001015,train,329,51,9,small
001015,train,207,33,9,small
001015,train,99,20,7,small
001017,train,167,23,12,small
001017,train,1475,93,28,medium
001018,train,217,27,13,small
001018,train,1426,105,25,medium
001016,train,187,37,6,small
001016,train,156,31,8,small
001021,train,597,46,16,small
001021,train,4266,200,45,medium
001026,train,168,31,9,small
001025,train,1512,140,22,medium
001024,train,3179,112,49,medium
001024,train,864,82,18,small
001027,train,176,29,10,small
001022,train,1742,173,16,medium
001020,train,601,77,12,small
001020,train,355,42,10,small
001020,train,301,52,11,small
001020,train,153,26,8,small
001023,train,3911,177,48,medium
001023,train,6015,200,48,medium
001028,train,55,12,6,small
001028,train,200,38,7,small
001034,train,103,19,7,small
001034,train,361,48,14,small
001034,train,102,20,8,small
001034,train,109,20,7,small
001035,train,228,31,10,small
001035,train,799,70,19,small
001035,train,419,52,11,small
001033,train,88,18,6,small
001033,train,332,49,13,small
001033,train,111,19,9,small
001033,train,107,21,7,small
001030,train,55,12,6,small
001030,train,200,38,7,small
001030,train,67,15,5,small
001030,train,257,38,11,small
001030,train,103,16,8,small
001032,train,130,33,8,small
001032,train,69,13,8,small
001031,train,54,15,4,small
001031,train,235,32,10,small
001031,train,144,23,9,small
001031,train,101,16,8,small
001029,train,51,12,6,small
001029,train,202,39,8,small
001029,train,86,19,5,small
001029,train,256,36,10,small
001036,train,227,27,12,small
001036,train,862,74,19,small
001036,train,401,47,14,small
001036,train,474,54,12,small
001038,train,208,27,10,small
001038,train,845,72,18,small
001038,train,450,52,14,small
001037,train,205,26,11,small
001037,train,837,74,19,small
001037,train,464,51,15,small
001037,train,452,54,11,small
001041,train,179,40,6,small
001041,train,114,23,7,small
001041,train,3075,132,37,medium
001041,train,217,38,8,small
001041,train,771,105,14,small
001041,train,408,49,14,small
001041,train,340,50,13,small
001039,train,130,26,8,small
001039,train,432,51,14,small
001042,train,176,40,7,small
001042,train,119,24,6,small
001042,train,5081,183,56,medium
001042,train,208,38,8,small
001042,train,110,28,6,small
001046,train,567,54,15,small
001046,train,1262,135,22,medium
001046,train,169,23,9,small
001045,train,852,82,19,small
001045,train,960,91,16,small
001047,train,254,33,11,small
001047,train,104,18,8,small
001047,train,579,68,15,small
001043,train,7129,200,59,medium
001040,train,225,38,7,small
001040,train,788,104,15,small
001040,train,449,52,14,small
001040,train,368,53,15,small
001048,train,631,75,14,small
001044,train,2955,140,32,medium
001044,train,858,83,17,small
001049,train,3427,199,29,medium
001049,train,405,44,13,small
001049,train,218,41,8,small
001055,train,5825,198,51,medium
001055,train,852,78,13,small
001054,train,5972,199,49,medium
001054,train,493,65,12,small
001054,train,198,24,11,small
001056,train,190,37,7,small
001056,train,147,24,8,small
001056,train,900,82,20,small
001056,train,997,80,19,small
001051,train,7035,200,71,medium
001051,train,413,48,12,small
001050,train,1892,123,25,medium
001050,train,1131,147,14,medium
001052,train,206,42,8,small
001052,train,117,23,6,small
001052,train,2641,126,36,medium
001052,train,117,29,6,small
001052,train,198,37,6,small
001052,train,806,101,16,small
001052,train,408,45,15,small
001052,train,340,50,12,small
001053,train,137,33,6,small
001053,train,139,25,7,small
001053,train,2748,126,38,medium
001053,train,120,27,7,small
001053,train,209,38,8,small
001053,train,772,99,12,small
001053,train,396,47,13,small
001053,train,318,49,9,small
001059,train,713,100,13,small
001062,train,165,32,8,small
001062,train,853,124,11,small
001058,train,196,41,6,small
001058,train,121,23,6,small
001058,train,4171,200,42,medium
001057,train,410,45,11,small
001057,train,1061,116,20,medium
001057,train,979,90,19,small
001061,train,1708,112,24,medium
001061,train,177,33,8,small
001060,train,2613,187,37,medium
001064,train,217,31,15,small
001064,train,377,50,10,small
001063,train,94,18,7,small
001063,train,782,121,12,small
001068,train,403,52,10,small
001068,train,293,39,12,small
001066,train,207,28,10,small
001066,train,821,74,19,small
001066,train,366,51,12,small
001066,train,466,55,12,small
001070,train,773,101,12,small
001065,train,172,21,12,small
001065,train,104,24,5,small
001065,train,431,43,16,small
001065,train,412,54,10,small
001072,train,2025,200,22,medium
001072,train,615,64,16,small
001067,train,763,104,11,small
001069,train,122,24,7,small
001069,train,138,25,7,small
001073,train,2026,106,35,medium
001074,train,3335,184,27,medium
001075,train,3016,177,28,medium
001077,train,966,127,13,small
001071,train,1583,200,15,medium
001071,train,424,57,11,small
001071,train,130,22,7,small
001078,train,905,127,13,small
001079,train,551,61,14,small
001079,train,129,30,7,small
001079,train,136,30,7,small
001080,train,3593,186,28,medium
001080,train,2643,153,29,medium
001080,train,125,31,6,small
001076,train,438,65,10,small
001076,train,1208,78,23,medium
001081,train,2567,160,26,medium
001081,train,132,33,5,small
001081,train,2360,141,22,medium
001084,train,296,46,11,small
001084,train,619,80,14,small
001083,train,1514,105,21,medium
001083,train,199,28,10,small
001083,train,895,96,17,small
001085,train,975,84,18,small
001087,train,4957,175,40,medium
001086,train,297,31,11,small
001086,train,1125,138,13,medium
001089,train,4173,200,39,medium
001082,train,506,56,13,small
001082,train,1591,108,23,medium
001082,train,661,61,17,small
001082,train,394,57,8,small
001088,train,5456,200,42,medium
001088,train,218,40,7,small
001088,train,212,44,8,small
001088,train,270,46,10,small
001091,train,1353,75,24,medium
001091,train,1757,109,25,medium
001091,train,252,36,10,small
001091,train,460,59,11,small
001090,train,4620,200,38,medium
001097,train,157,20,13,small
001095,train,3559,186,38,medium
001095,train,673,94,14,small
001092,train,1234,75,25,medium
001092,train,1575,109,23,medium
001092,train,300,51,10,small
001092,train,432,59,11,small
001093,train,3297,182,35,medium
001098,train,144,25,8,small
001098,train,1596,103,21,medium
001096,train,473,68,12,small
001096,train,248,46,9,small
001094,train,617,93,13,small
001099,train,3005,193,27,medium
001106,train,5604,200,41,medium
001103,train,314,34,11,small
001103,train,1042,127,13,medium
001101,train,569,77,14,small
001101,train,978,65,24,small
001105,train,5150,194,42,medium
001107,train,4267,200,38,medium
001102,train,1153,90,24,medium
001104,train,1155,109,15,medium
001100,train,909,126,12,small
001108,train,312,36,13,small
001108,train,853,54,25,small
001112,train,739,95,15,small
001115,train,485,60,13,small
001110,train,3438,185,38,medium
001114,train,2180,134,24,medium
001109,train,359,60,11,small
001111,train,3309,183,36,medium
001111,train,712,97,15,small
001116,train,2083,150,22,medium
001113,train,152,19,12,small
001113,train,308,56,10,small
001118,train,117,28,6,small
001121,train,154,41,7,small
001121,train,172,35,7,small
001121,train,71,19,4,small
001117,train,33,11,5,small
001120,train,902,103,14,small
001124,train,154,42,7,small
001124,train,56,11,8,small
001124,train,181,36,7,small
001124,train,43,12,5,small
001128,train,218,44,8,small
001128,train,51,14,5,small
001125,train,231,35,10,small
001125,train,64,18,5,small
001125,train,277,38,11,small
001125,train,121,29,8,small
001119,train,746,90,13,small
001123,train,122,38,5,small
001123,train,163,33,7,small
001126,train,259,37,11,small
001126,train,294,42,11,small
001122,train,154,27,10,small
001122,train,125,41,7,small
001122,train,175,34,6,small
001127,train,49,14,5,small
001127,train,45,15,4,small
001127,train,39,13,4,small
001133,train,193,29,11,small
001133,train,170,42,7,small
001133,train,208,37,7,small
001129,train,191,31,10,small
001130,train,95,26,6,small
001131,train,128,17,11,small
001131,train,46,9,6,small
001135,train,207,31,10,small
001135,train,291,38,11,small
001134,train,185,29,11,small
001134,train,99,24,5,small
001134,train,224,29,11,small
001134,train,224,39,8,small
001132,train,179,43,6,small
001132,train,223,38,8,small
001132,train,98,24,6,small
001136,train,2761,200,17,medium
001136,train,257,45,8,small
001138,train,2379,193,17,medium
001140,train,2169,200,19,medium
001139,train,267,29,11,small
001139,train,136,24,7,small
001139,train,459,74,10,small
001142,train,432,78,8,small
001141,train,539,64,12,small
001141,train,151,36,5,small
001143,train,199,38,7,small
001143,train,300,69,7,small
001137,train,2979,200,21,medium
001144,train,1257,166,11,medium
001148,train,5268,200,36,medium
001148,train,2051,119,30,medium
001150,train,326,41,12,small
001150,train,2316,122,25,medium
001150,train,421,50,13,small
001151,train,350,47,15,small
001151,train,2556,151,27,medium
001151,train,542,50,15,small
001145,train,291,49,11,small
001145,train,414,63,11,small
001146,train,483,90,10,small
001146,train,395,51,12,small
001147,train,169,28,8,small
001147,train,123,24,6,small
001149,train,1875,120,20,medium
001154,train,5024,187,36,medium
001154,train,570,67,16,small
001154,train,280,62,6,small
001154,train,783,77,14,small
001153,train,636,76,11,small
001152,train,576,70,16,small
001152,train,276,62,7,small
001152,train,742,73,13,small
001155,train,4026,200,33,medium
001155,train,231,28,13,small
001155,train,332,62,8,small
001157,train,1757,144,30,medium
001158,train,3438,200,27,medium
001160,train,2251,200,28,medium
001159,train,257,36,10,small
001156,train,2176,200,27,medium
001162,train,917,101,16,small
001161,train,691,81,16,small
001161,train,395,62,11,small
001165,train,628,66,19,small
001165,train,271,36,12,small
001163,train,341,45,11,small
001170,train,1402,146,17,medium
001164,train,1143,114,17,medium
001166,train,2742,164,42,medium
001166,train,653,76,17,small
001166,train,886,94,15,small
001167,train,3902,200,29,medium
001169,train,389,80,9,small
001173,train,883,119,13,small
001171,train,164,31,7,small
001171,train,309,44,17,small
001175,train,1907,165,21,medium
001172,train,892,123,17,small
001168,train,2875,200,25,medium
001174,train,173,32,12,small
001174,train,213,46,6,small
001177,train,564,69,11,small
001177,train,94,18,7,small
001182,train,368,62,10,small
001182,train,159,24,9,small
001182,train,133,29,7,small
001182,train,76,20,5,small
001180,train,1904,165,22,medium
001183,train,450,57,12,small
001183,train,152,30,8,small
001183,train,214,40,9,small
001176,train,990,129,17,small
001179,train,221,36,10,small
001179,train,195,36,8,small
001179,train,317,47,10,small
001181,train,1686,149,22,medium
001181,train,293,43,9,small
001181,train,173,29,7,small
001178,train,93,20,6,small
001178,train,1238,157,14,medium
001190,train,143,25,8,small
001190,train,88,22,7,small
001190,train,90,18,6,small
001184,train,93,19,6,small
001184,train,148,35,5,small
001184,train,263,45,7,small
001186,train,432,53,13,small
001191,train,3252,122,39,medium
001191,train,3212,81,50,medium
001185,train,308,61,7,small
001185,train,121,24,6,small
001185,train,837,105,14,small
001188,train,448,42,15,small
001188,train,144,34,6,small
001188,train,120,25,7,small
001188,train,121,25,6,small
001187,train,4018,163,36,medium
001193,train,6466,184,57,medium
001192,train,2273,64,49,medium
001192,train,2665,58,72,medium
001192,train,1209,48,33,medium
001189,train,338,49,9,small
001194,train,2834,77,79,medium
001195,train,6509,200,50,medium
001200,train,7762,193,66,medium
001201,train,15160,200,151,large
001197,train,6450,128,71,medium
001197,train,2751,66,57,medium
001197,train,2011,70,43,medium
001196,train,1703,51,53,medium
001196,train,6790,200,54,medium
001198,train,1879,51,53,medium
001198,train,8695,200,73,medium
001199,train,17137,200,173,large
001203,train,9489,200,85,large
001202,train,8245,200,76,medium
001202,train,1686,53,44,medium
001207,train,1571,39,59,medium
001207,train,96,10,12,small
001207,train,199,27,16,small
001207,train,8004,169,95,medium
001208,train,2889,53,80,medium
001208,train,1749,54,50,medium
001208,train,6262,109,84,medium
001210,train,9746,153,102,large
001206,train,13950,139,191,large
001206,train,1019,38,40,small
001206,train,112,11,13,small
001206,train,1583,64,40,medium
001205,train,4830,125,77,medium
001205,train,888,45,51,small
001205,train,94,15,15,small
001205,train,2102,38,80,medium
001204,train,998,38,42,small
001204,train,1583,59,40,medium
001204,train,4030,168,38,medium
001209,train,5513,94,75,medium
001209,train,2892,78,57,medium
001211,train,5578,119,79,medium
001212,train,7667,110,130,medium
001218,train,1394,44,55,medium
001218,train,101,13,20,small
001218,train,188,16,27,small
001218,train,233,22,21,small
001218,train,8195,200,68,medium
001213,train,3527,86,58,medium
001215,train,1031,48,39,medium
001215,train,2943,93,50,medium
001215,train,1429,57,41,medium
001216,train,8053,195,53,medium
001216,train,1214,34,51,medium
001216,train,336,19,33,small
001214,train,875,44,29,small
001214,train,1416,58,40,medium
001219,train,1168,41,36,medium
001222,train,5104,116,77,medium
001222,train,1192,60,27,medium
001220,train,2239,53,66,medium
001220,train,310,22,26,small
001220,train,1764,74,36,medium
001217,train,1339,40,55,medium
001217,train,67,10,17,small
001217,train,182,15,26,small
001217,train,82,15,10,small
001221,train,622,34,35,small
001221,train,2207,70,46,medium
001221,train,508,30,31,small
001224,train,2216,54,66,medium
001224,train,90,11,13,small
001224,train,268,20,24,small
001223,train,5432,160,69,medium
001227,train,8954,106,169,medium
001227,train,1481,58,35,medium
001226,train,904,49,26,small
001226,train,6926,197,69,medium
001225,train,744,47,28,small
001225,train,1038,38,35,medium
001225,train,3829,146,43,medium
001229,train,5204,128,59,medium
001229,train,1831,51,46,medium
001229,train,1739,57,42,medium
001228,train,2808,82,51,medium
001228,train,425,20,31,small
001230,train,1470,55,34,medium
001230,train,1582,57,37,medium
001230,train,241,9,38,small
001232,train,6514,179,100,medium
001233,train,2882,80,61,medium
001233,train,4054,97,70,medium
001233,train,1493,52,37,medium
001235,train,4880,134,65,medium
001235,train,1076,43,37,medium
001231,train,813,36,38,small
001231,train,2947,81,64,medium
001237,train,1247,41,46,medium
001237,train,2758,120,39,medium
001237,train,91,12,10,small
001238,train,1102,41,39,medium
001238,train,1303,57,41,medium
001238,train,1664,62,41,medium
001238,train,2160,96,34,medium
001240,train,6690,200,63,medium
001240,train,1063,42,33,medium
001234,train,3401,103,57,medium
001241,train,1939,67,44,medium
001241,train,94,13,13,small
001236,train,1341,57,34,medium
001236,train,380,23,22,small
001236,train,861,29,53,small
001236,train,478,29,26,small
001236,train,110,10,21,small
001239,train,2154,58,52,medium
001239,train,2878,118,40,medium
001242,train,1203,65,26,medium
001246,train,2275,74,62,medium
001246,train,899,45,28,small
001247,train,532,30,25,small
001247,train,1780,77,35,medium
001247,train,2441,74,67,medium
001244,train,1068,35,60,medium
001243,train,1555,60,42,medium
001245,train,4266,77,81,medium
001253,train,906,44,39,small
001253,train,1098,38,59,medium
001253,train,354,23,20,small
001253,train,650,29,29,small
001248,train,1099,41,39,medium
001248,train,530,30,26,small
001248,train,1741,78,33,medium
001252,train,1570,61,40,medium
001252,train,976,38,38,small
001249,train,1804,49,48,medium
001249,train,1875,53,48,medium
001251,train,5082,113,79,medium
001251,train,1480,58,48,medium
001251,train,1504,49,35,medium
001256,train,3956,117,49,medium
001255,train,2410,86,54,medium
001255,train,2128,69,46,medium
001254,train,3597,140,67,medium
001254,train,236,18,27,small
001254,train,1749,83,37,medium
001250,train,6467,128,95,medium
001257,train,531,28,28,small
001257,train,2004,45,56,medium
001257,train,810,38,33,small
001259,train,864,36,32,small
001259,train,4349,93,82,medium
001259,train,1205,42,40,medium
001258,train,1247,56,39,medium
001258,train,3751,152,45,medium
001264,train,6447,188,56,medium
001264,train,2239,65,59,medium
001260,train,3894,153,47,medium
001265,train,3205,80,51,medium
001265,train,1506,55,44,medium
001261,train,1362,66,41,medium
001261,train,958,48,33,small
001261,train,877,40,32,small
001261,train,2893,92,49,medium
001261,train,1047,38,39,medium
001267,train,2740,72,89,medium
001267,train,2541,60,86,medium
001267,train,3216,57,81,medium
001263,train,3713,139,47,medium
001263,train,708,45,24,small
001266,train,7240,121,107,medium
001272,train,3433,85,66,medium
001272,train,1512,62,44,medium
001272,train,288,13,34,small
001272,train,382,14,39,small
001272,train,4368,124,49,medium
001272,train,1047,66,18,medium
001269,train,5899,107,167,medium
001269,train,3729,89,89,medium
001269,train,295,31,14,small
001262,train,3433,93,67,medium
001270,train,2279,77,45,medium
001270,train,9857,193,140,large
001274,train,1401,53,34,medium
001275,train,848,61,20,small
001275,train,3831,100,84,medium
001268,train,6686,106,174,medium
001268,train,3016,62,87,medium
001276,train,5244,113,69,medium
001271,train,3695,122,48,medium
001271,train,1994,74,41,medium
001271,train,907,23,53,small
001271,train,841,72,17,small
001273,train,2332,81,32,medium
001273,train,3122,92,42,medium
001273,train,2040,77,42,medium
001273,train,2016,64,47,medium
001273,train,4879,131,75,medium
001277,train,5405,143,59,medium
001281,train,2365,55,54,medium
001281,train,3176,106,44,medium
001281,train,3188,93,49,medium
001282,train,1073,42,33,medium
001282,train,3198,78,71,medium
001284,train,1713,63,49,medium
001284,train,1668,70,38,medium
001284,train,576,33,26,small
001284,train,2150,101,41,medium
001280,train,4125,112,56,medium
001280,train,2030,61,41,medium
001280,train,677,49,17,small
001286,train,1768,69,40,medium
001285,train,3140,107,45,medium
001285,train,2352,54,54,medium
001285,train,3019,91,47,medium
001278,train,11356,129,161,large
001279,train,7020,200,55,medium
001279,train,2361,55,79,medium
001279,train,2031,64,44,medium
001283,train,4843,150,58,medium
001287,train,3559,112,56,medium
001287,train,312,15,29,small
001288,train,1952,58,44,medium
001288,train,12936,123,172,large
001291,train,6671,178,61,medium
001291,train,1791,52,45,medium
001294,train,2082,91,55,medium
001294,train,1748,70,44,medium
001294,train,1942,59,41,medium
001294,train,6015,117,92,medium
001290,train,4837,96,76,medium
001290,train,999,48,36,small
001293,train,1181,36,43,medium
001293,train,4641,95,78,medium
001289,train,651,35,26,small
001289,train,4654,143,58,medium
001295,train,2403,91,51,medium
001295,train,1135,54,34,medium
001295,train,5848,109,74,medium
001292,train,7048,171,72,medium
001292,train,1926,61,39,medium
001292,train,1099,37,42,medium
001297,train,3849,78,71,medium
001297,train,1842,48,57,medium
001303,train,1567,48,44,medium
001303,train,9927,176,89,large
001300,train,14538,200,149,large
001300,train,2213,72,46,medium
001300,train,408,29,22,small
001304,train,4815,139,94,medium
001304,train,10386,183,100,large
001298,train,12889,191,109,large
001298,train,3350,70,84,medium
001301,train,6991,197,63,medium
001302,train,9711,184,90,large
001299,train,6801,113,99,medium
001299,train,1040,44,35,medium
001299,train,8936,200,88,medium
001296,train,7691,137,76,medium
001296,train,726,31,29,small
001296,train,6751,196,68,medium
001311,train,4276,80,78,medium
001312,train,7645,178,77,medium
001312,train,3413,116,40,medium
001305,train,4630,112,113,medium
001305,train,763,36,34,small
001309,train,639,28,34,small
001309,train,1393,70,28,medium
001310,train,5074,107,78,medium
001310,train,4380,169,42,medium
001308,train,275,20,19,small
001308,train,2622,109,42,medium
001308,train,5698,145,54,medium
001308,train,229,12,25,small
001306,train,5624,143,57,medium
001316,train,8432,200,56,medium
001307,train,20421,200,193,large
001307,train,867,26,45,small
001314,train,2342,75,43,medium
001314,train,7242,140,67,medium
001317,train,10954,147,162,large
001315,train,242,24,14,small
001315,train,2014,69,41,medium
001313,train,1156,26,64,medium
001313,train,3527,94,76,medium
001319,train,1471,42,56,medium
001319,train,4726,120,72,medium
001319,train,800,46,29,small
001318,train,4991,93,74,medium
001318,train,6503,102,91,medium
001318,train,502,22,34,small
001323,train,9806,200,94,large
001322,train,9984,200,92,large
001322,train,2574,73,60,medium
001322,train,3907,94,61,medium
001322,train,2468,78,48,medium
001320,train,7320,181,48,medium
001320,train,1653,44,59,medium
001320,train,1516,45,58,medium
001320,train,2779,54,68,medium
001320,train,2393,77,47,medium
001324,train,10626,135,152,large
001321,train,3730,93,64,medium
001321,train,2298,72,46,medium
001321,train,337,22,23,small
001321,train,168,16,15,small
001326,train,1383,47,33,medium
001326,train,7237,200,72,medium
001325,train,7122,200,81,medium
001325,train,8631,200,69,medium
001327,train,2318,97,38,medium
001327,train,2068,86,37,medium
001327,train,7215,200,68,medium
001332,train,1771,44,52,medium
001332,train,6674,111,95,medium
001332,train,1070,41,32,medium
001332,train,2972,74,57,medium
001332,train,721,41,29,small
001333,train,4860,110,103,medium
001330,train,7558,200,61,medium
001330,train,6275,154,68,medium
001330,train,1477,39,50,medium
001331,train,7865,200,54,medium
001331,train,12661,195,125,large
001328,train,9124,189,79,medium
001328,train,2475,103,46,medium
001329,train,5264,144,61,medium
001329,train,1405,53,35,medium
001329,train,10510,191,93,large
001334,train,568,30,23,small
001334,train,2377,64,52,medium
001334,train,1100,49,33,medium
001339,train,1214,41,41,medium
001339,train,1677,58,49,medium
001339,train,196,13,26,small
001337,train,13509,194,109,large
001337,train,2838,109,40,medium
001335,train,6438,102,132,medium
001335,train,549,32,30,small
001335,train,2084,64,41,medium
001335,train,1800,79,48,medium
001335,train,5497,183,65,medium
001342,train,204,13,20,small
001342,train,3500,91,77,medium
001341,train,4584,79,87,medium
001340,train,1911,65,48,medium
001338,train,12133,200,102,large
001338,train,12104,200,86,large
001336,train,1820,80,34,medium
001336,train,761,29,31,small
001343,train,1481,46,43,medium
001343,train,271,15,26,small
001350,train,6038,109,87,medium
001347,train,13363,134,166,large
001346,train,5820,152,77,medium
001346,train,1383,62,34,medium
001346,train,774,47,28,small
001344,train,7386,131,88,medium
001349,train,6610,165,72,medium
001349,train,5675,149,75,medium
001345,train,733,58,16,small
001345,train,7001,136,77,medium
001345,train,670,42,20,small
001348,train,166,12,18,small
001348,train,200,25,14,small
001348,train,1682,66,40,medium
001348,train,3027,104,41,medium
001348,train,105,15,10,small
001352,train,2375,88,90,medium
001352,train,567,35,38,small
001352,train,3843,119,52,medium
001352,train,808,24,47,small
001352,train,455,32,24,small
001351,train,469,22,30,small
001351,train,6332,98,104,medium
001351,train,3290,81,80,medium
001351,train,1830,44,65,medium
001356,train,155,14,16,small
001356,train,10765,187,81,large
001359,train,1926,60,48,medium
001359,train,8483,108,114,medium
001359,train,197,20,18,small
001354,train,9576,200,68,large
001354,train,8847,200,75,medium
001357,train,10715,135,152,large
001357,train,262,15,27,small
001355,train,9892,200,91,large
001355,train,9609,189,120,large
001360,train,8859,200,85,medium
001353,train,4328,118,69,medium
001358,train,7091,134,84,medium
001361,train,1133,67,23,medium
001361,train,2909,80,56,medium
001361,train,2258,59,56,medium
001361,train,1086,38,36,medium
001362,train,4799,122,72,medium
001368,train,7568,169,64,medium
001368,train,113,13,17,small
001368,train,4911,110,66,medium
001368,train,2364,63,55,medium
001363,train,13942,200,158,large
001364,train,8590,123,146,medium
001364,train,1843,54,55,medium
001367,train,106,11,15,small
001367,train,223,25,19,small
001367,train,45,10,9,small
001367,train,9001,133,117,medium
001367,train,1785,55,59,medium
001365,train,9293,200,142,large
001365,train,1162,48,38,medium
001372,train,20533,200,159,large
001374,train,12312,200,127,large
001373,train,6337,161,69,medium
001373,train,2352,71,49,medium
001373,train,1944,67,46,medium
001369,train,6184,158,72,medium
001369,train,2649,75,52,medium
001369,train,2304,75,53,medium
001366,train,14796,200,170,large
001370,train,497,42,20,small
001370,train,7122,199,53,medium
001375,train,16660,200,175,large
001371,train,15223,200,168,large
001371,train,2485,75,52,medium
001377,train,4025,82,73,medium
001377,train,845,21,56,small
001377,train,4770,132,54,medium
001380,train,8601,164,75,medium
001380,train,10395,194,70,large
001376,train,5076,147,60,medium
001376,train,1814,47,53,medium
001379,train,9418,123,169,large
001379,train,1190,40,42,medium
001379,train,918,39,63,small
001378,train,1777,89,32,medium
001378,train,11052,200,87,large
001378,train,258,24,17,small
001387,train,4744,68,87,medium
001387,train,483,25,32,small
001387,train,3353,77,58,medium
001387,train,1238,63,30,medium
001385,train,7282,145,79,medium
001385,train,4389,92,81,medium
001385,train,4780,96,72,medium
001383,train,12413,200,105,large
001382,train,6713,151,145,medium
001382,train,388,23,27,small
001382,train,3946,91,65,medium
001381,train,9668,124,170,large
001381,train,1187,40,41,medium
001381,train,875,35,62,small
001381,train,462,18,34,small
001386,train,7543,182,59,medium
001386,train,2743,74,64,medium
001386,train,2787,96,40,medium
001384,train,7520,200,62,medium
001388,train,8942,158,88,medium
001388,train,1069,47,41,medium
001393,train,4122,113,49,medium
001393,train,2104,62,51,medium
001394,train,2168,61,77,medium
001394,train,3125,83,67,medium
001390,train,27832,200,197,large
001392,train,797,29,43,small
001392,train,3409,126,46,medium
001392,train,14496,200,111,large
001391,train,17786,200,124,large
001391,train,293,13,35,small
001396,train,313,18,19,small
001396,train,6879,96,153,medium
001396,train,2535,65,53,medium
001396,train,598,30,30,small
001396,train,814,31,36,small
001389,train,18373,198,198,large
001389,train,3307,46,104,medium
001397,train,14029,200,138,large
001397,train,1746,60,47,medium
001397,train,2420,68,41,medium
001397,train,748,32,31,small
001400,train,17032,191,187,large
001402,train,13521,200,131,large
001395,train,8272,200,61,medium
001395,train,16923,200,126,large
001399,train,5067,104,69,medium
001398,train,11830,198,90,large
001398,train,7406,113,86,medium
001398,train,1328,49,33,medium
001403,train,6357,190,78,medium
001403,train,6200,139,64,medium
001404,train,11730,189,113,large
001404,train,8403,200,68,medium
001405,train,4117,99,65,medium
001405,train,100,14,13,small
001405,train,172,17,12,small
001401,train,11026,200,135,large
001406,train,2802,65,59,medium
001406,train,2603,88,48,medium
001409,train,13630,200,194,large
001408,train,520,48,14,small
001408,train,345,35,14,small
001408,train,13166,186,141,large
001412,train,2839,95,77,medium
001412,train,2659,65,94,medium
001412,train,1052,36,39,medium
001411,train,276,24,16,small
001411,train,8847,126,159,medium
001411,train,1649,41,57,medium
001411,train,2617,79,45,medium
001413,train,9774,150,138,large
001415,train,9876,200,88,large
001415,train,1880,54,65,medium
001415,train,151,14,20,small
001407,train,6147,89,173,medium
001407,train,1729,41,59,medium
001407,train,5214,108,78,medium
001414,train,152,16,19,small
001414,train,1519,52,56,medium
001414,train,2231,76,63,medium
001414,train,689,30,34,small
001414,train,697,21,45,small
001410,train,15147,200,125,large
001410,train,2389,174,22,medium
001423,train,3618,77,71,medium
001423,train,2897,79,60,medium
001418,train,3594,91,77,medium
001418,train,2873,54,68,medium
001416,train,8444,200,65,medium
001416,train,4303,110,77,medium
001421,train,4193,135,51,medium
001422,train,1787,52,44,medium
001422,train,1295,37,66,medium
001422,train,4271,115,68,medium
001417,train,9500,196,69,large
001417,train,8323,179,78,medium
001420,train,2373,61,69,medium
001419,train,4530,116,57,medium
001419,train,781,31,45,small
001425,train,94,10,13,small
001425,train,1257,36,46,medium
001425,train,4392,98,85,medium
001425,train,483,14,49,small
001425,train,755,31,38,small
001424,train,3311,61,73,medium
001424,train,1234,39,42,medium
001430,train,1931,69,42,medium
001430,train,428,29,24,small
001430,train,858,38,32,small
001430,train,2987,99,51,medium
001428,train,86,10,18,small
001428,train,3741,94,55,medium
001428,train,1909,69,59,medium
001427,train,8031,183,96,medium
001427,train,3774,144,48,medium
001426,train,625,31,33,small
001426,train,1028,33,42,medium
001426,train,6030,147,91,medium
001431,train,3246,87,58,medium
001433,train,5405,88,104,medium
001429,train,12160,172,112,large
001429,train,196,23,20,small
001434,train,2666,48,83,medium
001434,train,2119,59,52,medium
001432,train,1351,40,58,medium
001432,train,1224,35,49,medium
001432,train,914,37,37,small
001438,train,557,25,29,small
001438,train,2075,68,61,medium
001438,train,311,28,21,small
001435,train,376,19,33,small
001435,train,3285,70,64,medium
001435,train,650,37,26,small
001437,train,1328,28,62,medium
001437,train,5409,167,63,medium
001441,train,3012,62,90,medium
001441,train,1802,68,49,medium
001436,train,154,17,15,small
001436,train,3196,96,47,medium
001436,train,4895,79,78,medium
001439,train,471,22,38,small
001439,train,4728,130,68,medium
001440,train,2387,70,88,medium
001440,train,72,9,14,small
001440,train,119,8,23,small
001440,train,63,9,15,small
001440,train,102,14,17,small
001440,train,95,12,13,small
001444,train,2623,93,47,medium
001444,train,4624,122,60,medium
001442,train,4316,113,64,medium
001442,train,2081,67,43,medium
001443,train,5262,119,117,medium
001446,train,6034,103,126,medium
001446,train,888,29,39,small
001450,train,1621,36,57,medium
001450,train,3509,102,51,medium
001447,train,7428,199,63,medium
001447,train,5055,123,86,medium
001447,train,978,33,52,small
001448,train,250,15,35,small
001448,train,6034,178,62,medium
001445,train,97,7,20,small
001445,train,310,17,29,small
001445,train,103,7,22,small
001445,train,2691,73,56,medium
001449,train,3630,120,42,medium
001449,train,420,21,27,small
001449,train,3829,98,50,medium
001449,train,380,30,16,small
001452,train,3319,109,54,medium
001453,train,7351,184,61,medium
001453,train,1797,58,55,medium
001453,train,822,34,35,small
001455,train,4081,132,65,medium
001457,train,1061,46,41,medium
001457,train,1497,53,45,medium
001457,train,3775,94,68,medium
001456,train,4470,129,60,medium
001456,train,2113,64,46,medium
001456,train,1026,43,34,medium
001459,train,850,41,32,small
001459,train,2408,83,46,medium
001459,train,1569,48,62,medium
001458,train,9352,200,68,large
001460,train,7611,189,58,medium
001454,train,2384,61,64,medium
001454,train,560,24,35,small
001451,train,3925,73,84,medium
001451,train,685,36,30,small
001461,train,6699,200,53,medium
001461,train,1025,42,37,medium
001468,train,8027,173,74,medium
001463,train,3464,89,88,medium
001463,train,2081,66,46,medium
001467,train,393,20,27,small
001467,train,10685,200,70,large
001464,train,11380,200,116,large
001462,train,7932,200,59,medium
001462,train,3325,85,62,medium
001466,train,1190,56,30,medium
001466,train,11552,200,75,large
001470,train,9240,200,66,large
001470,train,5117,172,57,medium
001472,train,3827,123,50,medium
001472,train,2159,70,48,medium
001472,train,501,23,32,small
001472,train,873,25,45,small
001472,train,571,42,23,small
001465,train,1831,45,50,medium
001465,train,8522,200,71,medium
001473,train,6169,185,67,medium
001475,train,4288,114,57,medium
001475,train,1086,52,33,medium
001475,train,8444,193,80,medium
001471,train,7956,200,62,medium
001471,train,2632,75,81,medium
001471,train,2073,68,46,medium
001469,train,3565,85,77,medium
001469,train,652,37,32,small
001469,train,2284,67,42,medium
001469,train,3140,98,40,medium
001474,train,6068,114,75,medium
001474,train,8118,192,70,medium
001476,train,3595,70,68,medium
001476,train,3711,145,67,medium
001476,train,3472,81,64,medium
001479,train,7131,167,81,medium
001479,train,5343,119,76,medium
001480,train,4639,144,54,medium
001482,train,235,64,4,small
001482,train,280,70,7,small
001478,train,1798,53,56,medium
001478,train,461,24,28,small
001478,train,2751,68,68,medium
001477,train,3567,71,64,medium
001477,train,3487,89,58,medium
001477,train,7172,165,86,medium
001481,train,173,65,3,small
001481,train,301,75,6,small
001483,train,309,80,6,small
001483,train,245,32,27,small
001484,train,1703,135,44,medium
001489,train,434,85,19,small
001489,train,1017,168,37,small
001489,train,121,42,21,small
001489,train,253,56,11,small
001486,train,2185,195,68,medium
001486,train,213,57,5,small
001486,train,98,23,5,small
001491,train,209,55,5,small
001491,train,98,24,5,small
001491,train,126,30,5,small
001491,train,245,49,14,small
001491,train,840,132,30,small
001491,train,261,56,11,small
001487,train,2162,193,68,medium
001487,train,212,55,5,small
001487,train,94,23,5,small
001487,train,99,26,4,small
001488,train,317,64,15,small
001488,train,859,148,33,small
001488,train,263,56,11,small
001485,train,1927,158,60,medium
001490,train,158,50,4,small
001490,train,56,22,3,small
001490,train,117,39,3,small
001490,train,159,35,11,small
001490,train,678,118,29,small
001490,train,207,55,10,small
001492,train,128,43,4,small
001492,train,86,22,5,small
001492,train,318,74,6,small
001492,train,179,37,7,small
001494,train,92,22,6,small
001494,train,195,41,7,small
001494,train,250,58,11,small
001494,train,71,18,5,small
001493,train,188,35,8,small
001493,train,230,56,11,small
001493,train,60,18,5,small
001495,train,108,30,4,small
001495,train,223,62,5,small
001495,train,76,22,5,small
001495,train,216,41,7,small
001495,train,237,55,11,small
001499,train,609,151,8,small
001498,train,342,84,7,small
001501,train,1031,140,11,medium
001501,train,345,51,36,small
001497,train,88,23,5,small
001497,train,41,11,4,small
001497,train,333,83,7,small
001504,train,2017,200,27,medium
001504,train,170,36,22,small
001504,train,91,26,17,small
001496,train,109,29,4,small
001496,train,264,63,6,small
001503,train,342,57,9,small
001503,train,792,118,14,small
001503,train,1368,194,87,medium
001503,train,88,23,15,small
001500,train,693,92,12,small
001502,train,541,75,12,small
001502,train,670,100,10,small
001502,train,197,30,20,small
001506,train,1337,127,29,medium
001506,train,169,33,7,small
001506,train,320,52,10,small
001506,train,139,34,21,small
001505,train,1906,194,26,medium
001505,train,140,34,20,small
001505,train,87,27,16,small
001505,train,1283,200,61,medium
001509,train,486,68,10,small
001509,train,105,22,5,small
001509,train,246,46,7,small
001509,train,931,104,23,small
001507,train,1433,128,29,medium
001507,train,153,33,5,small
001507,train,355,51,10,small
001507,train,145,36,20,small
001507,train,293,58,25,small
001507,train,860,148,35,small
001507,train,370,66,17,small
001508,train,630,82,11,small
001508,train,158,25,8,small
001508,train,76,22,5,small
001510,train,579,81,10,small
001510,train,132,24,6,small
001510,train,886,101,23,small
001510,train,120,26,13,small
001510,train,360,69,17,small
001510,train,56,18,5,small
001512,train,123,24,6,small
001512,train,723,127,9,small
001514,train,3185,173,22,medium
001511,train,471,72,10,small
001511,train,532,83,8,small
001511,train,141,32,8,small
001513,train,323,60,8,small
001515,train,3835,200,22,medium
001518,train,3077,200,19,medium
001519,train,3115,200,19,medium
001516,train,3527,200,22,medium
001517,train,3007,200,19,medium
001521,train,3115,200,19,medium
001524,train,3194,200,18,medium
001523,train,2393,200,16,medium
001520,train,3154,200,19,medium
001522,train,3014,200,18,medium
001527,train,3185,200,27,medium
001528,train,3357,200,25,medium
001530,train,6478,200,37,medium
001529,train,3530,200,25,medium
001526,train,3049,19,200,medium
001531,train,5743,200,38,medium
001525,train,3051,18,200,medium
001534,train,4263,200,26,medium
001536,train,5792,200,33,medium
001537,train,4335,162,31,medium
001533,train,4135,200,23,medium
001538,train,5247,182,31,medium
001535,train,5834,200,35,medium
001541,train,4445,23,200,medium
001539,train,4215,26,200,medium
001543,train,3352,25,194,medium
001532,train,6337,200,34,medium
001542,train,5469,31,200,medium
001540,train,4116,24,200,medium
001550,train,1238,200,7,medium
001550,train,2578,200,19,medium
001544,train,3856,27,200,medium
001546,train,1942,200,17,medium
001546,train,2482,200,17,medium
001545,train,4306,25,200,medium
001547,train,1743,200,13,medium
001547,train,2337,200,15,medium
001548,train,1376,164,13,medium
001548,train,1013,113,13,small
001548,train,1443,180,13,medium
001548,train,671,115,9,small
001549,train,2163,200,14,medium
001552,train,971,200,8,small
001555,train,999,180,10,small
001557,train,778,200,6,small
001557,train,865,200,7,small
001553,train,810,200,6,small
001551,train,951,200,7,small
001556,train,976,163,9,small
001558,train,892,170,8,small
001558,train,686,184,6,small
001558,train,731,184,7,small
001559,train,858,174,7,small
001559,train,717,200,6,small
001559,train,765,200,6,small
001554,train,1051,177,10,medium
001554,train,382,69,8,small
001561,train,576,165,6,small
001561,train,388,130,5,small
001561,train,806,169,6,small
001562,train,677,169,5,small
001562,train,450,151,6,small
001562,train,360,120,5,small
001562,train,648,163,6,small
001563,train,345,69,5,small
001563,train,372,124,6,small
001563,train,268,91,4,small
001566,train,771,169,6,small
001566,train,1141,200,10,medium
001568,train,127,29,5,small
001568,train,199,49,5,small
001568,train,848,127,10,small
001565,train,817,171,6,small
001565,train,1283,200,12,medium
001564,train,1138,181,8,medium
001569,train,383,87,6,small
001567,train,1118,151,11,medium
001571,train,2952,200,19,medium
001560,train,1144,200,9,medium
001573,train,1321,162,14,medium
001573,train,479,101,6,small
001575,train,1528,200,14,medium
001574,train,2747,200,18,medium
001570,train,2546,200,16,medium
001577,train,1408,200,13,medium
001577,train,623,143,7,small
001577,train,248,42,12,small
001572,train,187,28,10,small
001572,train,2722,200,17,medium
001578,train,1565,17,200,medium
001576,train,2027,160,24,medium
001579,train,1892,15,200,medium
001584,train,5370,36,200,medium
001582,train,2607,26,200,medium
001583,train,1737,23,180,medium
001587,train,3762,30,200,medium
001580,train,4205,25,200,medium
001581,train,3780,33,200,medium
001585,train,4995,30,200,medium
001586,train,2253,23,194,medium
001588,train,5646,200,34,medium
001589,train,5546,200,33,medium
001591,train,6106,200,41,medium
001595,train,3874,200,24,medium
001595,train,1560,200,10,medium
001592,train,3829,200,24,medium
001592,train,809,143,8,small
001593,train,3871,200,25,medium
001593,train,2067,200,15,medium
001590,train,6088,200,42,medium
001596,train,3541,200,23,medium
001596,train,1119,200,9,medium
001598,train,3599,200,24,medium
001598,train,849,172,8,small
001594,train,3809,200,23,medium
001594,train,1841,200,13,medium
001597,train,3588,200,21,medium
001597,train,1608,200,12,medium
001603,train,2534,133,38,medium
001605,train,5132,177,184,medium
001599,train,3553,200,29,medium
001599,train,858,177,7,small
001600,train,3566,200,27,medium
001600,train,287,67,5,small
001602,train,3406,197,43,medium
001601,train,133,18,10,small
001601,train,90,13,9,small
001601,train,3197,200,26,medium
001604,train,199,40,6,small
001604,train,561,90,10,small
001607,train,1488,200,13,medium
001613,train,6443,200,38,medium
001610,train,1299,200,10,medium
001606,train,1443,79,185,medium
001606,train,122,23,7,small
001609,train,1535,200,15,medium
001612,train,1542,94,200,medium
001612,train,575,90,7,small
001614,train,5904,200,35,medium
001616,train,5506,200,32,medium
001615,train,5802,200,37,medium
001608,train,1285,195,13,medium
001611,train,1346,200,11,medium
001618,train,5567,200,33,medium
001617,train,5715,200,31,medium
001619,train,5819,200,35,medium
001622,train,3528,200,22,medium
001622,train,1942,200,14,medium
001621,train,5875,200,42,medium
001621,train,619,56,18,small
001621,train,78,23,4,small
001621,train,223,39,7,small
001621,train,206,40,7,small
001623,train,3605,200,22,medium
001623,train,1902,200,13,medium
001620,train,6175,200,40,medium
001626,train,3576,200,24,medium
001626,train,742,144,7,small
001630,train,1163,200,8,medium
001630,train,126,17,10,small
001627,train,3664,200,26,medium
001627,train,637,123,7,small
001625,train,3602,200,21,medium
001625,train,1352,200,10,medium
001624,train,3677,200,20,medium
001624,train,1815,200,12,medium
001628,train,3479,200,23,medium
001628,train,721,146,7,small
001629,train,4195,200,43,medium
001631,train,3076,200,19,medium
001631,train,446,76,7,small
001637,train,1215,200,9,medium
001637,train,305,73,6,small
001637,train,3018,200,21,medium
001633,train,1147,200,10,medium
001633,train,349,84,6,small
001634,train,782,156,8,small
001634,train,89,23,5,small
001634,train,303,75,7,small
001634,train,812,111,13,small
001639,train,945,133,13,small
001639,train,3960,200,31,medium
001638,train,636,161,6,small
001638,train,1073,170,8,medium
001638,train,280,61,6,small
001638,train,1357,200,17,medium
001635,train,3806,200,25,medium
001635,train,746,143,8,small
001635,train,330,82,6,small
001636,train,934,141,10,small
001636,train,275,70,5,small
001636,train,481,120,5,small
001636,train,3950,200,25,medium
001632,train,55,14,4,small
001632,train,269,64,5,small
001632,train,3275,200,20,medium
001640,train,837,145,10,small
001640,train,687,102,10,small
001640,train,3811,186,31,medium
001640,train,351,78,6,small
001641,train,2302,169,20,medium
001641,train,753,136,8,small
001641,train,487,47,12,small
001642,train,1142,180,11,medium
001642,train,3368,200,32,medium
001649,train,1684,200,12,medium
001643,train,652,157,7,small
001643,train,3218,200,20,medium
001643,train,685,164,5,small
001643,train,243,57,6,small
001643,train,1353,200,15,medium
001648,train,325,71,7,small
001648,train,261,68,5,small
001648,train,178,38,5,small
001645,train,1227,200,11,medium
001645,train,3314,168,28,medium
001646,train,252,66,4,small
001646,train,1074,200,10,medium
001646,train,4276,200,28,medium
001647,train,884,200,7,small
001647,train,964,200,7,small
001644,train,1262,200,11,medium
001644,train,3594,200,23,medium
001644,train,826,152,8,small
001650,train,498,62,11,small
001650,train,1015,136,10,small
001655,train,640,146,7,small
001655,train,3832,200,23,medium
001652,train,1303,189,15,medium
001652,train,519,117,6,small
001654,train,792,171,6,small
001654,train,898,188,7,small
001654,train,1258,200,12,medium
001656,train,923,200,9,small
001656,train,4023,200,24,medium
001657,train,1049,200,8,medium
001657,train,3911,200,22,medium
001651,train,487,91,7,small
001651,train,426,68,12,small
001653,train,1052,156,12,medium
001658,train,4119,200,26,medium
001665,train,3945,200,26,medium
001663,train,3654,200,23,medium
001661,train,4082,200,25,medium
001660,train,4200,200,25,medium
001659,train,4151,200,25,medium
001664,train,3627,200,22,medium
001662,train,3983,200,25,medium
001667,train,2097,200,31,medium
001667,train,76,19,6,small
001666,train,2422,144,42,medium
001666,train,4087,200,24,medium
001669,train,3035,200,30,medium
001669,train,97,19,6,small
001668,train,2838,200,29,medium
001668,train,87,19,6,small
001670,train,1077,200,20,medium
001670,train,390,82,10,small
001670,train,90,30,4,small
001674,train,621,133,12,small
001674,train,141,27,10,small
001671,train,1208,200,21,medium
001671,train,110,29,5,small
001671,train,86,28,5,small
001673,train,421,94,9,small
001673,train,141,25,9,small
001673,train,87,28,5,small
001672,train,1097,200,17,medium
001677,train,889,200,6,small
001677,train,250,61,6,small
001677,train,76,23,5,small
001677,train,70,18,4,small
001677,train,52,16,4,small
001677,train,78,26,3,small
001675,train,39,13,3,small
001675,train,598,125,8,small
001676,train,130,44,3,small
001676,train,126,33,5,small
001676,train,995,200,8,small
001680,train,618,100,10,small
001680,train,409,61,9,small
001680,train,80,16,5,small
001679,train,621,149,7,small
001679,train,572,99,9,small
001679,train,353,55,8,small
001679,train,63,17,4,small
001678,train,984,200,8,small
001678,train,133,31,6,small
001678,train,83,20,5,small
001678,train,77,21,5,small
001678,train,54,14,4,small
001678,train,64,16,4,small
001681,train,1204,200,10,medium
001683,train,1050,200,8,medium
001684,train,946,200,8,small
001685,train,785,177,7,small
001686,train,676,149,9,small
001686,train,974,130,12,small
001686,train,178,19,16,small
001682,train,347,70,5,small
001682,train,155,31,5,small
001687,train,877,194,8,small
001687,train,607,83,12,small
001689,train,1228,200,11,medium
001689,train,817,200,9,small
001693,train,93,22,6,small
001693,train,104,31,7,small
001693,train,106,24,6,small
001693,train,103,22,5,small
001693,train,2178,200,21,medium
001692,train,540,119,15,small
001692,train,480,132,17,small
001692,train,1505,200,17,medium
001688,train,404,97,6,small
001688,train,407,92,5,small
001691,train,1872,200,21,medium
001691,train,716,147,10,small
001690,train,727,168,20,small
001690,train,736,181,21,small
001690,train,1496,200,16,medium
001696,train,57,13,6,small
001696,train,1156,112,16,medium
001696,train,1097,109,17,medium
001696,train,106,29,4,small
001697,train,624,151,15,small
001697,train,441,68,12,small
001697,train,288,74,6,small
001697,train,1408,137,17,medium
001699,train,653,133,18,small
001699,train,665,142,18,small
001699,train,82,26,5,small
001694,train,93,23,7,small
001694,train,321,67,6,small
001694,train,185,48,6,small
001694,train,274,63,7,small
001698,train,465,112,12,small
001698,train,48,12,4,small
001698,train,338,86,5,small
001698,train,316,46,10,small
001702,train,51,6,11,small
001702,train,214,54,4,small
001702,train,333,13,40,small
001702,train,316,11,41,small
001702,train,129,9,20,small
001695,train,277,66,6,small
001695,train,44,12,6,small
001695,train,391,105,9,small
001700,train,1195,200,10,medium
001700,train,1001,200,9,small
001700,train,831,200,9,small
001701,train,1101,200,9,medium
001701,train,813,200,7,small
001701,train,937,200,24,small
001701,train,519,123,15,small
001701,train,161,34,7,small
001703,train,783,7,200,small
001703,train,120,5,31,small
001703,train,210,3,70,small
001707,train,491,6,100,small
001707,train,1192,9,200,medium
001707,train,362,6,91,small
001705,train,345,6,88,small
001705,train,873,6,200,small
001704,train,984,8,177,small
001704,train,61,4,17,small
001704,train,675,9,129,small
001704,train,132,7,21,small
001706,train,938,12,141,small
001706,train,197,17,24,small
001706,train,518,10,122,small
001708,train,2113,21,200,medium
001708,train,548,10,110,small
001709,train,189,6,46,small
001709,train,324,7,68,small
001709,train,94,8,23,small
001709,train,256,8,67,small
001710,train,991,19,135,small
001710,train,1579,18,137,medium
001710,train,101,4,27,small
001711,train,1563,13,200,medium
001711,train,619,19,157,small
001711,train,563,18,147,small
001713,train,1441,17,136,medium
001713,train,273,6,70,small
001713,train,616,16,156,small
001714,train,592,8,147,small
001714,train,1329,8,200,medium
001716,train,740,8,169,small
001715,train,837,8,200,small
001712,train,437,8,125,small
001712,train,322,6,69,small
001712,train,107,7,23,small
001717,train,279,34,14,small
001717,train,322,41,12,small
001717,train,158,22,9,small
001717,train,73,14,7,small
001717,train,167,3,58,small
001720,train,1003,16,200,small
001719,train,844,14,172,small
001723,train,455,14,115,small
001723,train,845,21,200,small
001723,train,80,6,28,small
001718,train,574,7,123,small
001718,train,393,9,108,small
001721,train,2262,32,197,medium
001721,train,74,6,21,small
001725,train,3500,21,200,medium
001722,train,2169,31,200,medium
001722,train,101,7,21,small
001724,train,861,16,200,small
001726,train,3628,23,200,medium
001729,train,4120,25,200,medium
001728,train,4138,25,200,medium
001732,train,4036,23,200,medium
001732,train,494,7,104,small
001727,train,3590,23,200,medium
001731,train,3839,22,200,medium
001730,train,3878,24,200,medium
001736,train,1186,14,200,medium
001736,train,101,5,24,small
001733,train,3887,23,200,medium
001733,train,386,5,100,small
001738,train,1211,11,200,medium
001738,train,274,7,80,small
001734,train,1621,18,114,medium
001734,train,514,10,76,small
001734,train,859,8,176,small
001734,train,316,6,80,small
001734,train,160,5,41,small
001734,train,342,10,42,small
001739,train,90,5,22,small
001739,train,267,6,80,small
001739,train,509,7,110,small
001739,train,744,13,112,small
001739,train,105,6,24,small
001735,train,2284,21,200,medium
001735,train,847,10,149,small
001735,train,109,4,44,small
001741,train,1948,19,200,medium
001741,train,449,6,109,small
001741,train,587,7,112,small
001737,train,307,7,81,small
001737,train,782,14,114,small
001742,train,210,4,60,small
001742,train,242,9,36,small
001742,train,858,8,169,small
001742,train,430,11,48,small
001740,train,1153,13,200,medium
001740,train,57,5,13,small
001740,train,101,6,22,small
001740,train,269,6,57,small
001740,train,303,4,88,small
001743,train,2402,26,133,medium
001743,train,962,9,200,small
001743,train,893,10,153,small
001743,train,125,4,32,small
001744,train,78,6,17,small
001744,train,3983,30,200,medium
001744,train,1129,9,200,medium
001744,train,109,6,23,small
001744,train,216,5,56,small
001744,train,373,5,83,small
001750,train,3341,21,200,medium
001750,train,1170,11,200,medium
001750,train,588,6,165,small
001750,train,262,5,56,small
001751,train,666,9,127,small
001751,train,86,5,18,small
001751,train,176,5,37,small
001751,train,61,5,13,small
001751,train,87,5,20,small
001751,train,66,8,12,small
001751,train,37,4,10,small
001751,train,196,7,35,small
001746,train,3239,20,200,medium
001746,train,451,8,82,small
001746,train,167,5,54,small
001748,train,2611,20,200,medium
001748,train,213,4,54,small
001748,train,803,10,148,small
001748,train,530,6,136,small
001748,train,268,6,59,small
001753,train,723,7,156,small
001753,train,1369,17,177,medium
001745,train,246,7,71,small
001745,train,53,5,11,small
001745,train,3468,21,200,medium
001745,train,584,7,111,small
001745,train,703,14,128,small
001745,train,76,5,22,small
001745,train,132,4,33,small
001747,train,3113,20,200,medium
001747,train,254,5,67,small
001747,train,53,4,14,small
001747,train,67,4,17,small
001749,train,2963,19,200,medium
001749,train,1206,10,200,medium
001749,train,139,5,34,small
001755,train,453,11,56,small
001755,train,954,11,139,small
001752,train,1558,13,200,medium
001752,train,78,5,18,small
001754,train,216,5,44,small
001754,train,884,15,114,small
001757,train,3677,200,32,medium
001756,train,1221,13,142,medium
001756,train,151,12,18,small
001760,train,1405,14,200,medium
001760,train,528,6,126,small
001759,train,1937,200,18,medium
001758,train,2656,200,24,medium
001762,train,2017,49,200,medium
001762,train,176,4,45,small
001762,train,69,5,20,small
001762,train,157,4,49,small
001762,train,82,6,23,small
001761,train,2912,19,200,medium
001763,train,150,5,40,small
001763,train,53,5,18,small
001763,train,79,6,21,small
001763,train,106,4,31,small
001763,train,218,11,55,small
001763,train,210,9,38,small
001765,train,755,35,145,small
001765,train,1290,29,123,medium
001765,train,151,23,37,small
001765,train,269,25,60,small
001765,train,140,6,33,small
001765,train,310,16,69,small
001765,train,321,9,53,small
001768,train,61,12,21,small
001768,train,451,10,63,small
001768,train,1274,28,123,medium
001768,train,130,21,34,small
001768,train,151,5,32,small
001767,train,289,8,52,small
001767,train,387,7,84,small
001764,train,1223,61,200,medium
001764,train,613,10,105,small
001764,train,83,14,24,small
001764,train,994,22,87,small
001764,train,124,20,32,small
001766,train,251,14,47,small
001766,train,466,9,73,small
001766,train,790,22,98,small
001766,train,115,6,23,small
001766,train,195,8,41,small
001766,train,145,8,34,small
001770,train,1028,29,100,medium
001770,train,151,6,32,small
001770,train,476,9,80,small
001769,train,272,32,69,small
001769,train,1691,47,194,medium
001769,train,145,10,44,small
001772,train,1566,26,79,medium
001772,train,467,13,54,small
001772,train,315,14,35,small
001772,train,400,13,45,small
001777,train,187,8,29,small
001777,train,1385,19,112,medium
001777,train,251,11,29,small
001771,train,332,11,46,small
001771,train,497,15,51,small
001771,train,309,12,45,small
001776,train,1937,20,186,medium
001776,train,1357,24,97,medium
001773,train,1341,26,74,medium
001773,train,2491,26,200,medium
001775,train,2617,25,189,medium
001775,train,2331,27,129,medium
001781,train,4960,37,200,medium
001781,train,3599,29,194,medium
001781,train,634,19,46,small
001779,train,1398,19,110,medium
001774,train,601,15,60,small
001774,train,416,12,47,small
001774,train,223,10,32,small
001780,train,3072,36,200,medium
001780,train,539,17,42,small
001778,train,364,10,50,small
001778,train,1305,17,129,medium
001778,train,1155,23,73,medium
001782,train,1063,31,44,medium
001782,train,1770,24,141,medium
001782,train,3048,41,151,medium
001782,train,253,12,30,small
001785,train,170,9,25,small
001785,train,1597,30,75,medium
001785,train,2009,28,143,medium
001785,train,1799,38,81,medium
001785,train,180,12,19,small
001787,train,401,10,56,small
001787,train,516,13,64,small
001786,train,364,11,48,small
001786,train,224,8,38,small
001786,train,263,10,31,small
001786,train,91,6,20,small
001784,train,601,17,48,small
001784,train,917,19,56,small
001784,train,1555,30,73,medium
001784,train,464,13,44,small
001789,train,2891,30,187,medium
001789,train,2186,38,144,medium
001783,train,3958,49,167,medium
001783,train,284,9,41,small
001790,train,9935,78,200,large
001788,train,1091,24,77,medium
001788,train,375,17,30,small
001788,train,1048,19,79,medium
001791,train,481,14,55,small
001791,train,1255,25,80,medium
001791,train,611,20,55,small
001795,train,4619,34,200,medium
001795,train,655,19,48,small
001795,train,423,12,48,small
001795,train,331,10,47,small
001793,train,3389,27,200,medium
001797,train,4923,41,200,medium
001797,train,8630,49,200,medium
001797,train,470,14,49,small
001796,train,10273,65,200,large
001796,train,487,14,56,small
001794,train,1301,19,102,medium
001798,train,531,23,34,small
001798,train,6568,53,200,medium
001798,train,2450,30,124,medium
001792,train,3307,25,200,medium
001799,train,333,14,36,small
001799,train,545,13,53,small
001799,train,1498,22,95,medium
001799,train,817,17,72,small
001801,train,1476,28,102,medium
001801,train,302,12,32,small
001801,train,2374,41,87,medium
001800,train,1603,21,154,medium
001800,train,385,11,50,small
001805,train,210,9,28,small
001805,train,526,14,58,small
001805,train,338,12,37,small
001805,train,336,13,39,small
001803,train,1053,23,76,medium
001803,train,154,9,23,small
001806,train,1804,30,115,medium
001806,train,671,17,57,small
001806,train,1568,18,155,medium
001802,train,397,12,67,small
001807,train,1836,27,102,medium
001807,train,172,12,21,small
001807,train,1420,30,105,medium
001807,train,670,16,68,small
001807,train,332,14,34,small
001804,train,304,12,41,small
001804,train,1038,22,79,medium
001804,train,1026,21,90,medium
001804,train,194,9,27,small
001809,train,196,13,20,small
001809,train,542,15,59,small
001809,train,1803,29,105,medium
001813,train,555,18,44,small
001813,train,759,17,67,small
001808,train,358,15,39,small
001808,train,1734,27,102,medium
001808,train,1248,26,93,medium
001808,train,708,17,62,small
001815,train,2182,30,169,medium
001815,train,290,9,39,small
001814,train,802,23,73,small
001814,train,364,10,45,small
001814,train,566,19,41,small
001812,train,287,17,23,small
001812,train,1960,32,127,medium
001810,train,1603,20,122,medium
001810,train,1636,27,99,medium
001816,train,2115,29,170,medium
001816,train,303,11,37,small
001817,train,679,17,67,small
001819,train,709,18,69,small
001819,train,878,21,73,small
001811,train,2183,36,134,medium
001818,train,611,15,66,small
001823,train,260,9,47,small
001823,train,309,11,59,small
001820,train,226,9,38,small
001820,train,230,9,47,small
001820,train,681,18,62,small
001821,train,979,25,87,small
001821,train,1045,25,68,medium
001821,train,1238,28,66,medium
001822,train,255,9,51,small
001822,train,204,11,31,small
001822,train,722,16,69,small
001829,train,150,5,35,small
001829,train,440,11,60,small
001829,train,172,9,30,small
001825,train,2210,29,171,medium
001825,train,273,8,46,small
001827,train,233,11,29,small
001827,train,131,7,26,small
001827,train,160,6,41,small
001827,train,766,35,44,small
001824,train,983,18,98,small
001824,train,272,10,55,small
001826,train,2205,26,172,medium
001831,train,1310,31,67,medium
001831,train,139,9,21,small
001828,train,151,8,30,small
001828,train,172,7,45,small
001836,train,3074,28,200,medium
001836,train,287,11,39,small
001836,train,143,10,20,small
001836,train,282,10,41,small
001832,train,529,13,63,small
001830,train,353,12,55,small
001834,train,1521,20,121,medium
001834,train,773,20,86,small
001834,train,428,12,67,small
001834,train,135,12,18,small
001837,train,2274,27,126,medium
001837,train,314,10,43,small
001839,train,1289,21,123,medium
001839,train,1331,27,119,medium
001833,train,397,11,57,small
001833,train,1580,22,116,medium
001838,train,674,23,48,small
001838,train,104,10,15,small
001838,train,532,13,65,small
001835,train,648,22,46,small
001835,train,2100,23,169,medium
001835,train,268,11,34,small
001835,train,122,10,17,small
001840,train,2141,34,107,medium
001840,train,227,9,49,small
001840,train,1088,26,65,medium
001840,train,818,24,47,small
001845,train,222,9,38,small
001845,train,473,11,67,small
001845,train,329,9,42,small
001845,train,601,14,75,small
001842,train,262,10,39,small
001842,train,929,15,92,small
001846,train,444,11,67,small
001846,train,380,10,45,small
001846,train,654,16,73,small
001843,train,396,11,47,small
001843,train,1236,19,158,medium
001843,train,765,17,86,small
001841,train,249,11,40,small
001841,train,226,9,30,small
001841,train,3299,37,194,medium
001841,train,871,16,91,small
001844,train,206,9,40,small
001844,train,117,7,22,small
001844,train,348,11,42,small
001844,train,1064,20,116,medium
001844,train,254,9,45,small
001848,train,241,14,44,small
001848,train,218,8,47,small
001847,train,172,7,36,small
001847,train,119,8,24,small
001847,train,491,12,69,small
001847,train,349,10,44,small
001847,train,566,13,65,small
001849,train,217,13,42,small
001850,train,455,10,70,small
001850,train,157,5,39,small
001855,train,106,6,23,small
001855,train,690,14,91,small
001855,train,163,10,28,small
001855,train,103,6,28,small
001852,train,827,14,108,small
001852,train,242,7,49,small
001852,train,170,11,28,small
001854,train,659,13,80,small
001854,train,176,10,29,small
001854,train,109,5,29,small
001854,train,752,15,84,small
001854,train,430,14,66,small
001851,train,222,13,43,small
001851,train,231,8,42,small
001853,train,648,13,82,small
001853,train,394,13,65,small
001853,train,181,8,32,small
001853,train,231,7,51,small
001858,train,10022,67,200,large
001856,train,996,21,81,small
001857,train,109,6,24,small
001857,train,770,13,95,small
001860,train,191,13,20,small
001860,train,319,10,35,small
001860,train,132,10,16,small
001860,train,2756,25,199,medium
001860,train,448,13,44,small
001865,train,3840,68,108,medium
001865,train,450,13,56,small
001865,train,408,16,39,small
001865,train,793,24,54,small
001865,train,845,23,75,small
001865,train,201,7,40,small
001865,train,250,9,34,small
001859,train,9560,65,200,large
001861,train,3184,29,200,medium
001861,train,538,15,45,small
001861,train,600,14,50,small
001862,train,3234,27,200,medium
001862,train,611,16,48,small
001862,train,199,11,25,small
001864,train,3726,30,200,medium
001864,train,536,13,55,small
001864,train,577,14,77,small
001863,train,354,13,32,small
001863,train,4182,31,200,medium
001863,train,1306,19,129,medium
001869,train,1453,31,71,medium
001869,train,1833,19,185,medium
001869,train,691,15,65,small
001872,train,1418,21,136,medium
001867,train,418,13,65,small
001867,train,233,8,50,small
001868,train,1447,26,75,medium
001868,train,788,17,69,small
001874,train,1814,27,117,medium
001874,train,622,14,79,small
001874,train,152,8,25,small
001871,train,469,21,46,small
001871,train,563,16,64,small
001871,train,271,11,35,small
001871,train,1625,26,107,medium
001871,train,816,17,98,small
001870,train,370,15,39,small
001870,train,1768,24,108,medium
001866,train,3337,29,172,medium
001866,train,1540,16,160,medium
001873,train,1223,26,75,medium
001873,train,520,10,64,small
001873,train,687,17,77,small
001873,train,1792,30,102,medium
001873,train,489,14,68,small
001875,train,1871,28,119,medium
001875,train,563,11,71,small
001875,train,586,14,83,small
001875,train,1141,23,72,medium
001875,train,174,9,25,small
001877,train,221,8,36,small
001877,train,2031,29,139,medium
001877,train,259,10,34,small
001878,train,477,12,59,small
001878,train,169,9,31,small
001878,train,514,10,76,small
001878,train,655,16,73,small
001879,train,495,13,57,small
001879,train,2111,28,146,medium
001879,train,575,12,72,small
001879,train,706,17,73,small
001876,train,1999,27,150,medium
001876,train,310,14,32,small
001876,train,482,9,71,small
001876,train,648,14,71,small
001881,train,3127,35,159,medium
001882,train,235,11,40,small
001882,train,250,10,30,small
001882,train,170,6,42,small
001882,train,3375,36,194,medium
001882,train,41,4,11,small
001882,train,50,5,15,small
001882,train,904,16,92,small
001880,train,499,17,53,small
001880,train,1474,27,91,medium
001880,train,140,10,19,small
001880,train,194,8,33,small
001880,train,443,12,59,small
001880,train,488,17,49,small
001885,train,207,9,33,small
001885,train,329,9,51,small
001885,train,99,7,20,small
001883,train,409,11,57,small
001883,train,178,5,45,small
001883,train,39,4,12,small
001883,train,42,4,14,small
001883,train,809,18,73,small
001890,train,301,11,52,small
001890,train,153,8,26,small
001890,train,355,10,42,small
001890,train,601,12,77,small
001884,train,293,9,53,small
001884,train,471,10,70,small
001884,train,342,10,43,small
001884,train,164,5,41,small
001884,train,441,13,49,small
001886,train,156,8,31,small
001886,train,187,6,37,small
001889,train,426,14,37,small
001889,train,1340,24,108,medium
001889,train,111,9,19,small
001888,train,1426,25,105,medium
001888,train,217,13,27,small
001887,train,1475,28,93,medium
001887,train,167,12,23,small
001891,train,4266,45,200,medium
001891,train,597,16,46,small
001894,train,3179,49,112,medium
001894,train,864,18,82,small
001893,train,6015,48,200,medium
001893,train,3911,48,177,medium
001892,train,1742,16,173,medium
001897,train,176,10,29,small
001899,train,256,10,36,small
001899,train,86,5,19,small
001899,train,51,6,12,small
001899,train,202,8,39,small
001895,train,1512,22,140,medium
001900,train,103,8,16,small
001900,train,257,11,38,small
001900,train,67,5,15,small
001900,train,55,6,12,small
001900,train,200,7,38,small
001896,train,168,9,31,small
001898,train,55,6,12,small
001898,train,200,7,38,small
001903,train,107,7,21,small
001903,train,111,9,19,small
001903,train,332,13,49,small
001903,train,88,6,18,small
001902,train,130,8,33,small
001902,train,69,8,13,small
001901,train,144,9,23,small
001901,train,101,8,16,small
001901,train,235,10,32,small
001901,train,54,4,15,small
001904,train,109,7,20,small
001904,train,102,8,20,small
001904,train,361,14,48,small
001904,train,103,7,19,small
001910,train,788,15,104,small
001910,train,368,15,53,small
001910,train,449,14,52,small
001910,train,225,7,38,small
001905,train,799,19,70,small
001905,train,228,10,31,small
001905,train,419,11,52,small
001906,train,401,14,47,small
001906,train,862,19,74,small
001906,train,227,12,27,small
001906,train,474,12,54,small
001911,train,3075,37,132,medium
001911,train,179,6,40,small
001911,train,771,14,105,small
001911,train,340,13,50,small
001911,train,114,7,23,small
001911,train,408,14,49,small
001911,train,217,8,38,small
001912,train,5081,56,183,medium
001912,train,208,8,38,small
001912,train,176,7,40,small
001912,train,110,6,28,small
001912,train,119,6,24,small
001907,train,464,15,51,small
001907,train,837,19,74,small
001907,train,205,11,26,small
001907,train,452,11,54,small
001913,train,7129,59,200,medium
001909,train,130,8,26,small
001909,train,432,14,51,small
001908,train,450,14,52,small
001908,train,845,18,72,small
001908,train,208,10,27,small
001917,train,579,15,68,small
001917,train,104,8,18,small
001917,train,254,11,33,small
001919,train,3427,29,199,medium
001919,train,405,13,44,small
001919,train,218,8,41,small
001914,train,858,17,83,small
001914,train,2955,32,140,medium
001916,train,1262,22,135,medium
001916,train,567,15,54,small
001916,train,169,9,23,small
001915,train,852,19,82,small
001915,train,960,16,91,small
001918,train,631,14,75,small
001924,train,5972,49,199,medium
001924,train,493,12,65,small
001924,train,198,11,24,small
001921,train,7035,71,200,medium
001921,train,413,12,48,small
001922,train,2641,36,126,medium
001922,train,206,8,42,small
001922,train,117,6,29,small
001922,train,806,16,101,small
001922,train,340,12,50,small
001922,train,117,6,23,small
001922,train,408,15,45,small
001922,train,198,6,37,small
001927,train,1061,20,116,medium
001927,train,979,19,90,small
001927,train,410,11,45,small
001923,train,2748,38,126,medium
001923,train,137,6,33,small
001923,train,120,7,27,small
001923,train,772,12,99,small
001923,train,318,9,49,small
001923,train,139,7,25,small
001923,train,396,13,47,small
001923,train,209,8,38,small
001920,train,1892,25,123,medium
001920,train,1131,14,147,medium
001925,train,5825,51,198,medium
001925,train,852,13,78,small
001928,train,4171,42,200,medium
001928,train,196,6,41,small
001928,train,121,6,23,small
001933,train,94,7,18,small
001933,train,782,12,121,small
001926,train,900,20,82,small
001926,train,147,8,24,small
001926,train,997,19,80,small
001926,train,190,7,37,small
001929,train,713,13,100,small
001934,train,217,15,31,small
001934,train,377,10,50,small
001930,train,2613,37,187,medium
001935,train,172,12,21,small
001935,train,431,16,43,small
001935,train,412,10,54,small
001935,train,104,5,24,small
001932,train,853,11,124,small
001932,train,165,8,32,small
001931,train,177,8,33,small
001931,train,1708,24,112,medium
001939,train,138,7,25,small
001939,train,122,7,24,small
001937,train,763,11,104,small
001941,train,1583,15,200,medium
001941,train,130,7,22,small
001941,train,424,11,57,small
001938,train,293,12,39,small
001938,train,403,10,52,small
001943,train,2026,35,106,medium
001936,train,366,12,51,small
001936,train,821,19,74,small
001936,train,207,10,28,small
001936,train,466,12,55,small
001940,train,773,12,101,small
001948,train,905,13,127,small
001942,train,2025,22,200,medium
001942,train,615,16,64,small
001944,train,3335,27,184,medium
001947,train,966,13,127,small
001946,train,438,10,65,small
001946,train,1208,23,78,medium
001945,train,3016,28,177,medium
001950,train,2643,29,153,medium
001950,train,3593,28,186,medium
001950,train,125,6,31,small
001952,train,1591,23,108,medium
001952,train,394,8,57,small
001952,train,661,17,61,small
001952,train,506,13,56,small
001951,train,2360,22,141,medium
001951,train,2567,26,160,medium
001951,train,132,5,33,small
001949,train,136,7,30,small
001949,train,551,14,61,small
001949,train,129,7,30,small
001954,train,619,14,80,small
001954,train,296,11,46,small
001956,train,1125,13,138,medium
001956,train,297,11,31,small
001957,train,4957,40,175,medium
001960,train,4620,38,200,medium
001955,train,975,18,84,small
001953,train,1514,21,105,medium
001953,train,895,17,96,small
001953,train,199,10,28,small
001959,train,4173,39,200,medium
001961,train,1353,24,75,medium
001961,train,460,11,59,small
001961,train,1757,25,109,medium
001961,train,252,10,36,small
001958,train,5456,42,200,medium
001958,train,270,10,46,small
001958,train,218,7,40,small
001958,train,212,8,44,small
001963,train,3297,35,182,medium
001965,train,3559,38,186,medium
001965,train,673,14,94,small
001966,train,248,9,46,small
001966,train,473,12,68,small
001968,train,1596,21,103,medium
001968,train,144,8,25,small
001962,train,1234,25,75,medium
001962,train,432,11,59,small
001962,train,1575,23,109,medium
001962,train,300,10,51,small
001967,train,157,13,20,small
001969,train,3005,27,193,medium
001971,train,569,14,77,small
001971,train,978,24,65,small
001970,train,909,12,126,small
001974,train,1155,15,109,medium
001964,train,617,13,93,small
001972,train,1153,24,90,medium
001977,train,4267,38,200,medium
001979,train,359,11,60,small
001973,train,1042,13,127,medium
001973,train,314,11,34,small
001976,train,5604,41,200,medium
001978,train,312,13,36,small
001978,train,853,25,54,small
001982,train,739,15,95,small
001980,train,3438,38,185,medium
001985,train,485,13,60,small
001975,train,5150,42,194,medium
001981,train,3309,36,183,medium
001981,train,712,15,97,small
001984,train,2180,24,134,medium
001983,train,152,12,19,small
001983,train,308,10,56,small
001989,train,746,13,90,small
001988,train,117,6,28,small
001991,train,154,7,41,small
001991,train,172,7,35,small
001991,train,71,4,19,small
001987,train,33,5,11,small
001986,train,2083,22,150,medium
001990,train,902,14,103,small
001993,train,122,5,38,small
001993,train,163,7,33,small
001994,train,56,8,11,small
001994,train,43,5,12,small
001994,train,154,7,42,small
001994,train,181,7,36,small
001996,train,259,11,37,small
001996,train,294,11,42,small
001995,train,231,10,35,small
001995,train,277,11,38,small
001995,train,121,8,29,small
001995,train,64,5,18,small
001999,train,191,10,31,small
002000,train,95,6,26,small
001997,train,49,5,14,small
001997,train,45,4,15,small
001997,train,39,4,13,small
001992,train,125,7,41,small
001992,train,175,6,34,small
001992,train,154,10,27,small
001998,train,218,8,44,small
001998,train,51,5,14,small
002001,train,128,11,17,small
002001,train,46,6,9,small
002003,train,170,7,42,small
002003,train,208,7,37,small
002003,train,193,11,29,small
002002,train,179,6,43,small
002002,train,223,8,38,small
002002,train,98,6,24,small
002006,train,2761,17,200,medium
002006,train,257,8,45,small
002004,train,224,11,29,small
002004,train,99,5,24,small
002004,train,224,8,39,small
002004,train,185,11,29,small
002008,train,2379,17,193,medium
002010,train,2169,19,200,medium
002005,train,207,10,31,small
002005,train,291,11,38,small
002012,train,432,8,78,small
002009,train,459,10,74,small
002009,train,136,7,24,small
002009,train,267,11,29,small
002013,train,300,7,69,small
002013,train,199,7,38,small
002007,train,2979,21,200,medium
002014,train,1257,11,166,medium
002011,train,539,12,64,small
002011,train,151,5,36,small
002017,train,123,6,24,small
002017,train,169,8,28,small
002015,train,414,11,63,small
002015,train,291,11,49,small
002018,train,5268,36,200,medium
002018,train,2051,30,119,medium
002016,train,483,10,90,small
002016,train,395,12,51,small
002020,train,2316,25,122,medium
002020,train,421,13,50,small
002020,train,326,12,41,small
002019,train,1875,20,120,medium
002023,train,636,11,76,small
002022,train,276,7,62,small
002022,train,742,13,73,small
002022,train,576,16,70,small
002021,train,2556,27,151,medium
002021,train,350,15,47,small
002021,train,542,15,50,small
002025,train,4026,33,200,medium
002025,train,231,13,28,small
002025,train,332,8,62,small
002024,train,5024,36,187,medium
002024,train,280,6,62,small
002024,train,783,14,77,small
002024,train,570,16,67,small
002026,train,2176,27,200,medium
002027,train,1757,30,144,medium
002030,train,2251,28,200,medium
002029,train,257,10,36,small
002032,train,917,16,101,small
002028,train,3438,27,200,medium
002031,train,691,16,81,small
002031,train,395,11,62,small
002035,train,271,12,36,small
002035,train,628,19,66,small
002034,train,1143,17,114,medium
002036,train,2742,42,164,medium
002036,train,886,15,94,small
002036,train,653,17,76,small
002040,train,1402,17,146,medium
002033,train,341,11,45,small
002038,train,2875,25,200,medium
002037,train,3902,29,200,medium
002039,train,389,9,80,small
002043,train,883,13,119,small
002045,train,1907,21,165,medium
002042,train,892,17,123,small
002044,train,173,12,32,small
002044,train,213,6,46,small
002046,train,990,17,129,small
002041,train,309,17,44,small
002041,train,164,7,31,small
002047,train,564,11,69,small
002047,train,94,7,18,small
002049,train,317,10,47,small
002049,train,221,10,36,small
002049,train,195,8,36,small
002050,train,1904,22,165,medium
002051,train,1686,22,149,medium
002051,train,293,9,43,small
002051,train,173,7,29,small
002048,train,1238,14,157,medium
002048,train,93,6,20,small
002053,train,152,8,30,small
002053,train,450,12,57,small
002053,train,214,9,40,small
002055,train,308,7,61,small
002055,train,837,14,105,small
002055,train,121,6,24,small
002052,train,159,9,24,small
002052,train,368,10,62,small
002052,train,76,5,20,small
002052,train,133,7,29,small
002057,train,4018,36,163,medium
002059,train,338,9,49,small
002054,train,148,5,35,small
002054,train,93,6,19,small
002054,train,263,7,45,small
002060,train,90,6,18,small
002060,train,143,8,25,small
002060,train,88,7,22,small
002056,train,432,13,53,small
002058,train,144,6,34,small
002058,train,448,15,42,small
002058,train,121,6,25,small
002058,train,120,7,25,small
002061,train,3252,39,122,medium
002061,train,3212,50,81,medium
002063,train,6466,57,184,medium
002064,train,2834,79,77,medium
002069,train,17137,173,200,large
002065,train,6509,50,200,medium
002066,train,1703,53,51,medium
002066,train,6790,54,200,medium
002067,train,2751,57,66,medium
002067,train,2011,43,70,medium
002067,train,6450,71,128,medium
002062,train,1209,33,48,medium
002062,train,2665,72,58,medium
002062,train,2273,49,64,medium
002068,train,8695,73,200,medium
002068,train,1879,53,51,medium
002070,train,7762,66,193,medium
002074,train,4030,38,168,medium
002074,train,998,42,38,small
002074,train,1583,40,59,medium
002073,train,9489,85,200,large
002078,train,2889,80,53,medium
002078,train,6262,84,109,medium
002078,train,1749,50,54,medium
002076,train,1583,40,64,medium
002076,train,1019,40,38,small
002076,train,112,13,11,small
002076,train,13950,191,139,large
002072,train,8245,76,200,medium
002072,train,1686,44,53,medium
002071,train,15160,151,200,large
002077,train,8004,95,169,medium
002077,train,199,16,27,small
002077,train,1571,59,39,medium
002077,train,96,12,10,small
002079,train,2892,57,78,medium
002079,train,5513,75,94,medium
002075,train,4830,77,125,medium
002075,train,94,15,15,small
002075,train,888,51,45,small
002075,train,2102,80,38,medium
002080,train,9746,102,153,large
002087,train,1339,55,40,medium
002087,train,182,26,15,small
002087,train,67,17,10,small
002087,train,82,10,15,small
002084,train,875,29,44,small
002084,train,1416,40,58,medium
002086,train,8053,53,195,medium
002086,train,1214,51,34,medium
002086,train,336,33,19,small
002083,train,3527,58,86,medium
002081,train,5578,79,119,medium
002085,train,2943,50,93,medium
002085,train,1031,39,48,medium
002085,train,1429,41,57,medium
002088,train,8195,68,200,medium
002088,train,1394,55,44,medium
002088,train,188,27,16,small
002088,train,101,20,13,small
002088,train,233,21,22,small
002089,train,1168,36,41,medium
002082,train,7667,130,110,medium
002092,train,5104,77,116,medium
002092,train,1192,27,60,medium
002093,train,5432,69,160,medium
002094,train,2216,66,54,medium
002094,train,268,24,20,small
002094,train,90,13,11,small
002091,train,2207,46,70,medium
002091,train,508,31,30,small
002091,train,622,35,34,small
002090,train,2239,66,53,medium
002090,train,1764,36,74,medium
002090,train,310,26,22,small
002096,train,6926,69,197,medium
002096,train,904,26,49,small
002095,train,1038,35,38,medium
002095,train,3829,43,146,medium
002095,train,744,28,47,small
002103,train,4054,70,97,medium
002103,train,2882,61,80,medium
002103,train,1493,37,52,medium
002098,train,2808,51,82,medium
002098,train,425,31,20,small
002101,train,813,38,36,small
002101,train,2947,64,81,medium
002097,train,1481,35,58,medium
002097,train,8954,169,106,medium
002100,train,1470,34,55,medium
002100,train,1582,37,57,medium
002100,train,241,38,9,small
002099,train,1831,46,51,medium
002099,train,5204,59,128,medium
002099,train,1739,42,57,medium
002102,train,6514,100,179,medium
002104,train,3401,57,103,medium
002105,train,4880,65,134,medium
002105,train,1076,37,43,medium
002106,train,1341,34,57,medium
002106,train,478,26,29,small
002106,train,380,22,23,small
002106,train,861,53,29,small
002106,train,110,21,10,small
002108,train,1664,41,62,medium
002108,train,1102,39,41,medium
002108,train,2160,34,96,medium
002108,train,1303,41,57,medium
002107,train,1247,46,41,medium
002107,train,2758,39,120,medium
002107,train,91,10,12,small
002110,train,6690,63,200,medium
002110,train,1063,33,42,medium
002111,train,94,13,13,small
002111,train,1939,44,67,medium
002112,train,1203,26,65,medium
002109,train,2154,52,58,medium
002109,train,2878,40,118,medium
002114,train,1068,60,35,medium
002116,train,2275,62,74,medium
002116,train,899,28,45,small
002118,train,530,26,30,small
002118,train,1741,33,78,medium
002118,train,1099,39,41,medium
002117,train,532,25,30,small
002117,train,2441,67,74,medium
002117,train,1780,35,77,medium
002113,train,1555,42,60,medium
002115,train,4266,81,77,medium
002119,train,1804,48,49,medium
002119,train,1875,48,53,medium
002120,train,6467,95,128,medium
002121,train,5082,79,113,medium
002121,train,1480,48,58,medium
002121,train,1504,35,49,medium
002123,train,906,39,44,small
002123,train,1098,59,38,medium
002123,train,650,29,29,small
002123,train,354,20,23,small
002122,train,1570,40,61,medium
002122,train,976,38,38,small
002126,train,3956,49,117,medium
002127,train,2004,56,45,medium
002127,train,531,28,28,small
002127,train,810,33,38,small
002125,train,2128,46,69,medium
002125,train,2410,54,86,medium
002128,train,3751,45,152,medium
002128,train,1247,39,56,medium
002124,train,1749,37,83,medium
002124,train,3597,67,140,medium
002124,train,236,27,18,small
002134,train,6447,56,188,medium
002134,train,2239,59,65,medium
002129,train,864,32,36,small
002129,train,4349,82,93,medium
002129,train,1205,40,42,medium
002135,train,3205,51,80,medium
002135,train,1506,44,55,medium
002133,train,3713,47,139,medium
002133,train,708,24,45,small
002130,train,3894,47,153,medium
002132,train,3433,67,93,medium
002131,train,1362,41,66,medium
002131,train,877,32,40,small
002131,train,2893,49,92,medium
002131,train,958,33,48,small
002131,train,1047,39,38,medium
002138,train,3016,87,62,medium
002138,train,6686,174,106,medium
002136,train,7240,107,121,medium
002137,train,2541,86,60,medium
002137,train,2740,89,72,medium
002137,train,3216,81,57,medium
002140,train,9857,140,193,large
002140,train,2279,45,77,medium
002141,train,841,17,72,small
002141,train,1994,41,74,medium
002141,train,3695,48,122,medium
002141,train,907,53,23,small
002143,train,2016,47,64,medium
002143,train,3122,42,92,medium
002143,train,4879,75,131,medium
002143,train,2040,42,77,medium
002143,train,2332,32,81,medium
002142,train,1512,44,62,medium
002142,train,4368,49,124,medium
002142,train,3433,66,85,medium
002142,train,1047,18,66,medium
002142,train,288,34,13,small
002142,train,382,39,14,small
002144,train,1401,34,53,medium
002147,train,5405,59,143,medium
002145,train,3831,84,100,medium
002145,train,848,20,61,small
002148,train,11356,161,129,large
002139,train,3729,89,89,medium
002139,train,5899,167,107,medium
002139,train,295,14,31,small
002149,train,7020,55,200,medium
002149,train,2031,44,64,medium
002149,train,2361,79,55,medium
002150,train,2030,41,61,medium
002150,train,677,17,49,small
002150,train,4125,56,112,medium
002146,train,5244,69,113,medium
002151,train,3176,44,106,medium
002151,train,3188,49,93,medium
002151,train,2365,54,55,medium
002153,train,4843,58,150,medium
002156,train,1768,40,69,medium
002157,train,3559,56,112,medium
002157,train,312,29,15,small
002155,train,3140,45,107,medium
002155,train,3019,47,91,medium
002155,train,2352,54,54,medium
002158,train,1952,44,58,medium
002158,train,12936,172,123,large
002159,train,4654,58,143,medium
002159,train,651,26,35,small
002160,train,4837,76,96,medium
002160,train,999,36,48,small
002152,train,1073,33,42,medium
002152,train,3198,71,78,medium
002162,train,7048,72,171,medium
002162,train,1099,42,37,medium
002162,train,1926,39,61,medium
002154,train,1713,49,63,medium
002154,train,2150,41,101,medium
002154,train,576,26,33,small
002154,train,1668,38,70,medium
002161,train,1791,45,52,medium
002161,train,6671,61,178,medium
002168,train,12889,109,191,large
002168,train,3350,84,70,medium
002165,train,5848,74,109,medium
002165,train,2403,51,91,medium
002165,train,1135,34,54,medium
002169,train,6801,99,113,medium
002169,train,8936,88,200,medium
002169,train,1040,35,44,medium
002164,train,1748,44,70,medium
002164,train,1942,41,59,medium
002164,train,6015,92,117,medium
002164,train,2082,55,91,medium
002163,train,4641,78,95,medium
002163,train,1181,43,36,medium
002167,train,3849,71,78,medium
002167,train,1842,57,48,medium
002170,train,14538,149,200,large
002170,train,408,22,29,small
002170,train,2213,46,72,medium
002166,train,7691,76,137,medium
002166,train,6751,68,196,medium
002166,train,726,29,31,small
002173,train,1567,44,48,medium
002173,train,9927,89,176,large
002174,train,10386,100,183,large
002174,train,4815,94,139,medium
002176,train,5624,57,143,medium
002175,train,763,34,36,small
002175,train,4630,113,112,medium
002171,train,6991,63,197,medium
002177,train,20421,193,200,large
002177,train,867,45,26,small
002172,train,9711,90,184,large
002181,train,4276,78,80,medium
002183,train,1156,64,26,medium
002183,train,3527,76,94,medium
002180,train,5074,78,107,medium
002180,train,4380,42,169,medium
002178,train,275,19,20,small
002178,train,5698,54,145,medium
002178,train,2622,42,109,medium
002178,train,229,25,12,small
002179,train,639,34,28,small
002179,train,1393,28,70,medium
002184,train,2342,43,75,medium
002184,train,7242,67,140,medium
002182,train,7645,77,178,medium
002182,train,3413,40,116,medium
002185,train,2014,41,69,medium
002185,train,242,14,24,small
002186,train,8432,56,200,medium
002189,train,4726,72,120,medium
002189,train,1471,56,42,medium
002189,train,800,29,46,small
002192,train,9984,92,200,large
002192,train,3907,61,94,medium
002192,train,2574,60,73,medium
002192,train,2468,48,78,medium
002188,train,6503,91,102,medium
002188,train,4991,74,93,medium
002188,train,502,34,22,small
002187,train,10954,162,147,large
002191,train,3730,64,93,medium
002191,train,168,15,16,small
002191,train,337,23,22,small
002191,train,2298,46,72,medium
002194,train,10626,152,135,large
002193,train,9806,94,200,large
002195,train,7122,81,200,medium
002195,train,8631,69,200,medium
002190,train,7320,48,181,medium
002190,train,2393,47,77,medium
002190,train,1516,58,45,medium
002190,train,2779,68,54,medium
002190,train,1653,59,44,medium
002199,train,5264,61,144,medium
002199,train,10510,93,191,large
002199,train,1405,35,53,medium
002196,train,7237,72,200,medium
002196,train,1383,33,47,medium
002198,train,9124,79,189,medium
002198,train,2475,46,103,medium
002201,train,7865,54,200,medium
002201,train,12661,125,195,large
002197,train,2068,37,86,medium
002197,train,7215,68,200,medium
002197,train,2318,38,97,medium
002202,train,1771,52,44,medium
002202,train,1070,32,41,medium
002202,train,721,29,41,small
002202,train,6674,95,111,medium
002202,train,2972,57,74,medium
002203,train,4860,103,110,medium
002204,train,1100,33,49,medium
002204,train,568,23,30,small
002204,train,2377,52,64,medium
002206,train,1820,34,80,medium
002206,train,761,31,29,small
002200,train,7558,61,200,medium
002200,train,1477,50,39,medium
002200,train,6275,68,154,medium
002211,train,4584,87,79,medium
002205,train,2084,41,64,medium
002205,train,5497,65,183,medium
002205,train,549,30,32,small
002205,train,1800,48,79,medium
002205,train,6438,132,102,medium
002210,train,1911,48,65,medium
002208,train,12133,102,200,large
002208,train,12104,86,200,large
002209,train,1677,49,58,medium
002209,train,196,26,13,small
002209,train,1214,41,41,medium
002212,train,204,20,13,small
002212,train,3500,77,91,medium
002215,train,7001,77,136,medium
002215,train,670,20,42,small
002215,train,733,16,58,small
002218,train,3027,41,104,medium
002218,train,200,14,25,small
002218,train,1682,40,66,medium
002218,train,105,10,15,small
002218,train,166,18,12,small
002214,train,7386,88,131,medium
002213,train,1481,43,46,medium
002213,train,271,26,15,small
002207,train,13509,109,194,large
002207,train,2838,40,109,medium
002216,train,774,28,47,small
002216,train,5820,77,152,medium
002216,train,1383,34,62,medium
002217,train,13363,166,134,large
002219,train,6610,72,165,medium
002219,train,5675,75,149,medium
002223,train,4328,69,118,medium
002224,train,9576,68,200,large
002224,train,8847,75,200,medium
002227,train,10715,152,135,large
002227,train,262,27,15,small
002225,train,9892,91,200,large
002225,train,9609,120,189,large
002220,train,6038,87,109,medium
002221,train,6332,104,98,medium
002221,train,1830,65,44,medium
002221,train,3290,80,81,medium
002221,train,469,30,22,small
002226,train,10765,81,187,large
002226,train,155,16,14,small
002222,train,808,47,24,small
002222,train,567,38,35,small
002222,train,2375,90,88,medium
002222,train,3843,52,119,medium
002222,train,455,24,32,small
002229,train,8483,114,108,medium
002229,train,1926,48,60,medium
002229,train,197,18,20,small
002232,train,4799,72,122,medium
002230,train,8859,85,200,medium
002231,train,1086,36,38,medium
002231,train,2909,56,80,medium
002231,train,1133,23,67,medium
002231,train,2258,56,59,medium
002234,train,8590,146,123,medium
002234,train,1843,55,54,medium
002228,train,7091,84,134,medium
002235,train,9293,142,200,large
002235,train,1162,38,48,medium
002238,train,2364,55,63,medium
002238,train,7568,64,169,medium
002238,train,113,17,13,small
002238,train,4911,66,110,medium
002233,train,13942,158,200,large
002236,train,14796,170,200,large
002242,train,20533,159,200,large
002241,train,15223,168,200,large
002241,train,2485,52,75,medium
002240,train,7122,53,199,medium
002240,train,497,20,42,small
002244,train,12312,127,200,large
002237,train,1785,59,55,medium
002237,train,106,15,11,small
002237,train,9001,117,133,medium
002237,train,45,9,10,small
002237,train,223,19,25,small
002239,train,6184,72,158,medium
002239,train,2649,52,75,medium
002239,train,2304,53,75,medium
002243,train,6337,69,161,medium
002243,train,2352,49,71,medium
002243,train,1944,46,67,medium
002246,train,5076,60,147,medium
002246,train,1814,53,47,medium
002250,train,10395,70,194,large
002250,train,8601,75,164,medium
002245,train,16660,175,200,large
002251,train,875,62,35,small
002251,train,1187,41,40,medium
002251,train,9668,170,124,large
002251,train,462,34,18,small
002247,train,4770,54,132,medium
002247,train,4025,73,82,medium
002247,train,845,56,21,small
002252,train,3946,65,91,medium
002252,train,6713,145,151,medium
002252,train,388,27,23,small
002249,train,918,63,39,small
002249,train,1190,42,40,medium
002249,train,9418,169,123,large
002248,train,11052,87,200,large
002248,train,1777,32,89,medium
002248,train,258,17,24,small
002253,train,12413,105,200,large
002257,train,4744,87,68,medium
002257,train,1238,30,63,medium
002257,train,483,32,25,small
002257,train,3353,58,77,medium
002259,train,18373,198,198,large
002259,train,3307,104,46,medium
002256,train,7543,59,182,medium
002256,train,2743,64,74,medium
002256,train,2787,40,96,medium
002255,train,7282,79,145,medium
002255,train,4780,72,96,medium
002255,train,4389,81,92,medium
002254,train,7520,62,200,medium
002258,train,8942,88,158,medium
002258,train,1069,41,47,medium
002266,train,598,30,30,small
002266,train,6879,153,96,medium
002266,train,2535,53,65,medium
002266,train,814,36,31,small
002266,train,313,19,18,small
002260,train,27832,197,200,large
002262,train,3409,46,126,medium
002262,train,14496,111,200,large
002262,train,797,43,29,small
002263,train,4122,49,113,medium
002263,train,2104,51,62,medium
002265,train,8272,61,200,medium
002265,train,16923,126,200,large
002267,train,14029,138,200,large
002267,train,748,31,32,small
002267,train,1746,47,60,medium
002267,train,2420,41,68,medium
002261,train,17786,124,200,large
002261,train,293,35,13,small
002264,train,3125,67,83,medium
002264,train,2168,77,61,medium
002269,train,5067,69,104,medium
002268,train,7406,86,113,medium
002268,train,11830,90,198,large
002268,train,1328,33,49,medium
002272,train,13521,131,200,large
002276,train,2603,48,88,medium
002276,train,2802,59,65,medium
002273,train,6200,64,139,medium
002273,train,6357,78,190,medium
002271,train,11026,135,200,large
002270,train,17032,187,191,large
002275,train,100,13,14,small
002275,train,4117,65,99,medium
002275,train,172,12,17,small
002278,train,13166,141,186,large
002278,train,345,14,35,small
002278,train,520,14,48,small
002279,train,13630,194,200,large
002274,train,11730,113,189,large
002274,train,8403,68,200,medium
002277,train,5214,78,108,medium
002277,train,1729,59,41,medium
002277,train,6147,173,89,medium
002286,train,8444,65,200,medium
002286,train,4303,77,110,medium
002280,train,15147,125,200,large
002280,train,2389,22,174,medium
002282,train,2659,94,65,medium
002282,train,2839,77,95,medium
002282,train,1052,39,36,medium
002283,train,9774,138,150,large
002285,train,9876,88,200,large
002285,train,1880,65,54,medium
002285,train,151,20,14,small
002281,train,2617,45,79,medium
002281,train,1649,57,41,medium
002281,train,276,16,24,small
002281,train,8847,159,126,medium
002284,train,689,34,30,small
002284,train,697,45,21,small
002284,train,1519,56,52,medium
002284,train,2231,63,76,medium
002284,train,152,19,16,small
002288,train,3594,77,91,medium
002288,train,2873,68,54,medium
002292,train,4271,68,115,medium
002292,train,1295,66,37,medium
002292,train,1787,44,52,medium
002289,train,781,45,31,small
002289,train,4530,57,116,medium
002291,train,4193,51,135,medium
002287,train,9500,69,196,large
002287,train,8323,78,179,medium
002293,train,2897,60,79,medium
002293,train,3618,71,77,medium
002290,train,2373,69,61,medium
002295,train,4392,85,98,medium
002295,train,1257,46,36,medium
002295,train,755,38,31,small
002295,train,94,13,10,small
002295,train,483,49,14,small
002294,train,3311,73,61,medium
002294,train,1234,42,39,medium
002297,train,3774,48,144,medium
002297,train,8031,96,183,medium
002296,train,6030,91,147,medium
002296,train,625,33,31,small
002296,train,1028,42,33,medium
002298,train,3741,55,94,medium
002298,train,86,18,10,small
002298,train,1909,59,69,medium
002300,train,2987,51,99,medium
002300,train,428,24,29,small
002300,train,1931,42,69,medium
002300,train,858,32,38,small
002302,train,1224,49,35,medium
002302,train,914,37,37,small
002302,train,1351,58,40,medium
002306,train,154,15,17,small
002306,train,3196,47,96,medium
002306,train,4895,78,79,medium
002303,train,5405,104,88,medium
002299,train,12160,112,172,large
002299,train,196,20,23,small
002305,train,3285,64,70,medium
002305,train,650,26,37,small
002305,train,376,33,19,small
002304,train,2119,52,59,medium
002304,train,2666,83,48,medium
002301,train,3246,58,87,medium
002309,train,4728,68,130,medium
002309,train,471,38,22,small
002307,train,5409,63,167,medium
002307,train,1328,62,28,medium
002311,train,3012,90,62,medium
002311,train,1802,49,68,medium
002308,train,557,29,25,small
002308,train,2075,61,68,medium
002308,train,311,21,28,small
002310,train,2387,88,70,medium
002310,train,95,13,12,small
002310,train,72,14,9,small
002310,train,102,17,14,small
002310,train,63,15,9,small
002310,train,119,23,8,small
002316,train,6034,126,103,medium
002316,train,888,39,29,small
002313,train,5262,117,119,medium
002314,train,2623,47,93,medium
002314,train,4624,60,122,medium
002315,train,103,22,7,small
002315,train,2691,56,73,medium
002315,train,310,29,17,small
002315,train,97,20,7,small
002312,train,4316,64,113,medium
002312,train,2081,43,67,medium
002318,train,6034,62,178,medium
002318,train,250,35,15,small
002319,train,420,27,21,small
002319,train,380,16,30,small
002319,train,3630,42,120,medium
002319,train,3829,50,98,medium
002323,train,7351,61,184,medium
002323,train,1797,55,58,medium
002323,train,822,35,34,small
002322,train,3319,54,109,medium
002321,train,685,30,36,small
002321,train,3925,84,73,medium
002317,train,7428,63,199,medium
002317,train,978,52,33,small
002317,train,5055,86,123,medium
002320,train,3509,51,102,medium
002320,train,1621,57,36,medium
002324,train,2384,64,61,medium
002324,train,560,35,24,small
002326,train,1026,34,43,medium
002326,train,4470,60,129,medium
002326,train,2113,46,64,medium
002329,train,850,32,41,small
002329,train,2408,46,83,medium
002329,train,1569,62,48,medium
002325,train,4081,65,132,medium
002331,train,6699,53,200,medium
002331,train,1025,37,42,medium
002327,train,3775,68,94,medium
002327,train,1061,41,46,medium
002327,train,1497,45,53,medium
002332,train,7932,59,200,medium
002332,train,3325,62,85,medium
002330,train,7611,58,189,medium
002328,train,9352,68,200,large
002334,train,11380,116,200,large
002335,train,8522,71,200,medium
002335,train,1831,50,45,medium
002336,train,11552,75,200,large
002336,train,1190,30,56,medium
002337,train,10685,70,200,large
002337,train,393,27,20,small
002338,train,8027,74,173,medium
002340,train,9240,66,200,large
002340,train,5117,57,172,medium
002341,train,7956,62,200,medium
002341,train,2632,81,75,medium
002341,train,2073,46,68,medium
002339,train,3140,40,98,medium
002339,train,3565,77,85,medium
002339,train,652,32,37,small
002339,train,2284,42,67,medium
002333,train,3464,88,89,medium
002333,train,2081,46,66,medium
002343,train,6169,67,185,medium
002346,train,3711,67,145,medium
002346,train,3472,64,81,medium
002346,train,3595,68,70,medium
002345,train,1086,33,52,medium
002345,train,8444,80,193,medium
002345,train,4288,57,114,medium
002342,train,501,32,23,small
002342,train,3827,50,123,medium
002342,train,2159,48,70,medium
002342,train,571,23,42,small
002342,train,873,45,25,small
002344,train,6068,75,114,medium
002344,train,8118,70,192,medium
002348,train,461,28,24,small
002348,train,2751,68,68,medium
002348,train,1798,56,53,medium
002347,train,3487,58,89,medium
002347,train,7172,86,165,medium
002347,train,3567,64,71,medium
002354,train,1703,44,135,medium
002351,train,301,6,75,small
002351,train,173,3,65,small
002349,train,5343,76,119,medium
002349,train,7131,81,167,medium
002352,train,280,7,70,small
002352,train,235,4,64,small
002353,train,245,27,32,small
002353,train,309,6,80,small
002350,train,4639,54,144,medium
002356,train,2185,68,195,medium
002356,train,98,5,23,small
002356,train,213,5,57,small
002355,train,1927,60,158,medium
002359,train,253,11,56,small
002359,train,1017,37,168,small
002359,train,434,19,85,small
002359,train,121,21,42,small
002362,train,318,6,74,small
002362,train,86,5,22,small
002362,train,128,4,43,small
002362,train,179,7,37,small
002357,train,99,4,26,small
002357,train,2162,68,193,medium
002357,train,94,5,23,small
002357,train,212,5,55,small
002360,train,117,3,39,small
002360,train,207,10,55,small
002360,train,678,29,118,small
002360,train,158,4,50,small
002360,train,159,11,35,small
002360,train,56,3,22,small
002361,train,126,5,30,small
002361,train,261,11,56,small
002361,train,840,30,132,small
002361,train,209,5,55,small
002361,train,245,14,49,small
002361,train,98,5,24,small
002363,train,188,8,35,small
002363,train,230,11,56,small
002363,train,60,5,18,small
002365,train,223,5,62,small
002365,train,216,7,41,small
002365,train,237,11,55,small
002365,train,108,4,30,small
002365,train,76,5,22,small
002368,train,342,7,84,small
002369,train,609,8,151,small
002358,train,263,11,56,small
002358,train,859,33,148,small
002358,train,317,15,64,small
002367,train,333,7,83,small
002367,train,41,4,11,small
002367,train,88,5,23,small
002364,train,195,7,41,small
002364,train,250,11,58,small
002364,train,92,6,22,small
002364,train,71,5,18,small
002370,train,693,12,92,small
002373,train,792,14,118,small
002373,train,1368,87,194,medium
002373,train,88,15,23,small
002373,train,342,9,57,small
002366,train,264,6,63,small
002366,train,109,4,29,small
002372,train,670,10,100,small
002372,train,541,12,75,small
002372,train,197,20,30,small
002375,train,1906,26,194,medium
002375,train,1283,61,200,medium
002375,train,140,20,34,small
002375,train,87,16,27,small
002378,train,76,5,22,small
002378,train,158,8,25,small
002378,train,630,11,82,small
002376,train,320,10,52,small
002376,train,169,7,33,small
002376,train,1337,29,127,medium
002376,train,139,21,34,small
002371,train,1031,11,140,medium
002371,train,345,36,51,small
002374,train,2017,27,200,medium
002374,train,170,22,36,small
002374,train,91,17,26,small
002377,train,355,10,51,small
002377,train,370,17,66,small
002377,train,293,25,58,small
002377,train,860,35,148,small
002377,train,153,5,33,small
002377,train,1433,29,128,medium
002377,train,145,20,36,small
002380,train,886,23,101,small
002380,train,132,6,24,small
002380,train,56,5,18,small
002380,train,579,10,81,small
002380,train,360,17,69,small
002380,train,120,13,26,small
002379,train,246,7,46,small
002379,train,931,23,104,small
002379,train,105,5,22,small
002379,train,486,10,68,small
002385,train,3835,22,200,medium
002382,train,723,9,127,small
002382,train,123,6,24,small
002383,train,323,8,60,small
002386,train,3527,22,200,medium
002381,train,532,8,83,small
002381,train,471,10,72,small
002381,train,141,8,32,small
002387,train,3007,19,200,medium
002384,train,3185,22,173,medium
002392,train,3014,18,200,medium
002389,train,3115,19,200,medium
002393,train,2393,16,200,medium
002394,train,3194,18,200,medium
002388,train,3077,19,200,medium
002390,train,3154,19,200,medium
002396,train,3049,200,19,medium
002391,train,3115,19,200,medium
002400,train,6478,37,200,medium
002399,train,3530,25,200,medium
002397,train,3185,27,200,medium
002398,train,3357,25,200,medium
002395,train,3051,200,18,medium
002402,train,6337,34,200,medium
002401,train,5743,38,200,medium
002407,train,4335,31,162,medium
002404,train,4263,26,200,medium
002406,train,5792,33,200,medium
002408,train,5247,31,182,medium
002403,train,4135,23,200,medium
002409,train,4215,200,26,medium
002405,train,5834,35,200,medium
002410,train,4116,200,24,medium
002412,train,5469,200,31,medium
002413,train,3352,194,25,medium
002411,train,4445,200,23,medium
002417,train,1743,13,200,medium
002417,train,2337,15,200,medium
002416,train,1942,17,200,medium
002416,train,2482,17,200,medium
002414,train,3856,200,27,medium
002415,train,4306,200,25,medium
002418,train,1376,13,164,medium
002418,train,1443,13,180,medium
002418,train,671,9,115,small
002418,train,1013,13,113,small
002419,train,2163,14,200,medium
002424,train,382,8,69,small
002424,train,1051,10,177,medium
002426,train,976,9,163,small
002422,train,971,8,200,small
002423,train,810,6,200,small
002421,train,951,7,200,small
002420,train,1238,7,200,medium
002420,train,2578,19,200,medium
002427,train,778,6,200,small
002427,train,865,7,200,small
002425,train,999,10,180,small
002429,train,858,7,174,small
002429,train,717,6,200,small
002429,train,765,6,200,small
002431,train,806,6,169,small
002431,train,576,6,165,small
002431,train,388,5,130,small
002432,train,677,5,169,small
002432,train,648,6,163,small
002432,train,450,6,151,small
002432,train,360,5,120,small
002430,train,1144,9,200,medium
002428,train,892,8,170,small
002428,train,686,6,184,small
002428,train,731,7,184,small
002439,train,383,6,87,small
002435,train,817,6,171,small
002435,train,1283,12,200,medium
002434,train,1138,8,181,medium
002436,train,771,6,169,small
002436,train,1141,10,200,medium
002437,train,1118,11,151,medium
002441,train,2952,19,200,medium
002438,train,199,5,49,small
002438,train,848,10,127,small
002438,train,127,5,29,small
002445,train,1528,14,200,medium
002433,train,372,6,124,small
002433,train,268,4,91,small
002433,train,345,5,69,small
002446,train,2027,24,160,medium
002442,train,187,10,28,small
002442,train,2722,17,200,medium
002440,train,2546,16,200,medium
002448,train,1565,200,17,medium
002443,train,1321,14,162,medium
002443,train,479,6,101,small
002452,train,2607,200,26,medium
002447,train,1408,13,200,medium
002447,train,623,7,143,small
002447,train,248,12,42,small
002449,train,1892,200,15,medium
002444,train,2747,18,200,medium
002453,train,1737,180,23,medium
002450,train,4205,200,25,medium
002457,train,3762,200,30,medium
002455,train,4995,200,30,medium
002458,train,5646,34,200,medium
002459,train,5546,33,200,medium
002456,train,2253,194,23,medium
002451,train,3780,200,33,medium
002460,train,6088,42,200,medium
002454,train,5370,200,36,medium
002462,train,3829,24,200,medium
002462,train,809,8,143,small
002463,train,3871,25,200,medium
002463,train,2067,15,200,medium
002461,train,6106,41,200,medium
002466,train,3541,23,200,medium
002466,train,1119,9,200,medium
002464,train,3809,23,200,medium
002464,train,1841,13,200,medium
002468,train,3599,24,200,medium
002468,train,849,8,172,small
002465,train,3874,24,200,medium
002465,train,1560,10,200,medium
002471,train,3197,26,200,medium
002471,train,133,10,18,small
002471,train,90,9,13,small
002474,train,561,10,90,small
002474,train,199,6,40,small
002472,train,3406,43,197,medium
002470,train,3566,27,200,medium
002470,train,287,5,67,small
002469,train,3553,29,200,medium
002469,train,858,7,177,small
002473,train,2534,38,133,medium
002476,train,1443,185,79,medium
002476,train,122,7,23,small
002467,train,3588,21,200,medium
002467,train,1608,12,200,medium
002479,train,1535,15,200,medium
002478,train,1285,13,195,medium
002477,train,1488,13,200,medium
002475,train,5132,184,177,medium
002480,train,1299,10,200,medium
002481,train,1346,11,200,medium
002482,train,1542,200,94,medium
002482,train,575,7,90,small
002486,train,5506,32,200,medium
002484,train,5904,35,200,medium
002483,train,6443,38,200,medium
002487,train,5715,31,200,medium
002489,train,5819,35,200,medium
002488,train,5567,33,200,medium
002485,train,5802,37,200,medium
002490,train,6175,40,200,medium
002492,train,3528,22,200,medium
002492,train,1942,14,200,medium
002491,train,5875,42,200,medium
002491,train,619,18,56,small
002491,train,206,7,40,small
002491,train,78,4,23,small
002491,train,223,7,39,small
002493,train,3605,22,200,medium
002493,train,1902,13,200,medium
002495,train,3602,21,200,medium
002495,train,1352,10,200,medium
002499,train,4195,43,200,medium
002496,train,3576,24,200,medium
002496,train,742,7,144,small
002497,train,3664,26,200,medium
002497,train,637,7,123,small
002498,train,3479,23,200,medium
002498,train,721,7,146,small
002500,train,1163,8,200,medium
002500,train,126,10,17,small
002494,train,3677,20,200,medium
002494,train,1815,12,200,medium
002505,train,3806,25,200,medium
002505,train,746,8,143,small
002505,train,330,6,82,small
002501,train,3076,19,200,medium
002501,train,446,7,76,small
002504,train,812,13,111,small
002504,train,89,5,23,small
002504,train,782,8,156,small
002504,train,303,7,75,small
002506,train,934,10,141,small
002506,train,481,5,120,small
002506,train,3950,25,200,medium
002506,train,275,5,70,small
002503,train,1147,10,200,medium
002503,train,349,6,84,small
002507,train,1215,9,200,medium
002507,train,305,6,73,small
002507,train,3018,21,200,medium
002502,train,3275,20,200,medium
002502,train,269,5,64,small
002502,train,55,4,14,small
002510,train,837,10,145,small
002510,train,3811,31,186,medium
002510,train,351,6,78,small
002510,train,687,10,102,small
002508,train,280,6,61,small
002508,train,1357,17,200,medium
002508,train,1073,8,170,medium
002508,train,636,6,161,small
002512,train,3368,32,200,medium
002512,train,1142,11,180,medium
002513,train,652,7,157,small
002513,train,3218,20,200,medium
002513,train,243,6,57,small
002513,train,1353,15,200,medium
002513,train,685,5,164,small
002514,train,1262,11,200,medium
002514,train,3594,23,200,medium
002514,train,826,8,152,small
002511,train,2302,20,169,medium
002511,train,753,8,136,small
002511,train,487,12,47,small
002516,train,1074,10,200,medium
002516,train,4276,28,200,medium
002516,train,252,4,66,small
002518,train,178,5,38,small
002518,train,261,5,68,small
002518,train,325,7,71,small
002509,train,3960,31,200,medium
002509,train,945,13,133,small
002517,train,884,7,200,small
002517,train,964,7,200,small
002515,train,1227,11,200,medium
002515,train,3314,28,168,medium
002521,train,426,12,68,small
002521,train,487,7,91,small
002520,train,1015,10,136,small
002520,train,498,11,62,small
002519,train,1684,12,200,medium
002525,train,640,7,146,small
002525,train,3832,23,200,medium
002524,train,792,6,171,small
002524,train,898,7,188,small
002524,train,1258,12,200,medium
002522,train,1303,15,189,medium
002522,train,519,6,117,small
002528,train,4119,26,200,medium
002527,train,1049,8,200,medium
002527,train,3911,22,200,medium
002526,train,923,9,200,small
002526,train,4023,24,200,medium
002529,train,4151,25,200,medium
002530,train,4200,25,200,medium
002523,train,1052,12,156,medium
002534,train,3627,22,200,medium
002533,train,3654,23,200,medium
002531,train,4082,25,200,medium
002532,train,3983,25,200,medium
002538,train,2838,29,200,medium
002538,train,87,6,19,small
002541,train,1208,21,200,medium
002541,train,86,5,28,small
002541,train,110,5,29,small
002535,train,3945,26,200,medium
002537,train,2097,31,200,medium
002537,train,76,6,19,small
002539,train,3035,30,200,medium
002539,train,97,6,19,small
002543,train,141,9,25,small
002543,train,87,5,28,small
002543,train,421,9,94,small
002544,train,141,10,27,small
002544,train,621,12,133,small
002536,train,4087,24,200,medium
002536,train,2422,42,144,medium
002540,train,1077,20,200,medium
002540,train,90,4,30,small
002540,train,390,10,82,small
002547,train,889,6,200,small
002547,train,78,3,26,small
002547,train,52,4,16,small
002547,train,70,4,18,small
002547,train,76,5,23,small
002547,train,250,6,61,small
002542,train,1097,17,200,medium
002546,train,130,3,44,small
002546,train,995,8,200,small
002546,train,126,5,33,small
002552,train,347,5,70,small
002552,train,155,5,31,small
002551,train,1204,10,200,medium
002548,train,984,8,200,small
002548,train,133,6,31,small
002548,train,64,4,16,small
002548,train,54,4,14,small
002548,train,77,5,21,small
002548,train,83,5,20,small
002545,train,39,3,13,small
002545,train,598,8,125,small
002549,train,353,8,55,small
002549,train,621,7,149,small
002549,train,572,9,99,small
002549,train,63,4,17,small
002550,train,409,9,61,small
002550,train,618,10,100,small
002550,train,80,5,16,small
002555,train,785,7,177,small
002557,train,877,8,194,small
002557,train,607,12,83,small
002558,train,407,5,92,small
002558,train,404,6,97,small
002559,train,1228,11,200,medium
002559,train,817,9,200,small
002560,train,727,20,168,small
002560,train,736,21,181,small
002560,train,1496,16,200,medium
002556,train,676,9,149,small
002556,train,974,12,130,small
002556,train,178,16,19,small
002561,train,1872,21,200,medium
002561,train,716,10,147,small
002554,train,946,8,200,small
002563,train,93,6,22,small
002563,train,104,7,31,small
002563,train,2178,21,200,medium
002563,train,106,6,24,small
002563,train,103,5,22,small
002553,train,1050,8,200,medium
002562,train,540,15,119,small
002562,train,480,17,132,small
002562,train,1505,17,200,medium
002564,train,185,6,48,small
002564,train,93,7,23,small
002564,train,321,6,67,small
002564,train,274,7,63,small
002566,train,106,4,29,small
002566,train,57,6,13,small
002566,train,1156,16,112,medium
002566,train,1097,17,109,medium
002568,train,338,5,86,small
002568,train,48,4,12,small
002568,train,465,12,112,small
002568,train,316,10,46,small
002567,train,624,15,151,small
002567,train,1408,17,137,medium
002567,train,288,6,74,small
002567,train,441,12,68,small
002565,train,44,6,12,small
002565,train,277,6,66,small
002565,train,391,9,105,small
002569,train,653,18,133,small
002569,train,665,18,142,small
002569,train,82,5,26,small
002570,train,1195,10,200,medium
002570,train,1001,9,200,small
002570,train,831,9,200,small
002572,train,214,4,54,small
002572,train,333,40,13,small
002572,train,316,41,11,small
002572,train,129,20,9,small
002572,train,51,11,6,small
002576,train,518,122,10,small
002576,train,938,141,12,small
002576,train,197,24,17,small
002571,train,1101,9,200,medium
002571,train,813,7,200,small
002571,train,937,24,200,small
002571,train,161,7,34,small
002571,train,519,15,123,small
002575,train,873,200,6,small
002575,train,345,88,6,small
002573,train,210,70,3,small
002573,train,120,31,5,small
002573,train,783,200,7,small
002574,train,984,177,8,small
002574,train,675,129,9,small
002574,train,132,21,7,small
002574,train,61,17,4,small
002577,train,1192,200,9,medium
002577,train,491,100,6,small
002577,train,362,91,6,small
002578,train,2113,200,21,medium
002578,train,548,110,10,small
002579,train,94,23,8,small
002579,train,324,68,7,small
002579,train,256,67,8,small
002579,train,189,46,6,small
002581,train,563,147,18,small
002581,train,619,157,19,small
002581,train,1563,200,13,medium
002582,train,437,125,8,small
002582,train,107,23,7,small
002582,train,322,69,6,small
002584,train,1329,200,8,medium
002584,train,592,147,8,small
002580,train,1579,137,18,medium
002580,train,991,135,19,small
002580,train,101,27,4,small
002583,train,616,156,16,small
002583,train,273,70,6,small
002583,train,1441,136,17,medium
002588,train,393,108,9,small
002588,train,574,123,7,small
002587,train,73,7,14,small
002587,train,167,58,3,small
002587,train,279,14,34,small
002587,train,322,12,41,small
002587,train,158,9,22,small
002586,train,740,169,8,small
002590,train,1003,200,16,small
002589,train,844,172,14,small
002591,train,2262,197,32,medium
002591,train,74,21,6,small
002585,train,837,200,8,small
002592,train,2169,200,31,medium
002592,train,101,21,7,small
002595,train,3500,200,21,medium
002599,train,4120,200,25,medium
002596,train,3628,200,23,medium
002593,train,845,200,21,small
002593,train,455,115,14,small
002593,train,80,28,6,small
002597,train,3590,200,23,medium
002598,train,4138,200,25,medium
002594,train,861,200,16,small
002600,train,3878,200,24,medium
002601,train,3839,200,22,medium
002604,train,859,176,8,small
002604,train,514,76,10,small
002604,train,342,42,10,small
002604,train,1621,114,18,medium
002604,train,316,80,6,small
002604,train,160,41,5,small
002602,train,494,104,7,small
002602,train,4036,200,23,medium
002608,train,1211,200,11,medium
002608,train,274,80,7,small
002606,train,101,24,5,small
002606,train,1186,200,14,medium
002603,train,386,100,5,small
002603,train,3887,200,23,medium
002605,train,109,44,4,small
002605,train,847,149,10,small
002605,train,2284,200,21,medium
002609,train,90,22,5,small
002609,train,509,110,7,small
002609,train,105,24,6,small
002609,train,267,80,6,small
002609,train,744,112,13,small
002607,train,307,81,7,small
002607,train,782,114,14,small
002610,train,57,13,5,small
002610,train,101,22,6,small
002610,train,269,57,6,small
002610,train,303,88,4,small
002610,train,1153,200,13,medium
002611,train,449,109,6,small
002611,train,587,112,7,small
002611,train,1948,200,19,medium
002612,train,858,169,8,small
002612,train,242,36,9,small
002612,train,430,48,11,small
002612,train,210,60,4,small
002615,train,3468,200,21,medium
002615,train,53,11,5,small
002615,train,584,111,7,small
002615,train,76,22,5,small
002615,train,132,33,4,small
002615,train,246,71,7,small
002615,train,703,128,14,small
002613,train,962,200,9,small
002613,train,2402,133,26,medium
002613,train,125,32,4,small
002613,train,893,153,10,small
002614,train,1129,200,9,medium
002614,train,3983,200,30,medium
002614,train,78,17,6,small
002614,train,109,23,6,small
002614,train,216,56,5,small
002614,train,373,83,5,small
002616,train,167,54,5,small
002616,train,3239,200,20,medium
002616,train,451,82,8,small
002618,train,268,59,6,small
002618,train,803,148,10,small
002618,train,213,54,4,small
002618,train,530,136,6,small
002618,train,2611,200,20,medium
002622,train,1558,200,13,medium
002622,train,78,18,5,small
002620,train,262,56,5,small
002620,train,1170,200,11,medium
002620,train,588,165,6,small
002620,train,3341,200,21,medium
002619,train,1206,200,10,medium
002619,train,139,34,5,small
002619,train,2963,200,19,medium
002621,train,61,13,5,small
002621,train,87,20,5,small
002621,train,86,18,5,small
002621,train,176,37,5,small
002621,train,37,10,4,small
002621,train,66,12,8,small
002621,train,196,35,7,small
002621,train,666,127,9,small
002623,train,1369,177,17,medium
002623,train,723,156,7,small
002624,train,884,114,15,small
002624,train,216,44,5,small
002626,train,1221,142,13,medium
002626,train,151,18,12,small
002625,train,453,56,11,small
002625,train,954,139,11,small
002617,train,53,14,4,small
002617,train,254,67,5,small
002617,train,67,17,4,small
002617,train,3113,200,20,medium
002627,train,3677,32,200,medium
002629,train,1937,18,200,medium
002628,train,2656,24,200,medium
002630,train,1405,200,14,medium
002630,train,528,126,6,small
002632,train,176,45,4,small
002632,train,69,20,5,small
002632,train,157,49,4,small
002632,train,2017,200,49,medium
002632,train,82,23,6,small
002634,train,613,105,10,small
002634,train,994,87,22,small
002634,train,124,32,20,small
002634,train,83,24,14,small
002634,train,1223,200,61,medium
002636,train,466,73,9,small
002636,train,115,23,6,small
002636,train,195,41,8,small
002636,train,790,98,22,small
002636,train,251,47,14,small
002636,train,145,34,8,small
002631,train,2912,200,19,medium
002633,train,106,31,4,small
002633,train,150,40,5,small
002633,train,79,21,6,small
002633,train,210,38,9,small
002633,train,218,55,11,small
002633,train,53,18,5,small
002639,train,1691,194,47,medium
002639,train,272,69,32,small
002639,train,145,44,10,small
002635,train,1290,123,29,medium
002635,train,140,33,6,small
002635,train,321,53,9,small
002635,train,151,37,23,small
002635,train,269,60,25,small
002635,train,755,145,35,small
002635,train,310,69,16,small
002641,train,497,51,15,small
002641,train,309,45,12,small
002641,train,332,46,11,small
002643,train,2491,200,26,medium
002643,train,1341,74,26,medium
002642,train,1566,79,26,medium
002642,train,315,35,14,small
002642,train,400,45,13,small
002642,train,467,54,13,small
002640,train,1028,100,29,medium
002640,train,151,32,6,small
002640,train,476,80,9,small
002638,train,451,63,10,small
002638,train,1274,123,28,medium
002638,train,151,32,5,small
002638,train,130,34,21,small
002638,train,61,21,12,small
002637,train,289,52,8,small
002637,train,387,84,7,small
002645,train,2617,189,25,medium
002645,train,2331,129,27,medium
002647,train,1385,112,19,medium
002647,train,187,29,8,small
002647,train,251,29,11,small
002644,train,416,47,12,small
002644,train,223,32,10,small
002644,train,601,60,15,small
002649,train,1398,110,19,medium
002646,train,1937,186,20,medium
002646,train,1357,97,24,medium
002648,train,1155,73,23,medium
002648,train,1305,129,17,medium
002648,train,364,50,10,small
002652,train,1770,141,24,medium
002652,train,253,30,12,small
002652,train,3048,151,41,medium
002652,train,1063,44,31,medium
002650,train,3072,200,36,medium
002650,train,539,42,17,small
002651,train,3599,194,29,medium
002651,train,634,46,19,small
002651,train,4960,200,37,medium
002653,train,3958,167,49,medium
002653,train,284,41,9,small
002654,train,1555,73,30,medium
002654,train,917,56,19,small
002654,train,601,48,17,small
002654,train,464,44,13,small
002659,train,2891,187,30,medium
002659,train,2186,144,38,medium
002660,train,9935,200,78,large
002661,train,1255,80,25,medium
002661,train,481,55,14,small
002661,train,611,55,20,small
002655,train,2009,143,28,medium
002655,train,170,25,9,small
002655,train,180,19,12,small
002655,train,1799,81,38,medium
002655,train,1597,75,30,medium
002658,train,1091,77,24,medium
002658,train,1048,79,19,medium
002658,train,375,30,17,small
002656,train,364,48,11,small
002656,train,224,38,8,small
002656,train,91,20,6,small
002656,train,263,31,10,small
002662,train,3307,200,25,medium
002663,train,3389,200,27,medium
002664,train,1301,102,19,medium
002657,train,516,64,13,small
002657,train,401,56,10,small
002666,train,10273,200,65,large
002666,train,487,56,14,small
002669,train,1498,95,22,medium
002669,train,333,36,14,small
002669,train,817,72,17,small
002669,train,545,53,13,small
002668,train,6568,200,53,medium
002668,train,2450,124,30,medium
002668,train,531,34,23,small
002665,train,655,48,19,small
002665,train,331,47,10,small
002665,train,423,48,12,small
002665,train,4619,200,34,medium
002667,train,8630,200,49,medium
002667,train,470,49,14,small
002667,train,4923,200,41,medium
002674,train,1038,79,22,medium
002674,train,194,27,9,small
002674,train,1026,90,21,medium
002674,train,304,41,12,small
002672,train,397,67,12,small
002670,train,385,50,11,small
002670,train,1603,154,21,medium
002673,train,1053,76,23,medium
002673,train,154,23,9,small
002671,train,1476,102,28,medium
002671,train,2374,87,41,medium
002671,train,302,32,12,small
002676,train,1568,155,18,medium
002676,train,671,57,17,small
002676,train,1804,115,30,medium
002678,train,358,39,15,small
002678,train,1734,102,27,medium
002678,train,708,62,17,small
002678,train,1248,93,26,medium
002677,train,172,21,12,small
002677,train,332,34,14,small
002677,train,1836,102,27,medium
002677,train,670,68,16,small
002677,train,1420,105,30,medium
002675,train,338,37,12,small
002675,train,336,39,13,small
002675,train,526,58,14,small
002675,train,210,28,9,small
002680,train,1603,122,20,medium
002680,train,1636,99,27,medium
002679,train,196,20,13,small
002679,train,542,59,15,small
002679,train,1803,105,29,medium
002683,train,759,67,17,small
002683,train,555,44,18,small
002682,train,1960,127,32,medium
002682,train,287,23,17,small
002684,train,364,45,10,small
002684,train,566,41,19,small
002684,train,802,73,23,small
002681,train,2183,134,36,medium
002687,train,679,67,17,small
002686,train,2115,170,29,medium
002686,train,303,37,11,small
002688,train,611,66,15,small
002685,train,2182,169,30,medium
002685,train,290,39,9,small
002689,train,709,69,18,small
002689,train,878,73,21,small
002693,train,260,47,9,small
002693,train,309,59,11,small
002694,train,983,98,18,small
002694,train,272,55,10,small
002692,train,204,31,11,small
002692,train,722,69,16,small
002692,train,255,51,9,small
002695,train,273,46,8,small
002695,train,2210,171,29,medium
002690,train,226,38,9,small
002690,train,681,62,18,small
002690,train,230,47,9,small
002691,train,1238,66,28,medium
002691,train,979,87,25,small
002691,train,1045,68,25,medium
002697,train,131,26,7,small
002697,train,160,41,6,small
002697,train,766,44,35,small
002697,train,233,29,11,small
002696,train,2205,172,26,medium
002699,train,172,30,9,small
002699,train,150,35,5,small
002699,train,440,60,11,small
002698,train,151,30,8,small
002698,train,172,45,7,small
002701,train,1310,67,31,medium
002701,train,139,21,9,small
002703,train,1580,116,22,medium
002703,train,397,57,11,small
002700,train,353,55,12,small
002702,train,529,63,13,small
002709,train,1331,119,27,medium
002709,train,1289,123,21,medium
002704,train,773,86,20,small
002704,train,1521,121,20,medium
002704,train,428,67,12,small
002704,train,135,18,12,small
002710,train,227,49,9,small
002710,train,818,47,24,small
002710,train,2141,107,34,medium
002710,train,1088,65,26,medium
002706,train,282,41,10,small
002706,train,3074,200,28,medium
002706,train,287,39,11,small
002706,train,143,20,10,small
002711,train,226,30,9,small
002711,train,3299,194,37,medium
002711,train,249,40,11,small
002711,train,871,91,16,small
002712,train,262,39,10,small
002712,train,929,92,15,small
002708,train,104,15,10,small
002708,train,674,48,23,small
002708,train,532,65,13,small
002705,train,2100,169,23,medium
002705,train,648,46,22,small
002705,train,268,34,11,small
002705,train,122,17,10,small
002707,train,314,43,10,small
002707,train,2274,126,27,medium
002713,train,396,47,11,small
002713,train,1236,158,19,medium
002713,train,765,86,17,small
002716,train,380,45,10,small
002716,train,654,73,16,small
002716,train,444,67,11,small
002718,train,241,44,14,small
002718,train,218,47,8,small
002717,train,119,24,8,small
002717,train,172,36,7,small
002717,train,349,44,10,small
002717,train,566,65,13,small
002717,train,491,69,12,small
002719,train,217,42,13,small
002720,train,455,70,10,small
002720,train,157,39,5,small
002715,train,222,38,9,small
002715,train,329,42,9,small
002715,train,601,75,14,small
002715,train,473,67,11,small
002721,train,222,43,13,small
002721,train,231,42,8,small
002714,train,117,22,7,small
002714,train,206,40,9,small
002714,train,348,42,11,small
002714,train,1064,116,20,medium
002714,train,254,45,9,small
002723,train,181,32,8,small
002723,train,648,82,13,small
002723,train,394,65,13,small
002723,train,231,51,7,small
002722,train,827,108,14,small
002722,train,242,49,7,small
002722,train,170,28,11,small
002725,train,106,23,6,small
002725,train,690,91,14,small
002725,train,103,28,6,small
002725,train,163,28,10,small
002724,train,752,84,15,small
002724,train,659,80,13,small
002724,train,430,66,14,small
002724,train,109,29,5,small
002724,train,176,29,10,small
002726,train,996,81,21,small
002729,train,9560,200,65,large
002728,train,10022,200,67,large
002730,train,2756,199,25,medium
002730,train,448,44,13,small
002730,train,132,16,10,small
002730,train,319,35,10,small
002730,train,191,20,13,small
002727,train,109,24,6,small
002727,train,770,95,13,small
002731,train,3184,200,29,medium
002731,train,600,50,14,small
002731,train,538,45,15,small
002732,train,3234,200,27,medium
002732,train,611,48,16,small
002732,train,199,25,11,small
002738,train,1447,75,26,medium
002738,train,788,69,17,small
002734,train,3726,200,30,medium
002734,train,536,55,13,small
002734,train,577,77,14,small
002735,train,3840,108,68,medium
002735,train,450,56,13,small
002735,train,845,75,23,small
002735,train,201,40,7,small
002735,train,793,54,24,small
002735,train,250,34,9,small
002735,train,408,39,16,small
002733,train,4182,200,31,medium
002733,train,354,32,13,small
002733,train,1306,129,19,medium
002737,train,418,65,13,small
002737,train,233,50,8,small
002736,train,3337,172,29,medium
002736,train,1540,160,16,medium
002739,train,1453,71,31,medium
002739,train,691,65,15,small
002739,train,1833,185,19,medium
002741,train,1625,107,26,medium
002741,train,271,35,11,small
002741,train,563,64,16,small
002741,train,469,46,21,small
002741,train,816,98,17,small
002742,train,1418,136,21,medium
002744,train,622,79,14,small
002744,train,1814,117,27,medium
002744,train,152,25,8,small
002740,train,1768,108,24,medium
002740,train,370,39,15,small
002748,train,169,31,9,small
002748,train,477,59,12,small
002748,train,514,76,10,small
002748,train,655,73,16,small
002743,train,1792,102,30,medium
002743,train,520,64,10,small
002743,train,687,77,17,small
002743,train,1223,75,26,medium
002743,train,489,68,14,small
002746,train,310,32,14,small
002746,train,482,71,9,small
002746,train,648,71,14,small
002746,train,1999,150,27,medium
002745,train,1141,72,23,medium
002745,train,563,71,11,small
002745,train,586,83,14,small
002745,train,1871,119,28,medium
002745,train,174,25,9,small
002749,train,495,57,13,small
002749,train,575,72,12,small
002749,train,706,73,17,small
002749,train,2111,146,28,medium
002747,train,2031,139,29,medium
002747,train,221,36,8,small
002747,train,259,34,10,small
002752,train,250,30,10,small
002752,train,3375,194,36,medium
002752,train,235,40,11,small
002752,train,41,11,4,small
002752,train,50,15,5,small
002752,train,170,42,6,small
002752,train,904,92,16,small
002754,train,293,53,9,small
002754,train,342,43,10,small
002754,train,441,49,13,small
002754,train,471,70,10,small
002754,train,164,41,5,small
002751,train,3127,159,35,medium
002756,train,156,31,8,small
002756,train,187,37,6,small
002758,train,1426,105,25,medium
002758,train,217,27,13,small
002753,train,409,57,11,small
002753,train,39,12,4,small
002753,train,42,14,4,small
002753,train,178,45,5,small
002753,train,809,73,18,small
002750,train,1474,91,27,medium
002750,train,443,59,12,small
002750,train,488,49,17,small
002750,train,194,33,8,small
002750,train,499,53,17,small
002750,train,140,19,10,small
002757,train,1475,93,28,medium
002757,train,167,23,12,small
002763,train,6015,200,48,medium
002763,train,3911,177,48,medium
002765,train,1512,140,22,medium
002755,train,99,20,7,small
002755,train,207,33,9,small
002755,train,329,51,9,small
002759,train,1340,108,24,medium
002759,train,111,19,9,small
002759,train,426,37,14,small
002761,train,4266,200,45,medium
002761,train,597,46,16,small
002764,train,3179,112,49,medium
002764,train,864,82,18,small
002760,train,153,26,8,small
002760,train,301,52,11,small
002760,train,355,42,10,small
002760,train,601,77,12,small
002769,train,256,36,10,small
002769,train,86,19,5,small
002769,train,202,39,8,small
002769,train,51,12,6,small
002762,train,1742,173,16,medium
002768,train,200,38,7,small
002768,train,55,12,6,small
002767,train,176,29,10,small
002766,train,168,31,9,small
002771,train,101,16,8,small
002771,train,144,23,9,small
002771,train,235,32,10,small
002771,train,54,15,4,small
002773,train,332,49,13,small
002773,train,107,21,7,small
002773,train,111,19,9,small
002773,train,88,18,6,small
002772,train,69,13,8,small
002772,train,130,33,8,small
002770,train,103,16,8,small
002770,train,257,38,11,small
002770,train,67,15,5,small
002770,train,200,38,7,small
002770,train,55,12,6,small
002777,train,452,54,11,small
002777,train,464,51,15,small
002777,train,837,74,19,small
002777,train,205,26,11,small
002774,train,361,48,14,small
002774,train,109,20,7,small
002774,train,102,20,8,small
002774,train,103,19,7,small
002780,train,368,53,15,small
002780,train,449,52,14,small
002780,train,788,104,15,small
002780,train,225,38,7,small
002776,train,474,54,12,small
002776,train,401,47,14,small
002776,train,862,74,19,small
002776,train,227,27,12,small
002775,train,419,52,11,small
002775,train,799,70,19,small
002775,train,228,31,10,small
002783,train,7129,200,59,medium
002778,train,450,52,14,small
002778,train,845,72,18,small
002778,train,208,27,10,small
002779,train,432,51,14,small
002779,train,130,26,8,small
002782,train,110,28,6,small
002782,train,208,38,8,small
002782,train,5081,183,56,medium
002782,train,119,24,6,small
002782,train,176,40,7,small
002781,train,340,50,13,small
002781,train,408,49,14,small
002781,train,771,105,14,small
002781,train,217,38,8,small
002781,train,3075,132,37,medium
002781,train,114,23,7,small
002781,train,179,40,6,small
002787,train,579,68,15,small
002787,train,104,18,8,small
002787,train,254,33,11,small
002786,train,169,23,9,small
002786,train,1262,135,22,medium
002786,train,567,54,15,small
002785,train,960,91,16,small
002785,train,852,82,19,small
002784,train,858,83,17,small
002784,train,2955,140,32,medium
002788,train,631,75,14,small
002789,train,405,44,13,small
002789,train,218,41,8,small
002789,train,3427,199,29,medium
002791,train,7035,200,71,medium
002791,train,413,48,12,small
002790,train,1131,147,14,medium
002790,train,1892,123,25,medium
002794,train,198,24,11,small
002794,train,493,65,12,small
002794,train,5972,199,49,medium
002793,train,318,49,9,small
002793,train,396,47,13,small
002793,train,772,99,12,small
002793,train,209,38,8,small
002793,train,120,27,7,small
002793,train,2748,126,38,medium
002793,train,139,25,7,small
002793,train,137,33,6,small
002796,train,997,80,19,small
002796,train,900,82,20,small
002796,train,147,24,8,small
002796,train,190,37,7,small
002795,train,852,78,13,small
002795,train,5825,198,51,medium
002792,train,340,50,12,small
002792,train,408,45,15,small
002792,train,806,101,16,small
002792,train,198,37,6,small
002792,train,117,29,6,small
002792,train,2641,126,36,medium
002792,train,117,23,6,small
002792,train,206,42,8,small
002797,train,979,90,19,small
002797,train,1061,116,20,medium
002797,train,410,45,11,small
002799,train,713,100,13,small
002802,train,853,124,11,small
002802,train,165,32,8,small
002800,train,2613,187,37,medium
002798,train,4171,200,42,medium
002798,train,121,23,6,small
002798,train,196,41,6,small
002801,train,177,33,8,small
002801,train,1708,112,24,medium
002805,train,412,54,10,small
002805,train,431,43,16,small
002805,train,172,21,12,small
002805,train,104,24,5,small
002803,train,782,121,12,small
002803,train,94,18,7,small
002804,train,217,31,15,small
002804,train,377,50,10,small
002806,train,466,55,12,small
002806,train,366,51,12,small
002806,train,821,74,19,small
002806,train,207,28,10,small
002809,train,138,25,7,small
002809,train,122,24,7,small
002807,train,763,104,11,small
002814,train,3335,184,27,medium
002808,train,293,39,12,small
002808,train,403,52,10,small
002811,train,130,22,7,small
002811,train,424,57,11,small
002811,train,1583,200,15,medium
002812,train,615,64,16,small
002812,train,2025,200,22,medium
002815,train,3016,177,28,medium
002816,train,1208,78,23,medium
002816,train,438,65,10,small
002810,train,773,101,12,small
002813,train,2026,106,35,medium
002817,train,966,127,13,small
002818,train,905,127,13,small
002822,train,394,57,8,small
002822,train,661,61,17,small
002822,train,1591,108,23,medium
002822,train,506,56,13,small
002820,train,125,31,6,small
002820,train,2643,153,29,medium
002820,train,3593,186,28,medium
002825,train,975,84,18,small
002824,train,619,80,14,small
002824,train,296,46,11,small
002821,train,2360,141,22,medium
002821,train,132,33,5,small
002821,train,2567,160,26,medium
002819,train,136,30,7,small
002819,train,129,30,7,small
002819,train,551,61,14,small
002826,train,1125,138,13,medium
002826,train,297,31,11,small
002823,train,895,96,17,small
002823,train,199,28,10,small
002823,train,1514,105,21,medium
002827,train,4957,175,40,medium
002831,train,460,59,11,small
002831,train,252,36,10,small
002831,train,1757,109,25,medium
002831,train,1353,75,24,medium
002834,train,617,93,13,small
002832,train,432,59,11,small
002832,train,300,51,10,small
002832,train,1575,109,23,medium
002832,train,1234,75,25,medium
002835,train,673,94,14,small
002835,train,3559,186,38,medium
002829,train,4173,200,39,medium
002828,train,270,46,10,small
002828,train,212,44,8,small
002828,train,218,40,7,small
002828,train,5456,200,42,medium
002833,train,3297,182,35,medium
002830,train,4620,200,38,medium
002838,train,1596,103,21,medium
002838,train,144,25,8,small
002837,train,157,20,13,small
002842,train,1153,90,24,medium
002836,train,248,46,9,small
002836,train,473,68,12,small
002839,train,3005,193,27,medium
002840,train,909,126,12,small
002844,train,1155,109,15,medium
002847,train,4267,200,38,medium
002841,train,978,65,24,small
002841,train,569,77,14,small
002846,train,5604,200,41,medium
002843,train,1042,127,13,medium
002843,train,314,34,11,small
002845,train,5150,194,42,medium
002849,train,359,60,11,small
002848,train,853,54,25,small
002848,train,312,36,13,small
002851,train,712,97,15,small
002851,train,3309,183,36,medium
002850,train,3438,185,38,medium
002854,train,2180,134,24,medium
002856,train,2083,150,22,medium
002855,train,485,60,13,small
002853,train,308,56,10,small
002853,train,152,19,12,small
002852,train,739,95,15,small
002860,train,902,103,14,small
002857,train,33,11,5,small
002861,train,71,19,4,small
002861,train,172,35,7,small
002861,train,154,41,7,small
002858,train,117,28,6,small
002859,train,746,90,13,small
002865,train,121,29,8,small
002865,train,277,38,11,small
002865,train,64,18,5,small
002865,train,231,35,10,small
002862,train,175,34,6,small
002862,train,125,41,7,small
002862,train,154,27,10,small
002866,train,294,42,11,small
002866,train,259,37,11,small
002868,train,51,14,5,small
002868,train,218,44,8,small
002863,train,163,33,7,small
002863,train,122,38,5,small
002864,train,43,12,5,small
002864,train,181,36,7,small
002864,train,56,11,8,small
002864,train,154,42,7,small
002870,train,95,26,6,small
002872,train,98,24,6,small
002872,train,223,38,8,small
002872,train,179,43,6,small
002874,train,224,39,8,small
002874,train,224,29,11,small
002874,train,99,24,5,small
002874,train,185,29,11,small
002871,train,46,9,6,small
002871,train,128,17,11,small
002873,train,208,37,7,small
002873,train,170,42,7,small
002873,train,193,29,11,small
002875,train,291,38,11,small
002875,train,207,31,10,small
002877,train,2979,200,21,medium
002869,train,191,31,10,small
002878,train,2379,193,17,medium
002867,train,39,13,4,small
002867,train,45,15,4,small
002867,train,49,14,5,small
002876,train,257,45,8,small
002876,train,2761,200,17,medium
002879,train,459,74,10,small
002879,train,136,24,7,small
002879,train,267,29,11,small
002884,train,1257,166,11,medium
002881,train,539,64,12,small
002881,train,151,36,5,small
002880,train,2169,200,19,medium
002885,train,414,63,11,small
002885,train,291,49,11,small
002882,train,432,78,8,small
002883,train,300,69,7,small
002883,train,199,38,7,small
002887,train,123,24,6,small
002887,train,169,28,8,small
002888,train,2051,119,30,medium
002888,train,5268,200,36,medium
002889,train,1875,120,20,medium
002891,train,542,50,15,small
002891,train,2556,151,27,medium
002891,train,350,47,15,small
002892,train,742,73,13,small
002892,train,576,70,16,small
002892,train,276,62,7,small
002886,train,395,51,12,small
002886,train,483,90,10,small
002890,train,421,50,13,small
002890,train,2316,122,25,medium
002890,train,326,41,12,small
002894,train,783,77,14,small
002894,train,570,67,16,small
002894,train,280,62,6,small
002894,train,5024,187,36,medium
002895,train,231,28,13,small
002895,train,332,62,8,small
002895,train,4026,200,33,medium
002893,train,636,76,11,small
002898,train,3438,200,27,medium
002896,train,2176,200,27,medium
002897,train,1757,144,30,medium
002899,train,257,36,10,small
002904,train,1143,114,17,medium
002902,train,917,101,16,small
002905,train,628,66,19,small
002905,train,271,36,12,small
002903,train,341,45,11,small
002901,train,395,62,11,small
002901,train,691,81,16,small
002907,train,3902,200,29,medium
002906,train,2742,164,42,medium
002906,train,886,94,15,small
002906,train,653,76,17,small
002900,train,2251,200,28,medium
002908,train,2875,200,25,medium
002909,train,389,80,9,small
002915,train,1907,165,21,medium
002910,train,1402,146,17,medium
002914,train,213,46,6,small
002914,train,173,32,12,small
002918,train,1238,157,14,medium
002918,train,93,20,6,small
002919,train,317,47,10,small
002919,train,221,36,10,small
002919,train,195,36,8,small
002917,train,564,69,11,small
002917,train,94,18,7,small
002913,train,883,119,13,small
002911,train,309,44,17,small
002911,train,164,31,7,small
002916,train,990,129,17,small
002920,train,1904,165,22,medium
002912,train,892,123,17,small
002924,train,263,45,7,small
002924,train,148,35,5,small
002924,train,93,19,6,small
002925,train,837,105,14,small
002925,train,121,24,6,small
002925,train,308,61,7,small
002922,train,76,20,5,small
002922,train,133,29,7,small
002922,train,159,24,9,small
002922,train,368,62,10,small
002926,train,432,53,13,small
002921,train,173,29,7,small
002921,train,293,43,9,small
002921,train,1686,149,22,medium
002930,train,90,18,6,small
002930,train,88,22,7,small
002930,train,143,25,8,small
002927,train,4018,163,36,medium
002923,train,214,40,9,small
002923,train,152,30,8,small
002923,train,450,57,12,small
002929,train,338,49,9,small
002932,train,1209,48,33,medium
002932,train,2665,58,72,medium
002932,train,2273,64,49,medium
002928,train,121,25,6,small
002928,train,120,25,7,small
002928,train,144,34,6,small
002928,train,448,42,15,small
002931,train,3212,81,50,medium
002931,train,3252,122,39,medium
002936,train,6790,200,54,medium
002936,train,1703,51,53,medium
002939,train,17137,200,173,large
002935,train,6509,200,50,medium
002934,train,2834,77,79,medium
002937,train,2011,70,43,medium
002937,train,6450,128,71,medium
002937,train,2751,66,57,medium
002938,train,8695,200,73,medium
002938,train,1879,51,53,medium
002941,train,15160,200,151,large
002940,train,7762,193,66,medium
002933,train,6466,184,57,medium
002945,train,2102,38,80,medium
002945,train,94,15,15,small
002945,train,888,45,51,small
002945,train,4830,125,77,medium
002944,train,4030,168,38,medium
002944,train,1583,59,40,medium
002944,train,998,38,42,small
002947,train,8004,169,95,medium
002947,train,1571,39,59,medium
002947,train,199,27,16,small
002947,train,96,10,12,small
002949,train,5513,94,75,medium
002949,train,2892,78,57,medium
002946,train,1583,64,40,medium
002946,train,13950,139,191,large
002946,train,112,11,13,small
002946,train,1019,38,40,small
002948,train,6262,109,84,medium
002948,train,1749,54,50,medium
002948,train,2889,53,80,medium
002942,train,1686,53,44,medium
002942,train,8245,200,76,medium
002952,train,7667,110,130,medium
002943,train,9489,200,85,large
002953,train,3527,86,58,medium
002950,train,9746,153,102,large
002954,train,1416,58,40,medium
002954,train,875,44,29,small
002959,train,1168,41,36,medium
002957,train,1339,40,55,medium
002957,train,182,15,26,small
002957,train,82,15,10,small
002957,train,67,10,17,small
002951,train,5578,119,79,medium
002958,train,8195,200,68,medium
002958,train,1394,44,55,medium
002958,train,188,16,27,small
002958,train,233,22,21,small
002958,train,101,13,20,small
002963,train,5432,160,69,medium
002962,train,5104,116,77,medium
002962,train,1192,60,27,medium
002956,train,1214,34,51,medium
002956,train,336,19,33,small
002956,train,8053,195,53,medium
002955,train,1429,57,41,medium
002955,train,2943,93,50,medium
002955,train,1031,48,39,medium
002961,train,508,30,31,small
002961,train,2207,70,46,medium
002961,train,622,34,35,small
002960,train,1764,74,36,medium
002960,train,310,22,26,small
002960,train,2239,53,66,medium
002964,train,268,20,24,small
002964,train,2216,54,66,medium
002964,train,90,11,13,small
002971,train,2947,81,64,medium
002971,train,813,36,38,small
002967,train,8954,106,169,medium
002967,train,1481,58,35,medium
002972,train,6514,179,100,medium
002970,train,241,9,38,small
002970,train,1582,57,37,medium
002970,train,1470,55,34,medium
002966,train,6926,197,69,medium
002966,train,904,49,26,small
002969,train,1831,51,46,medium
002969,train,1739,57,42,medium
002969,train,5204,128,59,medium
002965,train,3829,146,43,medium
002965,train,1038,38,35,medium
002965,train,744,47,28,small
002968,train,425,20,31,small
002968,train,2808,82,51,medium
002975,train,1076,43,37,medium
002975,train,4880,134,65,medium
002976,train,110,10,21,small
002976,train,478,29,26,small
002976,train,861,29,53,small
002976,train,380,23,22,small
002976,train,1341,57,34,medium
002979,train,2154,58,52,medium
002979,train,2878,118,40,medium
002977,train,91,12,10,small
002977,train,1247,41,46,medium
002977,train,2758,120,39,medium
002974,train,3401,103,57,medium
002978,train,2160,96,34,medium
002978,train,1664,62,41,medium
002978,train,1303,57,41,medium
002978,train,1102,41,39,medium
002980,train,1063,42,33,medium
002980,train,6690,200,63,medium
002973,train,4054,97,70,medium
002973,train,1493,52,37,medium
002973,train,2882,80,61,medium
002981,train,1939,67,44,medium
002981,train,94,13,13,small
002986,train,899,45,28,small
002986,train,2275,74,62,medium
002987,train,2441,74,67,medium
002987,train,1780,77,35,medium
002987,train,532,30,25,small
002982,train,1203,65,26,medium
002984,train,1068,35,60,medium
002985,train,4266,77,81,medium
002983,train,1555,60,42,medium
002988,train,1741,78,33,medium
002988,train,530,30,26,small
002988,train,1099,41,39,medium
002990,train,6467,128,95,medium
002989,train,1875,53,48,medium
002989,train,1804,49,48,medium
002995,train,2128,69,46,medium
002995,train,2410,86,54,medium
002991,train,1504,49,35,medium
002991,train,1480,58,48,medium
002991,train,5082,113,79,medium
002994,train,1749,83,37,medium
002994,train,3597,140,67,medium
002994,train,236,18,27,small
002997,train,810,38,33,small
002997,train,2004,45,56,medium
002997,train,531,28,28,small
002992,train,976,38,38,small
002992,train,1570,61,40,medium
002993,train,650,29,29,small
002993,train,1098,38,59,medium
002993,train,354,23,20,small
002993,train,906,44,39,small
003002,train,3433,93,67,medium
002996,train,3956,117,49,medium
002999,train,4349,93,82,medium
002999,train,1205,42,40,medium
002999,train,864,36,32,small
002998,train,3751,152,45,medium
002998,train,1247,56,39,medium
003000,train,3894,153,47,medium
003001,train,2893,92,49,medium
003001,train,1047,38,39,medium
003001,train,877,40,32,small
003001,train,958,48,33,small
003001,train,1362,66,41,medium
003003,train,3713,139,47,medium
003003,train,708,45,24,small
003005,train,1506,55,44,medium
003005,train,3205,80,51,medium
003009,train,295,31,14,small
003009,train,5899,107,167,medium
003009,train,3729,89,89,medium
003007,train,3216,57,81,medium
003007,train,2740,72,89,medium
003007,train,2541,60,86,medium
003006,train,7240,121,107,medium
003010,train,9857,193,140,large
003010,train,2279,77,45,medium
003008,train,3016,62,87,medium
003008,train,6686,106,174,medium
003004,train,2239,65,59,medium
003004,train,6447,188,56,medium
003011,train,841,72,17,small
003011,train,907,23,53,small
003011,train,1994,74,41,medium
003011,train,3695,122,48,medium
003013,train,4879,131,75,medium
003013,train,2016,64,47,medium
003013,train,2040,77,42,medium
003013,train,3122,92,42,medium
003013,train,2332,81,32,medium
003014,train,1401,53,34,medium
003017,train,5405,143,59,medium
003019,train,2361,55,79,medium
003019,train,2031,64,44,medium
003019,train,7020,200,55,medium
003012,train,1047,66,18,medium
003012,train,4368,124,49,medium
003012,train,382,14,39,small
003012,train,3433,85,66,medium
003012,train,1512,62,44,medium
003012,train,288,13,34,small
003018,train,11356,129,161,large
003015,train,3831,100,84,medium
003015,train,848,61,20,small
003016,train,5244,113,69,medium
003020,train,677,49,17,small
003020,train,4125,112,56,medium
003020,train,2030,61,41,medium
003026,train,1768,69,40,medium
003021,train,3188,93,49,medium
003021,train,2365,55,54,medium
003021,train,3176,106,44,medium
003023,train,4843,150,58,medium
003022,train,3198,78,71,medium
003022,train,1073,42,33,medium
003027,train,312,15,29,small
003027,train,3559,112,56,medium
003029,train,4654,143,58,medium
003029,train,651,35,26,small
003024,train,2150,101,41,medium
003024,train,576,33,26,small
003024,train,1668,70,38,medium
003024,train,1713,63,49,medium
003032,train,1099,37,42,medium
003032,train,1926,61,39,medium
003032,train,7048,171,72,medium
003031,train,1791,52,45,medium
003031,train,6671,178,61,medium
003025,train,3019,91,47,medium
003025,train,2352,54,54,medium
003025,train,3140,107,45,medium
003030,train,999,48,36,small
003030,train,4837,96,76,medium
003028,train,12936,123,172,large
003028,train,1952,58,44,medium
003034,train,6015,117,92,medium
003034,train,1942,59,41,medium
003034,train,1748,70,44,medium
003034,train,2082,91,55,medium
003035,train,5848,109,74,medium
003035,train,1135,54,34,medium
003035,train,2403,91,51,medium
003033,train,4641,95,78,medium
003033,train,1181,36,43,medium
003037,train,1842,48,57,medium
003037,train,3849,78,71,medium
003039,train,8936,200,88,medium
003039,train,6801,113,99,medium
003039,train,1040,44,35,medium
003038,train,3350,70,84,medium
003038,train,12889,191,109,large
003036,train,6751,196,68,medium
003036,train,7691,137,76,medium
003036,train,726,31,29,small
003041,train,6991,197,63,medium
003040,train,408,29,22,small
003040,train,14538,200,149,large
003040,train,2213,72,46,medium
003042,train,9711,184,90,large
003043,train,9927,176,89,large
003043,train,1567,48,44,medium
003049,train,1393,70,28,medium
003049,train,639,28,34,small
003045,train,763,36,34,small
003045,train,4630,112,113,medium
003048,train,5698,145,54,medium
003048,train,229,12,25,small
003048,train,2622,109,42,medium
003048,train,275,20,19,small
003050,train,4380,169,42,medium
003050,train,5074,107,78,medium
003051,train,4276,80,78,medium
003044,train,10386,183,100,large
003044,train,4815,139,94,medium
003047,train,867,26,45,small
003047,train,20421,200,193,large
003046,train,5624,143,57,medium
003055,train,2014,69,41,medium
003055,train,242,24,14,small
003052,train,3413,116,40,medium
003052,train,7645,178,77,medium
003053,train,3527,94,76,medium
003053,train,1156,26,64,medium
003054,train,7242,140,67,medium
003054,train,2342,75,43,medium
003057,train,10954,147,162,large
003059,train,4726,120,72,medium
003059,train,800,46,29,small
003059,train,1471,42,56,medium
003056,train,8432,200,56,medium
003061,train,168,16,15,small
003061,train,337,22,23,small
003061,train,3730,93,64,medium
003061,train,2298,72,46,medium
003058,train,502,22,34,small
003058,train,6503,102,91,medium
003058,train,4991,93,74,medium
003060,train,2779,54,68,medium
003060,train,2393,77,47,medium
003060,train,1516,45,58,medium
003060,train,1653,44,59,medium
003060,train,7320,181,48,medium
003063,train,9806,200,94,large
003067,train,7215,200,68,medium
003067,train,2068,86,37,medium
003067,train,2318,97,38,medium
003062,train,3907,94,61,medium
003062,train,2468,78,48,medium
003062,train,2574,73,60,medium
003062,train,9984,200,92,large
003065,train,8631,200,69,medium
003065,train,7122,200,81,medium
003066,train,7237,200,72,medium
003066,train,1383,47,33,medium
003068,train,2475,103,46,medium
003068,train,9124,189,79,medium
003064,train,10626,135,152,large
003070,train,1477,39,50,medium
003070,train,6275,154,68,medium
003070,train,7558,200,61,medium
003074,train,2377,64,52,medium
003074,train,1100,49,33,medium
003074,train,568,30,23,small
003069,train,10510,191,93,large
003069,train,5264,144,61,medium
003069,train,1405,53,35,medium
003072,train,721,41,29,small
003072,train,2972,74,57,medium
003072,train,6674,111,95,medium
003072,train,1070,41,32,medium
003072,train,1771,44,52,medium
003073,train,4860,110,103,medium
003071,train,12661,195,125,large
003071,train,7865,200,54,medium
003075,train,5497,183,65,medium
003075,train,6438,102,132,medium
003075,train,1800,79,48,medium
003075,train,2084,64,41,medium
003075,train,549,32,30,small
003078,train,12104,200,86,large
003078,train,12133,200,102,large
003077,train,2838,109,40,medium
003077,train,13509,194,109,large
003080,train,1911,65,48,medium
003079,train,196,13,26,small
003079,train,1677,58,49,medium
003079,train,1214,41,41,medium
003076,train,1820,80,34,medium
003076,train,761,29,31,small
003084,train,7386,131,88,medium
003082,train,3500,91,77,medium
003082,train,204,13,20,small
003086,train,774,47,28,small
003086,train,1383,62,34,medium
003086,train,5820,152,77,medium
003083,train,271,15,26,small
003083,train,1481,46,43,medium
003085,train,670,42,20,small
003085,train,7001,136,77,medium
003085,train,733,58,16,small
003089,train,5675,149,75,medium
003089,train,6610,165,72,medium
003090,train,6038,109,87,medium
003095,train,9609,189,120,large
003095,train,9892,200,91,large
003094,train,8847,200,75,medium
003094,train,9576,200,68,large
003093,train,4328,118,69,medium
003087,train,13363,134,166,large
003091,train,1830,44,65,medium
003091,train,6332,98,104,medium
003091,train,3290,81,80,medium
003091,train,469,22,30,small
003092,train,455,32,24,small
003092,train,808,24,47,small
003092,train,3843,119,52,medium
003092,train,2375,88,90,medium
003092,train,567,35,38,small
003081,train,4584,79,87,medium
003088,train,105,15,10,small
003088,train,3027,104,41,medium
003088,train,1682,66,40,medium
003088,train,200,25,14,small
003088,train,166,12,18,small
003097,train,10715,135,152,large
003097,train,262,15,27,small
003099,train,8483,108,114,medium
003099,train,197,20,18,small
003099,train,1926,60,48,medium
003096,train,10765,187,81,large
003096,train,155,14,16,small
003100,train,8859,200,85,medium
003102,train,4799,122,72,medium
003098,train,7091,134,84,medium
003101,train,2258,59,56,medium
003101,train,1086,38,36,medium
003101,train,2909,80,56,medium
003101,train,1133,67,23,medium
003105,train,9293,200,142,large
003105,train,1162,48,38,medium
003103,train,13942,200,158,large
003109,train,2304,75,53,medium
003109,train,2649,75,52,medium
003109,train,6184,158,72,medium
003110,train,7122,199,53,medium
003110,train,497,42,20,small
003106,train,14796,200,170,large
003104,train,8590,123,146,medium
003104,train,1843,54,55,medium
003107,train,9001,133,117,medium
003107,train,1785,55,59,medium
003107,train,223,25,19,small
003107,train,45,10,9,small
003107,train,106,11,15,small
003108,train,2364,63,55,medium
003108,train,4911,110,66,medium
003108,train,113,13,17,small
003108,train,7568,169,64,medium
003111,train,2485,75,52,medium
003111,train,15223,200,168,large
003113,train,1944,67,46,medium
003113,train,2352,71,49,medium
003113,train,6337,161,69,medium
003117,train,4770,132,54,medium
003117,train,845,21,56,small
003117,train,4025,82,73,medium
003112,train,20533,200,159,large
003115,train,16660,200,175,large
003118,train,258,24,17,small
003118,train,11052,200,87,large
003118,train,1777,89,32,medium
003114,train,12312,200,127,large
003116,train,1814,47,53,medium
003116,train,5076,147,60,medium
003120,train,10395,194,70,large
003120,train,8601,164,75,medium
003119,train,9418,123,169,large
003119,train,918,39,63,small
003119,train,1190,40,42,medium
003123,train,12413,200,105,large
003124,train,7520,200,62,medium
003127,train,1238,63,30,medium
003127,train,4744,68,87,medium
003127,train,3353,77,58,medium
003127,train,483,25,32,small
003125,train,4780,96,72,medium
003125,train,4389,92,81,medium
003125,train,7282,145,79,medium
003121,train,462,18,34,small
003121,train,9668,124,170,large
003121,train,875,35,62,small
003121,train,1187,40,41,medium
003122,train,3946,91,65,medium
003122,train,6713,151,145,medium
003122,train,388,23,27,small
003126,train,2787,96,40,medium
003126,train,2743,74,64,medium
003126,train,7543,182,59,medium
003128,train,1069,47,41,medium
003128,train,8942,158,88,medium
003130,train,27832,200,197,large
003132,train,14496,200,111,large
003132,train,3409,126,46,medium
003132,train,797,29,43,small
003129,train,18373,198,198,large
003129,train,3307,46,104,medium
003136,train,6879,96,153,medium
003136,train,814,31,36,small
003136,train,2535,65,53,medium
003136,train,598,30,30,small
003136,train,313,18,19,small
003131,train,293,13,35,small
003131,train,17786,200,124,large
003135,train,16923,200,126,large
003135,train,8272,200,61,medium
003134,train,3125,83,67,medium
003134,train,2168,61,77,medium
003137,train,748,32,31,small
003137,train,1746,60,47,medium
003137,train,2420,68,41,medium
003137,train,14029,200,138,large
003138,train,7406,113,86,medium
003138,train,1328,49,33,medium
003138,train,11830,198,90,large
003133,train,2104,62,51,medium
003133,train,4122,113,49,medium
003141,train,11026,200,135,large
003140,train,17032,191,187,large
003139,train,5067,104,69,medium
003143,train,6200,139,64,medium
003143,train,6357,190,78,medium
003142,train,13521,200,131,large
003144,train,8403,200,68,medium
003144,train,11730,189,113,large
003146,train,2603,88,48,medium
003146,train,2802,65,59,medium
003149,train,13630,200,194,large
003148,train,13166,186,141,large
003148,train,345,35,14,small
003148,train,520,48,14,small
003147,train,5214,108,78,medium
003147,train,6147,89,173,medium
003147,train,1729,41,59,medium
003151,train,2617,79,45,medium
003151,train,8847,126,159,medium
003151,train,1649,41,57,medium
003151,train,276,24,16,small
003150,train,2389,174,22,medium
003150,train,15147,200,125,large
003152,train,1052,36,39,medium
003152,train,2659,65,94,medium
003152,train,2839,95,77,medium
003153,train,9774,150,138,large
003145,train,172,17,12,small
003145,train,100,14,13,small
003145,train,4117,99,65,medium
003159,train,781,31,45,small
003159,train,4530,116,57,medium
003160,train,2373,61,69,medium
003156,train,4303,110,77,medium
003156,train,8444,200,65,medium
003155,train,1880,54,65,medium
003155,train,151,14,20,small
003155,train,9876,200,88,large
003154,train,2231,76,63,medium
003154,train,697,21,45,small
003154,train,689,30,34,small
003154,train,1519,52,56,medium
003154,train,152,16,19,small
003158,train,2873,54,68,medium
003158,train,3594,91,77,medium
003161,train,4193,135,51,medium
003157,train,8323,179,78,medium
003157,train,9500,196,69,large
003163,train,2897,79,60,medium
003163,train,3618,77,71,medium
003166,train,6030,147,91,medium
003166,train,1028,33,42,medium
003166,train,625,31,33,small
003164,train,1234,39,42,medium
003164,train,3311,61,73,medium
003162,train,4271,115,68,medium
003162,train,1295,37,66,medium
003162,train,1787,52,44,medium
003165,train,4392,98,85,medium
003165,train,755,31,38,small
003165,train,483,14,49,small
003165,train,1257,36,46,medium
003165,train,94,10,13,small
003169,train,196,23,20,small
003169,train,12160,172,112,large
003167,train,3774,144,48,medium
003167,train,8031,183,96,medium
003168,train,1909,69,59,medium
003168,train,3741,94,55,medium
003168,train,86,10,18,small
003174,train,2666,48,83,medium
003174,train,2119,59,52,medium
003170,train,2987,99,51,medium
003170,train,858,38,32,small
003170,train,1931,69,42,medium
003170,train,428,29,24,small
003175,train,650,37,26,small
003175,train,3285,70,64,medium
003175,train,376,19,33,small
003173,train,5405,88,104,medium
003172,train,914,37,37,small
003172,train,1224,35,49,medium
003172,train,1351,40,58,medium
003171,train,3246,87,58,medium
003177,train,5409,167,63,medium
003177,train,1328,28,62,medium
003179,train,4728,130,68,medium
003179,train,471,22,38,small
003181,train,1802,68,49,medium
003181,train,3012,62,90,medium
003176,train,4895,79,78,medium
003176,train,3196,96,47,medium
003176,train,154,17,15,small
003183,train,5262,119,117,medium
003182,train,2081,67,43,medium
003182,train,4316,113,64,medium
003180,train,95,12,13,small
003180,train,119,8,23,small
003180,train,102,14,17,small
003180,train,63,9,15,small
003180,train,72,9,14,small
003180,train,2387,70,88,medium
003186,train,888,29,39,small
003186,train,6034,103,126,medium
003190,train,1621,36,57,medium
003190,train,3509,102,51,medium
003185,train,2691,73,56,medium
003185,train,103,7,22,small
003185,train,310,17,29,small
003185,train,97,7,20,small
003184,train,4624,122,60,medium
003184,train,2623,93,47,medium
003193,train,1797,58,55,medium
003193,train,822,34,35,small
003193,train,7351,184,61,medium
003187,train,5055,123,86,medium
003187,train,978,33,52,small
003187,train,7428,199,63,medium
003178,train,311,28,21,small
003178,train,2075,68,61,medium
003178,train,557,25,29,small
003189,train,380,30,16,small
003189,train,3829,98,50,medium
003189,train,3630,120,42,medium
003189,train,420,21,27,small
003188,train,6034,178,62,medium
003188,train,250,15,35,small
003191,train,3925,73,84,medium
003191,train,685,36,30,small
003195,train,4081,132,65,medium
003197,train,3775,94,68,medium
003197,train,1497,53,45,medium
003197,train,1061,46,41,medium
003192,train,3319,109,54,medium
003194,train,560,24,35,small
003194,train,2384,61,64,medium
003200,train,7611,189,58,medium
003198,train,9352,200,68,large
003202,train,3325,85,62,medium
003202,train,7932,200,59,medium
003203,train,3464,89,88,medium
003203,train,2081,66,46,medium
003199,train,1569,48,62,medium
003199,train,2408,83,46,medium
003199,train,850,41,32,small
003204,train,11380,200,116,large
003205,train,8522,200,71,medium
003205,train,1831,45,50,medium
003201,train,1025,42,37,medium
003201,train,6699,200,53,medium
003206,train,11552,200,75,large
003206,train,1190,56,30,medium
003209,train,3140,98,40,medium
003209,train,2284,67,42,medium
003209,train,652,37,32,small
003209,train,3565,85,77,medium
003196,train,1026,43,34,medium
003196,train,2113,64,46,medium
003196,train,4470,129,60,medium
003207,train,10685,200,70,large
003207,train,393,20,27,small
003208,train,8027,173,74,medium
003210,train,5117,172,57,medium
003210,train,9240,200,66,large
003212,train,571,42,23,small
003212,train,873,25,45,small
003212,train,2159,70,48,medium
003212,train,501,23,32,small
003212,train,3827,123,50,medium
003213,train,6169,185,67,medium
003215,train,8444,193,80,medium
003215,train,4288,114,57,medium
003215,train,1086,52,33,medium
003216,train,3472,81,64,medium
003216,train,3711,145,67,medium
003216,train,3595,70,68,medium
003211,train,2632,75,81,medium
003211,train,2073,68,46,medium
003211,train,7956,200,62,medium
003217,train,7172,165,86,medium
003217,train,3567,71,64,medium
003217,train,3487,89,58,medium
003219,train,5343,119,76,medium
003219,train,7131,167,81,medium
003220,train,4639,144,54,medium
003214,train,8118,192,70,medium
003214,train,6068,114,75,medium
003218,train,2751,68,68,medium
003218,train,1798,53,56,medium
003218,train,461,24,28,small
003228,train,859,148,33,small
003228,train,263,56,11,small
003228,train,317,64,15,small
003226,train,2185,195,68,medium
003226,train,98,23,5,small
003226,train,213,57,5,small
003221,train,301,75,6,small
003221,train,173,65,3,small
003222,train,280,70,7,small
003222,train,235,64,4,small
003224,train,1703,135,44,medium
003223,train,245,32,27,small
003223,train,309,80,6,small
003225,train,1927,158,60,medium
003227,train,2162,193,68,medium
003227,train,99,26,4,small
003227,train,94,23,5,small
003227,train,212,55,5,small
003229,train,1017,168,37,small
003229,train,121,42,21,small
003229,train,253,56,11,small
003229,train,434,85,19,small
003230,train,678,118,29,small
003230,train,207,55,10,small
003230,train,159,35,11,small
003230,train,117,39,3,small
003230,train,158,50,4,small
003230,train,56,22,3,small
003235,train,237,55,11,small
003235,train,216,41,7,small
003235,train,76,22,5,small
003235,train,223,62,5,small
003235,train,108,30,4,small
003234,train,71,18,5,small
003234,train,250,58,11,small
003234,train,195,41,7,small
003234,train,92,22,6,small
003233,train,60,18,5,small
003233,train,230,56,11,small
003233,train,188,35,8,small
003232,train,179,37,7,small
003232,train,318,74,6,small
003232,train,86,22,5,small
003232,train,128,43,4,small
003231,train,840,132,30,small
003231,train,261,56,11,small
003231,train,245,49,14,small
003231,train,126,30,5,small
003231,train,98,24,5,small
003231,train,209,55,5,small
003236,train,264,63,6,small
003236,train,109,29,4,small
003237,train,333,83,7,small
003237,train,41,11,4,small
003237,train,88,23,5,small
003238,train,342,84,7,small
003240,train,693,92,12,small
003243,train,1368,194,87,medium
003243,train,88,23,15,small
003243,train,792,118,14,small
003243,train,342,57,9,small
003239,train,609,151,8,small
003242,train,197,30,20,small
003242,train,670,100,10,small
003242,train,541,75,12,small
003241,train,345,51,36,small
003241,train,1031,140,11,medium
003249,train,931,104,23,small
003249,train,246,46,7,small
003249,train,486,68,10,small
003249,train,105,22,5,small
003244,train,91,26,17,small
003244,train,170,36,22,small
003244,train,2017,200,27,medium
003251,train,141,32,8,small
003251,train,532,83,8,small
003251,train,471,72,10,small
003248,train,630,82,11,small
003248,train,158,25,8,small
003248,train,76,22,5,small
003245,train,1283,200,61,medium
003245,train,87,27,16,small
003245,train,140,34,20,small
003245,train,1906,194,26,medium
003247,train,370,66,17,small
003247,train,860,148,35,small
003247,train,293,58,25,small
003247,train,145,36,20,small
003247,train,1433,128,29,medium
003247,train,355,51,10,small
003247,train,153,33,5,small
003246,train,139,34,21,small
003246,train,1337,127,29,medium
003246,train,320,52,10,small
003246,train,169,33,7,small
003252,train,723,127,9,small
003252,train,123,24,6,small
003250,train,360,69,17,small
003250,train,56,18,5,small
003250,train,120,26,13,small
003250,train,886,101,23,small
003250,train,579,81,10,small
003250,train,132,24,6,small
003257,train,3007,200,19,medium
003253,train,323,60,8,small
003259,train,3115,200,19,medium
003254,train,3185,173,22,medium
003258,train,3077,200,19,medium
003256,train,3527,200,22,medium
003260,train,3154,200,19,medium
003255,train,3835,200,22,medium
003265,train,3051,18,200,medium
003262,train,3014,200,18,medium
003268,train,3357,200,25,medium
003264,train,3194,200,18,medium
003263,train,2393,200,16,medium
003261,train,3115,200,19,medium
003266,train,3049,19,200,medium
003274,train,4263,200,26,medium
003269,train,3530,200,25,medium
003267,train,3185,200,27,medium
003270,train,6478,200,37,medium
003271,train,5743,200,38,medium
003273,train,4135,200,23,medium
003276,train,5792,200,33,medium
003275,train,5834,200,35,medium
003272,train,6337,200,34,medium
003278,train,5247,182,31,medium
003277,train,4335,162,31,medium
003281,train,4445,23,200,medium
003279,train,4215,26,200,medium
003282,train,5469,31,200,medium
003284,train,3856,27,200,medium
003280,train,4116,24,200,medium
003285,train,4306,25,200,medium
003290,train,2578,200,19,medium
003290,train,1238,200,7,medium
003283,train,3352,25,194,medium
003289,train,2163,200,14,medium
003286,train,2482,200,17,medium
003286,train,1942,200,17,medium
003293,train,810,200,6,small
003288,train,671,115,9,small
003288,train,1443,180,13,medium
003288,train,1013,113,13,small
003288,train,1376,164,13,medium
003294,train,382,69,8,small
003294,train,1051,177,10,medium
003287,train,2337,200,15,medium
003287,train,1743,200,13,medium
003292,train,971,200,8,small
003298,train,731,184,7,small
003298,train,686,184,6,small
003298,train,892,170,8,small
003295,train,999,180,10,small
003291,train,951,200,7,small
003296,train,976,163,9,small
003299,train,765,200,6,small
003299,train,717,200,6,small
003299,train,858,174,7,small
003297,train,865,200,7,small
003297,train,778,200,6,small
003301,train,806,169,6,small
003301,train,388,130,5,small
003301,train,576,165,6,small
003302,train,648,163,6,small
003302,train,360,120,5,small
003302,train,450,151,6,small
003302,train,677,169,5,small
003300,train,1144,200,9,medium
003308,train,848,127,10,small
003308,train,199,49,5,small
003308,train,127,29,5,small
003304,train,1138,181,8,medium
003305,train,1283,200,12,medium
003305,train,817,171,6,small
003303,train,268,91,4,small
003303,train,372,124,6,small
003303,train,345,69,5,small
003306,train,1141,200,10,medium
003306,train,771,169,6,small
003307,train,1118,151,11,medium
003313,train,479,101,6,small
003313,train,1321,162,14,medium
003309,train,383,87,6,small
003310,train,2546,200,16,medium
003316,train,2027,160,24,medium
003315,train,1528,200,14,medium
003314,train,2747,200,18,medium
003311,train,2952,200,19,medium
003317,train,248,42,12,small
003317,train,623,143,7,small
003317,train,1408,200,13,medium
003320,train,4205,25,200,medium
003318,train,1565,17,200,medium
003312,train,2722,200,17,medium
003312,train,187,28,10,small
003319,train,1892,15,200,medium
003322,train,2607,26,200,medium
003321,train,3780,33,200,medium
003324,train,5370,36,200,medium
003325,train,4995,30,200,medium
003329,train,5546,200,33,medium
003327,train,3762,30,200,medium
003328,train,5646,200,34,medium
003323,train,1737,23,180,medium
003326,train,2253,23,194,medium
003332,train,809,143,8,small
003332,train,3829,200,24,medium
003334,train,1841,200,13,medium
003334,train,3809,200,23,medium
003330,train,6088,200,42,medium
003333,train,2067,200,15,medium
003333,train,3871,200,25,medium
003331,train,6106,200,41,medium
003335,train,1560,200,10,medium
003335,train,3874,200,24,medium
003338,train,849,172,8,small
003338,train,3599,200,24,medium
003336,train,1119,200,9,medium
003336,train,3541,200,23,medium
003340,train,287,67,5,small
003340,train,3566,200,27,medium
003337,train,1608,200,12,medium
003337,train,3588,200,21,medium
003339,train,858,177,7,small
003339,train,3553,200,29,medium
003343,train,2534,133,38,medium
003342,train,3406,197,43,medium
003348,train,1285,195,13,medium
003341,train,3197,200,26,medium
003341,train,90,13,9,small
003341,train,133,18,10,small
003345,train,5132,177,184,medium
003346,train,1443,79,185,medium
003346,train,122,23,7,small
003344,train,561,90,10,small
003344,train,199,40,6,small
003350,train,1299,200,10,medium
003347,train,1488,200,13,medium
003351,train,1346,200,11,medium
003352,train,1542,94,200,medium
003352,train,575,90,7,small
003349,train,1535,200,15,medium
003356,train,5506,200,32,medium
003354,train,5904,200,35,medium
003355,train,5802,200,37,medium
003353,train,6443,200,38,medium
003357,train,5715,200,31,medium
003358,train,5567,200,33,medium
003361,train,206,40,7,small
003361,train,223,39,7,small
003361,train,78,23,4,small
003361,train,619,56,18,small
003361,train,5875,200,42,medium
003360,train,6175,200,40,medium
003359,train,5819,200,35,medium
003363,train,1902,200,13,medium
003363,train,3605,200,22,medium
003365,train,1352,200,10,medium
003365,train,3602,200,21,medium
003362,train,1942,200,14,medium
003362,train,3528,200,22,medium
003364,train,1815,200,12,medium
003364,train,3677,200,20,medium
003366,train,742,144,7,small
003366,train,3576,200,24,medium
003370,train,126,17,10,small
003370,train,1163,200,8,medium
003367,train,637,123,7,small
003367,train,3664,200,26,medium
003371,train,446,76,7,small
003371,train,3076,200,19,medium
003369,train,4195,200,43,medium
003372,train,3275,200,20,medium
003372,train,269,64,5,small
003372,train,55,14,4,small
003373,train,349,84,6,small
003373,train,1147,200,10,medium
003368,train,721,146,7,small
003368,train,3479,200,23,medium
003374,train,812,111,13,small
003374,train,303,75,7,small
003374,train,89,23,5,small
003374,train,782,156,8,small
003376,train,3950,200,25,medium
003376,train,481,120,5,small
003376,train,275,70,5,small
003376,train,934,141,10,small
003377,train,3018,200,21,medium
003377,train,305,73,6,small
003377,train,1215,200,9,medium
003380,train,351,78,6,small
003380,train,3811,186,31,medium
003380,train,687,102,10,small
003380,train,837,145,10,small
003378,train,1357,200,17,medium
003378,train,280,61,6,small
003378,train,1073,170,8,medium
003378,train,636,161,6,small
003379,train,3960,200,31,medium
003379,train,945,133,13,small
003381,train,487,47,12,small
003381,train,753,136,8,small
003381,train,2302,169,20,medium
003375,train,330,82,6,small
003375,train,746,143,8,small
003375,train,3806,200,25,medium
003382,train,3368,200,32,medium
003382,train,1142,180,11,medium
003383,train,1353,200,15,medium
003383,train,243,57,6,small
003383,train,685,164,5,small
003383,train,3218,200,20,medium
003383,train,652,157,7,small
003384,train,826,152,8,small
003384,train,3594,200,23,medium
003384,train,1262,200,11,medium
003385,train,3314,168,28,medium
003385,train,1227,200,11,medium
003387,train,964,200,7,small
003387,train,884,200,7,small
003386,train,4276,200,28,medium
003386,train,1074,200,10,medium
003386,train,252,66,4,small
003392,train,519,117,6,small
003392,train,1303,189,15,medium
003389,train,1684,200,12,medium
003394,train,1258,200,12,medium
003394,train,898,188,7,small
003394,train,792,171,6,small
003388,train,178,38,5,small
003388,train,261,68,5,small
003388,train,325,71,7,small
003390,train,1015,136,10,small
003390,train,498,62,11,small
003393,train,1052,156,12,medium
003391,train,426,68,12,small
003391,train,487,91,7,small
003398,train,4119,200,26,medium
003396,train,4023,200,24,medium
003396,train,923,200,9,small
003395,train,3832,200,23,medium
003395,train,640,146,7,small
003397,train,3911,200,22,medium
003397,train,1049,200,8,medium
003401,train,4082,200,25,medium
003403,train,3654,200,23,medium
003399,train,4151,200,25,medium
003402,train,3983,200,25,medium
003400,train,4200,200,25,medium
003407,train,76,19,6,small
003407,train,2097,200,31,medium
003405,train,3945,200,26,medium
003408,train,87,19,6,small
003408,train,2838,200,29,medium
003409,train,97,19,6,small
003409,train,3035,200,30,medium
003404,train,3627,200,22,medium
003406,train,4087,200,24,medium
003406,train,2422,144,42,medium
003411,train,86,28,5,small
003411,train,1208,200,21,medium
003411,train,110,29,5,small
003410,train,90,30,4,small
003410,train,390,82,10,small
003410,train,1077,200,20,medium
003412,train,1097,200,17,medium
003417,train,70,18,4,small
003417,train,76,23,5,small
003417,train,250,61,6,small
003417,train,78,26,3,small
003417,train,52,16,4,small
003417,train,889,200,6,small
003413,train,87,28,5,small
003413,train,141,25,9,small
003413,train,421,94,9,small
003415,train,598,125,8,small
003415,train,39,13,3,small
003419,train,572,99,9,small
003419,train,353,55,8,small
003419,train,63,17,4,small
003419,train,621,149,7,small
003416,train,995,200,8,small
003416,train,126,33,5,small
003416,train,130,44,3,small
003414,train,141,27,10,small
003414,train,621,133,12,small
003418,train,133,31,6,small
003418,train,54,14,4,small
003418,train,77,21,5,small
003418,train,83,20,5,small
003418,train,64,16,4,small
003418,train,984,200,8,small
003421,train,1204,200,10,medium
003424,train,946,200,8,small
003425,train,785,177,7,small
003426,train,178,19,16,small
003426,train,974,130,12,small
003426,train,676,149,9,small
003422,train,155,31,5,small
003422,train,347,70,5,small
003427,train,607,83,12,small
003427,train,877,194,8,small
003428,train,407,92,5,small
003428,train,404,97,6,small
003420,train,618,100,10,small
003420,train,409,61,9,small
003420,train,80,16,5,small
003423,train,1050,200,8,medium
003431,train,716,147,10,small
003431,train,1872,200,21,medium
003432,train,1505,200,17,medium
003432,train,480,132,17,small
003432,train,540,119,15,small
003429,train,817,200,9,small
003429,train,1228,200,11,medium
003430,train,1496,200,16,medium
003430,train,736,181,21,small
003430,train,727,168,20,small
003435,train,391,105,9,small
003435,train,277,66,6,small
003435,train,44,12,6,small
003438,train,316,46,10,small
003438,train,338,86,5,small
003438,train,48,12,4,small
003438,train,465,112,12,small
003436,train,106,29,4,small
003436,train,1097,109,17,medium
003436,train,1156,112,16,medium
003436,train,57,13,6,small
003433,train,2178,200,21,medium
003433,train,103,22,5,small
003433,train,106,24,6,small
003433,train,104,31,7,small
003433,train,93,22,6,small
003434,train,274,63,7,small
003434,train,185,48,6,small
003434,train,321,67,6,small
003434,train,93,23,7,small
003441,train,161,34,7,small
003441,train,937,200,24,small
003441,train,519,123,15,small
003441,train,813,200,7,small
003441,train,1101,200,9,medium
003437,train,1408,137,17,medium
003437,train,288,74,6,small
003437,train,441,68,12,small
003437,train,624,151,15,small
003439,train,82,26,5,small
003439,train,665,142,18,small
003439,train,653,133,18,small
003445,train,873,6,200,small
003445,train,345,6,88,small
003440,train,831,200,9,small
003440,train,1001,200,9,small
003440,train,1195,200,10,medium
003442,train,129,9,20,small
003442,train,316,11,41,small
003442,train,333,13,40,small
003442,train,214,54,4,small
003442,train,51,6,11,small
003449,train,256,8,67,small
003449,train,94,8,23,small
003449,train,324,7,68,small
003449,train,189,6,46,small
003444,train,132,7,21,small
003444,train,984,8,177,small
003444,train,675,9,129,small
003444,train,61,4,17,small
003446,train,518,10,122,small
003446,train,938,12,141,small
003446,train,197,17,24,small
003443,train,210,3,70,small
003443,train,783,7,200,small
003443,train,120,5,31,small
003451,train,563,18,147,small
003451,train,619,19,157,small
003451,train,1563,13,200,medium
003448,train,2113,21,200,medium
003448,train,548,10,110,small
003447,train,1192,9,200,medium
003447,train,362,6,91,small
003447,train,491,6,100,small
003450,train,101,4,27,small
003450,train,1579,18,137,medium
003450,train,991,19,135,small
003452,train,107,7,23,small
003452,train,322,6,69,small
003452,train,437,8,125,small
003458,train,393,9,108,small
003458,train,574,7,123,small
003455,train,837,8,200,small
003456,train,740,8,169,small
003453,train,616,16,156,small
003453,train,1441,17,136,medium
003453,train,273,6,70,small
003457,train,167,3,58,small
003457,train,279,34,14,small
003457,train,322,41,12,small
003457,train,73,14,7,small
003457,train,158,22,9,small
003454,train,1329,8,200,medium
003454,train,592,8,147,small
003459,train,844,14,172,small
003461,train,2262,32,197,medium
003461,train,74,6,21,small
003460,train,1003,16,200,small
003463,train,845,21,200,small
003463,train,80,6,28,small
003463,train,455,14,115,small
003465,train,3500,21,200,medium
003462,train,2169,31,200,medium
003462,train,101,7,21,small
003469,train,4120,25,200,medium
003464,train,861,16,200,small
003467,train,3590,23,200,medium
003470,train,3878,24,200,medium
003468,train,4138,25,200,medium
003472,train,494,7,104,small
003472,train,4036,23,200,medium
003471,train,3839,22,200,medium
003473,train,386,5,100,small
003473,train,3887,23,200,medium
003475,train,109,4,44,small
003475,train,847,10,149,small
003475,train,2284,21,200,medium
003466,train,3628,23,200,medium
003479,train,744,13,112,small
003479,train,105,6,24,small
003479,train,509,7,110,small
003479,train,267,6,80,small
003479,train,90,5,22,small
003474,train,859,8,176,small
003474,train,342,10,42,small
003474,train,1621,18,114,medium
003474,train,316,6,80,small
003474,train,160,5,41,small
003474,train,514,10,76,small
003481,train,587,7,112,small
003481,train,1948,19,200,medium
003481,train,449,6,109,small
003476,train,101,5,24,small
003476,train,1186,14,200,medium
003480,train,303,4,88,small
003480,train,1153,13,200,medium
003480,train,269,6,57,small
003480,train,101,6,22,small
003480,train,57,5,13,small
003478,train,1211,11,200,medium
003478,train,274,7,80,small
003477,train,782,14,114,small
003477,train,307,7,81,small
003482,train,858,8,169,small
003482,train,430,11,48,small
003482,train,210,4,60,small
003482,train,242,9,36,small
003485,train,3468,21,200,medium
003485,train,132,4,33,small
003485,train,703,14,128,small
003485,train,76,5,22,small
003485,train,584,7,111,small
003485,train,246,7,71,small
003485,train,53,5,11,small
003488,train,268,6,59,small
003488,train,803,10,148,small
003488,train,530,6,136,small
003488,train,2611,20,200,medium
003488,train,213,4,54,small
003484,train,1129,9,200,medium
003484,train,3983,30,200,medium
003484,train,373,5,83,small
003484,train,216,5,56,small
003484,train,109,6,23,small
003484,train,78,6,17,small
003490,train,262,5,56,small
003490,train,1170,11,200,medium
003490,train,588,6,165,small
003490,train,3341,21,200,medium
003489,train,1206,10,200,medium
003489,train,139,5,34,small
003489,train,2963,19,200,medium
003486,train,167,5,54,small
003486,train,3239,20,200,medium
003486,train,451,8,82,small
003483,train,962,9,200,small
003483,train,125,4,32,small
003483,train,893,10,153,small
003483,train,2402,26,133,medium
003491,train,196,7,35,small
003491,train,66,8,12,small
003491,train,37,4,10,small
003491,train,666,9,127,small
003491,train,176,5,37,small
003491,train,87,5,20,small
003491,train,61,5,13,small
003491,train,86,5,18,small
003487,train,3113,20,200,medium
003487,train,67,4,17,small
003487,train,254,5,67,small
003487,train,53,4,14,small
003493,train,1369,17,177,medium
003493,train,723,7,156,small
003492,train,1558,13,200,medium
003492,train,78,5,18,small
003496,train,151,12,18,small
003496,train,1221,13,142,medium
003495,train,954,11,139,small
003495,train,453,11,56,small
003494,train,884,15,114,small
003494,train,216,5,44,small
003500,train,1405,14,200,medium
003500,train,528,6,126,small
003497,train,3677,200,32,medium
003501,train,2912,19,200,medium
003498,train,2656,200,24,medium
003502,train,82,6,23,small
003502,train,2017,49,200,medium
003502,train,157,4,49,small
003502,train,69,5,20,small
003502,train,176,4,45,small
003505,train,321,9,53,small
003505,train,310,16,69,small
003505,train,269,25,60,small
003505,train,755,35,145,small
003505,train,140,6,33,small
003505,train,1290,29,123,medium
003505,train,151,23,37,small
003503,train,210,9,38,small
003503,train,218,11,55,small
003503,train,106,4,31,small
003503,train,79,6,21,small
003503,train,53,5,18,small
003503,train,150,5,40,small
003499,train,1937,200,18,medium
003506,train,195,8,41,small
003506,train,145,8,34,small
003506,train,790,22,98,small
003506,train,115,6,23,small
003506,train,466,9,73,small
003506,train,251,14,47,small
003510,train,476,9,80,small
003510,train,151,6,32,small
003510,train,1028,29,100,medium
003504,train,994,22,87,small
003504,train,1223,61,200,medium
003504,train,124,20,32,small
003504,train,613,10,105,small
003504,train,83,14,24,small
003507,train,387,7,84,small
003507,train,289,8,52,small
003508,train,151,5,32,small
003508,train,1274,28,123,medium
003508,train,130,21,34,small
003508,train,451,10,63,small
003508,train,61,12,21,small
003509,train,145,10,44,small
003509,train,1691,47,194,medium
003509,train,272,32,69,small
003592,train,1721,159,31,medium
003592,train,303,42,10,small
003592,train,2327,93,44,medium
003593,train,180,46,6,small
003593,train,848,118,21,small
003593,train,1,1,1,small
003593,train,224,40,8,small
003593,train,134,35,8,small
003593,train,1523,51,56,medium
003591,train,896,89,19,small
003591,train,158,34,9,small
003591,train,1,1,1,small
003591,train,2200,69,39,medium
003595,train,1359,41,51,medium
003595,train,536,70,16,small
003595,train,241,43,8,small
003595,train,1,1,1,small
003595,train,127,43,6,small
003596,train,329,67,9,small
003596,train,324,55,11,small
003596,train,1,1,1,small
003596,train,2,2,1,small
003596,train,165,36,7,small
003596,train,4366,196,45,medium
003597,train,116,23,6,small
003597,train,59,19,4,small
003597,train,58,17,4,small
003597,train,159,51,6,small
003597,train,141,31,8,small
003597,train,5027,153,52,medium
003597,train,542,25,27,small
003598,train,120,50,5,small
003598,train,229,55,9,small
003598,train,473,82,8,small
003598,train,8498,199,53,medium
003594,train,312,69,8,small
003594,train,4893,199,38,medium
003594,train,244,43,8,small
003594,train,139,52,7,small
003594,train,85,24,6,small
003601,train,1764,70,36,medium
003601,train,705,73,15,small
003601,train,98,42,5,small
003601,train,298,54,10,small
003599,train,1473,49,79,medium
003599,train,5957,108,77,medium
003599,train,4025,199,48,medium
003599,train,1,1,1,small
003599,train,889,127,16,small
003599,train,85,29,5,small
003599,train,736,106,14,small
003599,train,274,50,9,small
003604,train,685,25,44,small
003604,train,2277,107,32,medium
003604,train,149,31,10,small
003604,train,150,46,6,small
003604,train,341,87,12,small
003600,train,1130,49,32,medium
003600,train,134,29,7,small
003600,train,486,53,16,small
003600,train,1181,84,23,medium
003600,train,355,56,12,small
003602,train,5170,163,57,medium
003602,train,604,68,14,small
003602,train,70,37,4,small
003602,train,247,54,9,small
003603,train,1148,47,31,medium
003603,train,1113,50,29,medium
003603,train,137,23,9,small
003603,train,181,47,6,small
003603,train,491,83,15,small
003603,train,1,1,1,small
003606,train,363,72,11,small
003606,train,191,42,8,small
003606,train,1,1,1,small
003606,train,155,46,7,small
003606,train,1,1,1,small
003606,train,78,25,6,small
003606,train,1108,61,24,medium
003607,train,1602,65,38,medium
003607,train,2728,126,37,medium
003607,train,1,1,1,small
003607,train,118,36,6,small
003607,train,626,103,14,small
003607,train,354,59,12,small
003607,train,250,51,10,small
003609,train,3763,138,51,medium
003609,train,6661,199,57,medium
003611,train,1202,81,30,medium
003611,train,815,90,14,small
003611,train,3021,102,71,medium
003605,train,1092,45,32,medium
003605,train,1146,46,31,medium
003605,train,197,47,8,small
003605,train,344,55,10,small
003612,train,334,52,13,small
003612,train,971,128,19,small
003612,train,4195,119,57,medium
003610,train,2699,147,30,medium
003610,train,735,80,14,small
003610,train,2192,94,39,medium
003613,train,1051,42,32,medium
003613,train,2632,123,38,medium
003613,train,126,35,6,small
003613,train,646,103,13,small
003613,train,380,53,13,small
003613,train,171,48,8,small
003608,train,3856,76,82,medium
003608,train,4391,180,56,medium
003608,train,1,1,1,small
003616,train,2592,99,46,medium
003616,train,3812,199,41,medium
003614,train,5641,198,51,medium
003614,train,4412,144,59,medium
003615,train,3816,111,55,medium
003615,train,3979,176,52,medium
003615,train,598,36,33,small
003617,train,699,111,13,small
003617,train,964,45,28,small
003621,train,1,1,1,small
003621,train,653,119,10,small
003621,train,4091,147,50,medium
003618,train,1956,191,32,medium
003618,train,1,1,1,small
003618,train,64,23,7,small
003618,train,548,31,24,small
003618,train,1468,58,34,medium
003620,train,5748,195,59,medium
003620,train,96,33,6,small
003620,train,1,1,1,small
003620,train,546,119,9,small
003624,train,1050,44,30,medium
003624,train,139,29,9,small
003624,train,609,72,17,small
003624,train,241,53,12,small
003624,train,308,52,11,small
003622,train,3942,140,98,medium
003622,train,71,15,7,small
003622,train,296,49,8,small
003623,train,105,19,9,small
003623,train,339,40,16,small
003623,train,306,55,9,small
003623,train,2951,88,61,medium
003619,train,1488,113,23,medium
003619,train,1,1,1,small
003619,train,63,30,6,small
003619,train,1464,50,38,medium
003619,train,2112,123,30,medium
003627,train,6455,191,55,medium
003627,train,282,62,9,small
003627,train,1,1,1,small
003626,train,8103,200,62,medium
003626,train,254,43,8,small
003626,train,1,1,1,small
003626,train,133,49,6,small
003632,train,4006,139,56,medium
003632,train,2281,172,23,medium
003625,train,2120,62,47,medium
003625,train,2339,55,63,medium
003625,train,162,38,11,small
003630,train,1254,194,15,medium
003630,train,3775,166,52,medium
003629,train,674,31,35,small
003629,train,1149,47,32,medium
003629,train,362,77,9,small
003629,train,337,76,9,small
003629,train,3735,166,37,medium
003631,train,3610,133,53,medium
003631,train,865,42,33,small
003631,train,101,38,6,small
003631,train,159,38,9,small
003628,train,5871,195,50,medium
003628,train,114,27,9,small
003628,train,115,46,6,small
003628,train,1,1,1,small
003628,train,346,63,11,small
003628,train,1540,50,44,medium
003634,train,3470,132,49,medium
003634,train,774,43,28,small
003634,train,674,124,10,small
003634,train,755,37,28,small
003638,train,5024,169,76,medium
003638,train,479,56,15,small
003638,train,1196,106,19,medium
003638,train,530,60,15,small
003637,train,1848,161,21,medium
003637,train,3101,87,53,medium
003637,train,1257,31,51,medium
003633,train,6223,176,58,medium
003633,train,275,63,7,small
003633,train,1003,75,21,small
003633,train,811,49,25,small
003633,train,420,28,23,small
003640,train,253,30,12,small
003640,train,888,131,12,small
003640,train,2197,101,40,medium
003640,train,322,16,29,small
003635,train,773,32,34,small
003635,train,445,63,12,small
003635,train,1438,58,36,medium
003635,train,1961,91,35,medium
003636,train,1530,56,37,medium
003636,train,3402,111,42,medium
003636,train,2867,186,29,medium
003636,train,1584,153,19,medium
003636,train,1,1,1,small
003636,train,626,48,15,small
003641,train,6974,198,48,medium
003641,train,4647,198,41,medium
003641,train,165,53,9,small
003641,train,181,52,7,small
003641,train,241,45,9,small
003639,train,1211,100,19,medium
003639,train,143,29,8,small
003639,train,764,105,14,small
003639,train,1,1,1,small
003639,train,4500,133,51,medium
003642,train,3871,142,41,medium
003642,train,431,20,30,small
003642,train,1,1,1,small
003642,train,3448,199,33,medium
003646,train,2049,109,32,medium
003646,train,1484,50,39,medium
003646,train,747,128,14,small
003643,train,2601,181,33,medium
003643,train,1891,82,47,medium
003647,train,1506,75,29,medium
003647,train,95,45,6,small
003647,train,145,36,6,small
003644,train,4619,145,61,medium
003644,train,549,105,12,small
003645,train,944,38,36,small
003645,train,664,129,11,small
003645,train,119,43,6,small
003645,train,5448,199,49,medium
003650,train,272,65,8,small
003650,train,184,84,5,small
003650,train,4240,74,84,medium
003653,train,299,58,10,small
003653,train,151,46,7,small
003653,train,122,39,6,small
003653,train,1078,57,26,medium
003652,train,7560,199,47,medium
003652,train,1,1,1,small
003652,train,1,1,1,small
003652,train,32,20,4,small
003652,train,243,45,10,small
003652,train,120,34,7,small
003652,train,77,37,5,small
003652,train,1,1,1,small
003651,train,4423,141,55,medium
003651,train,1540,102,22,medium
003654,train,5333,195,56,medium
003654,train,1811,161,23,medium
003654,train,1,1,1,small
003654,train,62,29,3,small
003654,train,1,1,1,small
003649,train,1878,199,17,medium
003649,train,2846,100,45,medium
003657,train,1290,57,34,medium
003657,train,1934,89,34,medium
003657,train,387,57,13,small
003657,train,1242,104,20,medium
003657,train,1,1,1,small
003657,train,471,63,14,small
003648,train,3162,88,68,medium
003648,train,25,16,3,small
003648,train,1,1,1,small
003648,train,172,34,11,small
003648,train,44,22,3,small
003648,train,195,43,8,small
003648,train,36,23,3,small
003648,train,24,23,2,small
003659,train,935,44,27,small
003659,train,1117,52,28,medium
003659,train,4030,182,56,medium
003659,train,149,43,6,small
003659,train,68,29,6,small
003655,train,4474,140,55,medium
003655,train,738,164,11,small
003655,train,33,32,2,small
003655,train,61,21,6,small
003655,train,50,30,4,small
003655,train,1,1,1,small
003661,train,155,33,9,small
003661,train,563,71,18,small
003661,train,253,53,13,small
003661,train,236,50,8,small
003661,train,1106,62,25,medium
003661,train,198,38,8,small
003661,train,642,76,16,small
003661,train,301,53,11,small
003658,train,177,37,8,small
003658,train,531,74,14,small
003658,train,215,49,11,small
003658,train,1,1,1,small
003658,train,279,54,9,small
003658,train,9323,199,77,large
003658,train,176,22,15,small
003662,train,896,35,39,small
003662,train,196,46,10,small
003662,train,274,39,14,small
003662,train,1,1,1,small
003662,train,183,44,8,small
003662,train,402,24,26,small
003662,train,1117,64,30,medium
003656,train,3818,120,54,medium
003656,train,666,30,29,small
003656,train,52,12,5,small
003656,train,477,93,11,small
003656,train,134,31,6,small
003656,train,1,1,1,small
003656,train,86,36,5,small
003663,train,2766,79,46,medium
003663,train,1235,44,43,medium
003663,train,1356,104,18,medium
003664,train,864,39,39,small
003664,train,2025,56,81,medium
003664,train,907,60,34,small
003664,train,2665,54,74,medium
003664,train,101,27,7,small
003664,train,2155,112,29,medium
003664,train,52,26,5,small
003665,train,2147,198,19,medium
003665,train,1134,45,32,medium
003665,train,1820,196,18,medium
003666,train,154,34,8,small
003666,train,549,66,16,small
003666,train,226,53,8,small
003666,train,2804,79,45,medium
003666,train,1215,47,46,medium
003666,train,119,19,10,small
003666,train,282,40,15,small
003666,train,293,55,9,small
003668,train,3283,89,56,medium
003668,train,1665,52,42,medium
003668,train,230,19,20,small
003668,train,711,140,11,small
003668,train,5,5,1,small
003660,train,639,44,25,small
003660,train,847,36,33,small
003660,train,131,35,8,small
003660,train,207,41,9,small
003660,train,3517,141,39,medium
003667,train,3989,125,60,medium
003667,train,778,32,35,small
003667,train,473,71,11,small
003667,train,89,40,4,small
003667,train,226,55,7,small
003671,train,130,6,40,small
003671,train,254,7,45,small
003671,train,824,17,119,small
003671,train,1077,55,46,medium
003671,train,191,6,49,small
003670,train,1918,52,58,medium
003670,train,346,21,24,small
003670,train,451,77,13,small
003670,train,751,68,21,small
003676,train,1152,23,88,medium
003676,train,1132,30,45,medium
003676,train,95,5,28,small
003676,train,367,11,61,small
003676,train,384,15,49,small
003669,train,641,22,39,small
003669,train,789,25,42,small
003669,train,139,37,8,small
003669,train,651,32,29,small
003669,train,581,74,16,small
003669,train,295,50,11,small
003675,train,3693,45,199,medium
003675,train,5671,76,101,medium
003675,train,659,15,114,small
003675,train,1105,19,129,medium
003675,train,815,80,19,small
003674,train,7362,49,195,medium
003674,train,412,8,85,small
003674,train,302,11,65,small
003674,train,129,4,50,small
003673,train,1300,49,41,medium
003673,train,196,6,52,small
003673,train,291,9,46,small
003673,train,502,14,71,small
003672,train,3135,32,196,medium
003672,train,99,5,48,small
003672,train,42,4,19,small
003672,train,337,7,73,small
003672,train,202,7,43,small
003672,train,98,4,40,small
003677,train,281,8,57,small
003677,train,78,3,41,small
003677,train,1773,35,70,medium
003677,train,585,14,74,small
003678,train,288,8,56,small
003678,train,4249,57,140,medium
003678,train,66,2,40,small
003678,train,630,15,71,small
003684,train,4552,55,182,medium
003684,train,140,6,37,small
003684,train,77,5,30,small
003684,train,3726,80,68,medium
003680,train,588,32,26,small
003680,train,486,12,89,small
003680,train,162,7,45,small
003680,train,2596,36,116,medium
003680,train,166,10,30,small
003681,train,108,4,46,small
003681,train,972,28,44,small
003681,train,576,13,104,small
003681,train,155,6,47,small
003681,train,989,28,49,small
003681,train,68,6,16,small
003679,train,416,12,89,small
003679,train,894,27,43,small
003679,train,156,6,48,small
003679,train,98,6,25,small
003679,train,1055,30,48,medium
003686,train,672,14,77,small
003686,train,2915,32,143,medium
003686,train,2729,49,97,medium
003686,train,131,6,40,small
003683,train,2257,36,126,medium
003683,train,48,3,28,small
003683,train,533,12,97,small
003683,train,238,12,51,small
003683,train,1347,32,63,medium
003683,train,365,12,54,small
003683,train,119,5,38,small
003682,train,93,5,47,small
003682,train,69,5,19,small
003682,train,1046,22,61,medium
003682,train,231,8,42,small
003682,train,435,11,73,small
003685,train,6085,58,198,medium
003685,train,3871,51,139,medium
003685,train,109,5,38,small
003685,train,81,5,33,small
003685,train,55,5,18,small
003690,train,1872,34,98,medium
003690,train,316,9,44,small
003690,train,1880,31,160,medium
003691,train,2577,36,126,medium
003691,train,72,4,31,small
003691,train,643,12,103,small
003691,train,1074,30,45,medium
003691,train,237,8,50,small
003691,train,339,13,51,small
003691,train,117,5,38,small
003687,train,1130,27,80,medium
003687,train,1875,57,57,medium
003687,train,466,31,21,small
003687,train,736,14,84,small
003689,train,155,6,38,small
003689,train,66,3,30,small
003689,train,1928,36,64,medium
003689,train,745,14,89,small
003688,train,929,18,132,small
003688,train,3899,53,129,medium
003688,train,223,9,40,small
003692,train,156,8,21,small
003692,train,595,31,37,small
003692,train,4430,50,175,medium
003692,train,189,6,53,small
003692,train,3080,42,109,medium
003693,train,4787,46,195,medium
003693,train,45,5,16,small
003693,train,340,9,69,small
003693,train,207,8,39,small
003693,train,96,4,42,small
003693,train,387,11,62,small
003694,train,665,30,28,small
003694,train,18,4,18,small
003694,train,32,4,16,small
003694,train,46,5,20,small
003694,train,158,7,47,small
003694,train,2061,44,63,medium
003697,train,763,29,37,small
003697,train,1620,31,172,medium
003697,train,18,3,18,small
003697,train,194,8,65,small
003697,train,1668,36,72,medium
003695,train,3679,41,199,medium
003695,train,2978,46,106,medium
003695,train,157,7,50,small
003695,train,91,5,28,small
003701,train,119,8,18,small
003701,train,303,12,41,small
003701,train,301,10,58,small
003701,train,31,2,25,small
003701,train,3262,61,91,medium
003700,train,3726,97,134,medium
003700,train,105,13,25,small
003700,train,279,9,50,small
003698,train,4945,52,189,medium
003698,train,67,7,34,small
003698,train,1271,20,111,medium
003698,train,50,3,25,small
003698,train,65,4,29,small
003702,train,8225,66,199,medium
003702,train,104,5,51,small
003702,train,34,3,18,small
003702,train,224,6,39,small
003696,train,665,10,113,small
003696,train,1051,30,46,medium
003699,train,4328,58,152,medium
003699,train,69,6,17,small
003699,train,34,4,15,small
003699,train,626,10,122,small
003699,train,44,5,28,small
003703,train,1447,38,49,medium
003703,train,6238,81,197,medium
003703,train,529,12,86,small
003703,train,139,5,48,small
003703,train,14,2,14,small
003703,train,19,4,13,small
003703,train,105,7,25,small
003706,train,1404,34,55,medium
003706,train,891,37,35,small
003706,train,1963,32,90,medium
003706,train,789,31,45,small
003706,train,359,9,59,small
003706,train,66,4,26,small
003711,train,395,12,77,small
003711,train,4826,70,174,medium
003711,train,349,10,45,small
003711,train,234,12,40,small
003707,train,6329,60,195,medium
003707,train,625,9,125,small
003707,train,76,6,31,small
003705,train,5600,50,199,medium
003705,train,4489,60,147,medium
003705,train,109,6,36,small
003705,train,55,4,22,small
003704,train,417,7,82,small
003704,train,3738,37,167,medium
003704,train,129,8,37,small
003704,train,756,35,33,small
003704,train,357,8,77,small
003704,train,1014,31,45,small
003708,train,267,11,53,small
003708,train,675,16,72,small
003708,train,174,8,34,small
003708,train,1113,32,44,medium
003708,train,227,8,50,small
003709,train,182,10,37,small
003709,train,2246,70,49,medium
003709,train,1948,46,59,medium
003712,train,3977,53,139,medium
003712,train,135,8,32,small
003712,train,868,32,44,small
003712,train,69,5,30,small
003710,train,6021,56,187,medium
003710,train,337,8,66,small
003710,train,56,3,30,small
003714,train,319,7,64,small
003714,train,5873,57,177,medium
003714,train,1310,48,61,medium
003714,train,557,31,30,small
003714,train,951,21,76,small
003714,train,272,25,18,small
003716,train,2996,25,183,medium
003716,train,1876,22,147,medium
003716,train,1727,34,66,medium
003716,train,669,16,52,small
003716,train,3446,46,109,medium
003720,train,836,10,136,small
003720,train,2644,47,107,medium
003720,train,209,10,30,small
003720,train,245,26,15,small
003717,train,1993,24,158,medium
003717,train,3169,50,96,medium
003717,train,50,3,31,small
003717,train,1207,51,32,medium
003713,train,2233,26,151,medium
003713,train,4076,54,137,medium
003715,train,3821,52,139,medium
003715,train,620,11,123,small
003715,train,740,26,39,small
003715,train,908,32,40,small
003719,train,4484,47,132,medium
003719,train,1423,22,108,medium
003719,train,791,16,104,small
003719,train,158,8,29,small
003719,train,114,6,24,small
003722,train,3464,35,196,medium
003722,train,4645,46,160,medium
003722,train,66,4,29,small
003722,train,66,4,30,small
003722,train,37,4,19,small
003722,train,190,9,41,small
003722,train,676,54,19,small
003718,train,5289,88,175,medium
003718,train,1150,20,109,medium
003718,train,204,7,57,small
003718,train,513,15,56,small
003718,train,291,10,50,small
003724,train,5437,59,171,medium
003724,train,709,11,106,small
003724,train,56,4,21,small
003723,train,2428,32,182,medium
003723,train,3234,45,137,medium
003721,train,8441,66,198,medium
003721,train,4323,39,198,medium
003721,train,141,8,40,small
003721,train,222,8,62,small
003721,train,128,6,40,small
003726,train,1753,43,55,medium
003726,train,56,3,33,small
003726,train,721,14,130,small
003726,train,2401,35,115,medium
003728,train,3428,73,92,medium
003728,train,156,9,34,small
003728,train,160,7,39,small
003728,train,21,1,21,small
003728,train,33,3,22,small
003728,train,34,2,21,small
003728,train,29,3,22,small
003728,train,25,2,17,small
003728,train,13,1,13,small
003725,train,1234,43,44,medium
003725,train,5524,45,195,medium
003725,train,541,10,113,small
003725,train,67,4,31,small
003730,train,79,4,58,small
003730,train,28,3,18,small
003730,train,4245,85,75,medium
003730,train,248,8,62,small
003730,train,30,3,17,small
003729,train,1742,17,197,medium
003729,train,3295,53,105,medium
003729,train,63,3,45,small
003727,train,16,2,16,small
003727,train,1198,24,81,medium
003727,train,39,3,24,small
003727,train,112,5,36,small
003727,train,13,1,13,small
003727,train,12,1,12,small
003734,train,6286,60,194,medium
003734,train,18,1,18,small
003734,train,1766,23,152,medium
003734,train,20,2,20,small
003734,train,93,6,32,small
003732,train,221,8,45,small
003732,train,42,4,25,small
003732,train,25,2,21,small
003732,train,61,2,36,small
003732,train,29,3,22,small
003732,train,71,4,34,small
003735,train,5158,66,159,medium
003735,train,75,3,26,small
003735,train,2371,28,161,medium
003735,train,207,9,38,small
003736,train,47,5,14,small
003736,train,645,12,127,small
003736,train,73,3,35,small
003736,train,4608,60,128,medium
003736,train,733,33,31,small
003733,train,30,4,23,small
003733,train,24,2,19,small
003733,train,86,6,35,small
003733,train,305,8,57,small
003733,train,14,1,14,small
003733,train,118,5,38,small
003733,train,1067,23,60,medium
003739,train,4610,56,184,medium
003739,train,136,6,41,small
003739,train,1134,32,48,medium
003739,train,59,3,29,small
003739,train,34,3,20,small
003739,train,67,5,23,small
003739,train,1242,34,51,medium
003737,train,1494,38,58,medium
003737,train,1180,19,104,medium
003737,train,248,6,54,small
003737,train,1980,32,91,medium
003737,train,705,31,43,small
003737,train,466,14,58,small
003737,train,393,13,53,small
003731,train,1720,22,143,medium
003731,train,4505,59,148,medium
003731,train,218,8,46,small
003743,train,1310,22,101,medium
003743,train,2757,44,79,medium
003743,train,1509,45,50,medium
003742,train,372,22,24,small
003742,train,566,20,59,small
003742,train,227,9,49,small
003742,train,45,5,22,small
003742,train,1118,28,66,medium
003742,train,777,35,32,small
003738,train,9691,81,196,large
003738,train,306,11,57,small
003738,train,636,13,76,small
003738,train,147,8,35,small
003738,train,317,9,51,small
003738,train,185,15,20,small
003744,train,2838,82,59,medium
003744,train,2230,30,115,medium
003744,train,50,3,26,small
003744,train,92,5,26,small
003744,train,2083,91,67,medium
003744,train,2862,75,51,medium
003745,train,1859,17,192,medium
003745,train,1443,14,197,medium
003745,train,1043,30,45,medium
003745,train,71,3,42,small
003740,train,956,33,35,small
003740,train,3386,39,144,medium
003740,train,781,25,43,small
003740,train,167,9,37,small
003740,train,165,7,42,small
003740,train,18,1,18,small
003740,train,34,6,14,small
003740,train,23,3,21,small
003740,train,36,3,19,small
003741,train,313,12,55,small
003741,train,642,15,74,small
003741,train,265,11,49,small
003741,train,1391,25,79,medium
003741,train,155,7,35,small
003741,train,581,15,74,small
003741,train,161,9,31,small
003741,train,211,7,49,small
003747,train,252,9,55,small
003747,train,97,4,46,small
003747,train,4612,63,130,medium
003747,train,890,32,40,small
003747,train,558,12,70,small
003746,train,605,16,69,small
003746,train,320,14,43,small
003746,train,110,8,19,small
003746,train,170,8,37,small
003746,train,19,1,19,small
003746,train,272,10,54,small
003746,train,282,10,52,small
003746,train,2931,46,79,medium
003746,train,1288,42,46,medium
003748,train,3341,57,88,medium
003748,train,738,10,135,small
003748,train,214,17,18,small
003748,train,2087,43,71,medium
003748,train,33,3,17,small
003749,train,1036,48,29,medium
003749,train,786,32,33,small
003749,train,1049,57,29,medium
003749,train,280,10,54,small
003749,train,619,14,72,small
003749,train,168,8,34,small
003751,train,2436,74,44,medium
003751,train,120,41,8,small
003751,train,82,42,4,small
003751,train,644,86,15,small
003752,train,2245,99,40,medium
003752,train,304,42,9,small
003752,train,891,158,17,small
003752,train,547,89,16,small
003750,train,2988,73,103,medium
003750,train,477,12,78,small
003750,train,753,21,65,small
003753,train,2126,69,70,medium
003753,train,1,1,1,small
003753,train,52,24,4,small
003753,train,4,4,1,small
003753,train,1,1,1,small
003753,train,271,42,8,small
003753,train,661,116,19,small
003753,train,131,47,7,small
003755,train,1,1,1,small
003755,train,7,7,1,small
003755,train,62,28,4,small
003755,train,1,1,1,small
003755,train,223,41,7,small
003755,train,322,67,12,small
003755,train,1385,45,45,medium
003761,train,237,57,9,small
003761,train,57,33,3,small
003761,train,1,1,1,small
003761,train,684,73,15,small
003761,train,1893,72,36,medium
003754,train,1,1,1,small
003754,train,1,1,1,small
003754,train,84,40,4,small
003754,train,197,39,7,small
003754,train,5229,200,36,medium
003754,train,263,69,8,small
003754,train,62,33,3,small
003757,train,6018,198,45,medium
003757,train,90,41,8,small
003757,train,1,1,1,small
003757,train,1,1,1,small
003757,train,66,36,4,small
003757,train,1,1,1,small
003757,train,23,16,3,small
003757,train,32,19,3,small
003757,train,1,1,1,small
003757,train,1,1,1,small
003757,train,33,18,2,small
003759,train,860,110,17,small
003759,train,1,1,1,small
003759,train,214,50,6,small
003759,train,882,119,17,small
003759,train,3425,197,43,medium
003759,train,5787,106,73,medium
003759,train,1173,48,47,medium
003756,train,4380,194,41,medium
003756,train,198,40,7,small
003756,train,347,67,13,small
003756,train,242,57,10,small
003756,train,1,1,1,small
003758,train,7970,199,48,medium
003758,train,363,81,9,small
003758,train,234,65,11,small
003758,train,91,47,4,small
003760,train,1114,89,23,medium
003760,train,1,1,1,small
003760,train,275,55,9,small
003760,train,400,47,15,small
003760,train,1,1,1,small
003760,train,81,26,6,small
003760,train,981,43,29,small
003768,train,1,1,1,small
003768,train,53,25,5,small
003768,train,74,36,4,small
003768,train,4306,179,56,medium
003768,train,4171,75,81,medium
003765,train,43,43,1,small
003765,train,511,75,13,small
003765,train,116,42,5,small
003765,train,1152,50,30,medium
003765,train,1251,51,35,medium
003769,train,108,35,6,small
003769,train,43,16,5,small
003769,train,1,1,1,small
003769,train,5906,199,58,medium
003769,train,4181,149,54,medium
003767,train,193,46,10,small
003767,train,276,50,11,small
003767,train,559,105,13,small
003767,train,78,35,4,small
003767,train,2588,128,35,medium
003767,train,1522,57,36,medium
003762,train,231,54,8,small
003762,train,1,1,1,small
003762,train,53,32,3,small
003762,train,1,1,1,small
003762,train,580,72,15,small
003762,train,4484,148,54,medium
003766,train,1059,61,25,medium
003766,train,47,18,5,small
003766,train,1,1,1,small
003766,train,96,49,6,small
003766,train,217,41,8,small
003766,train,239,50,8,small
003766,train,73,21,7,small
003763,train,364,61,12,small
003763,train,124,48,6,small
003763,train,135,32,8,small
003763,train,1224,54,32,medium
003763,train,1112,51,29,medium
003764,train,283,76,10,small
003764,train,9,9,1,small
003764,train,93,43,5,small
003764,train,100,24,7,small
003764,train,794,28,44,small
003764,train,2193,116,33,medium
003773,train,179,49,8,small
003773,train,369,58,12,small
003773,train,554,102,12,small
003773,train,118,36,6,small
003773,train,2463,123,36,medium
003773,train,1062,44,31,medium
003771,train,2793,96,68,medium
003771,train,284,70,7,small
003771,train,561,81,13,small
003771,train,574,79,15,small
003775,train,607,38,32,small
003775,train,3557,160,51,medium
003775,train,3497,109,50,medium
003776,train,3640,200,42,medium
003776,train,38,22,3,small
003776,train,98,48,4,small
003776,train,2730,106,45,medium
003777,train,1099,45,30,medium
003777,train,465,102,12,small
003772,train,4820,135,65,medium
003772,train,703,132,14,small
003772,train,278,51,11,small
003774,train,4438,152,57,medium
003774,train,5583,200,49,medium
003770,train,2954,99,48,medium
003770,train,669,79,15,small
003770,train,48,28,3,small
003770,train,1,1,1,small
003770,train,2708,140,31,medium
003781,train,4803,159,59,medium
003781,train,34,13,5,small
003781,train,645,124,10,small
003781,train,67,16,6,small
003783,train,3269,91,68,medium
003783,train,264,55,8,small
003783,train,364,43,14,small
003783,train,135,19,10,small
003783,train,55,25,4,small
003779,train,2016,58,49,medium
003779,train,2404,112,31,medium
003779,train,1,1,1,small
003779,train,70,40,4,small
003779,train,55,33,7,small
003779,train,34,21,4,small
003779,train,1555,114,22,medium
003780,train,420,121,8,small
003780,train,70,32,7,small
003780,train,5601,196,57,medium
003785,train,150,37,7,small
003785,train,3035,60,72,medium
003785,train,1986,63,44,medium
003784,train,243,51,9,small
003784,train,1,1,1,small
003784,train,252,46,10,small
003784,train,599,71,15,small
003784,train,154,30,9,small
003784,train,1086,45,31,medium
003782,train,222,50,8,small
003782,train,4299,139,101,medium
003778,train,1489,62,35,medium
003778,train,1695,185,31,medium
003786,train,70,38,3,small
003786,train,1,1,1,small
003786,train,1,1,1,small
003786,train,197,40,7,small
003786,train,2559,66,62,medium
003786,train,6107,127,69,medium
003793,train,242,14,25,small
003793,train,1362,55,46,medium
003793,train,696,32,33,small
003793,train,823,75,18,small
003793,train,234,63,6,small
003793,train,6136,176,55,medium
003789,train,3520,168,34,medium
003789,train,287,82,8,small
003789,train,331,78,7,small
003789,train,76,38,7,small
003789,train,1410,56,37,medium
003789,train,847,38,37,small
003788,train,1482,45,43,medium
003788,train,456,107,11,small
003788,train,121,44,6,small
003788,train,97,24,6,small
003788,train,7004,200,53,medium
003787,train,244,61,8,small
003787,train,1,1,1,small
003787,train,6722,188,58,medium
003794,train,757,38,26,small
003794,train,578,125,9,small
003794,train,5470,200,55,medium
003792,train,2541,171,25,medium
003792,train,3692,140,57,medium
003797,train,3609,97,55,medium
003797,train,1501,36,52,medium
003797,train,16,16,1,small
003797,train,1,1,1,small
003797,train,2005,163,24,medium
003795,train,2087,91,35,medium
003795,train,1619,60,40,medium
003795,train,624,41,31,small
003795,train,64,38,4,small
003795,train,402,60,11,small
003795,train,784,35,31,small
003790,train,4677,169,71,medium
003790,train,295,59,12,small
003790,train,352,52,10,small
003790,train,104,37,7,small
003791,train,105,35,8,small
003791,train,19,18,2,small
003791,train,1,1,1,small
003791,train,5,5,1,small
003791,train,5379,199,53,medium
003801,train,154,44,7,small
003801,train,120,42,5,small
003801,train,4643,200,42,medium
003801,train,8732,198,63,medium
003796,train,617,51,17,small
003796,train,1712,150,21,medium
003796,train,1,1,1,small
003796,train,2547,179,25,medium
003796,train,3325,104,45,medium
003796,train,1744,71,35,medium
003798,train,491,61,14,small
003798,train,1306,105,20,medium
003798,train,368,56,14,small
003798,train,5713,175,89,medium
003802,train,148,41,9,small
003802,train,1,1,1,small
003802,train,50,18,4,small
003802,train,3273,199,34,medium
003802,train,799,20,59,small
003802,train,4080,144,40,medium
003800,train,280,13,30,small
003800,train,3010,108,54,medium
003800,train,850,138,11,small
003800,train,225,29,10,small
003799,train,5110,137,52,medium
003799,train,524,80,13,small
003799,train,22,16,2,small
003799,train,1,1,1,small
003799,train,102,30,8,small
003799,train,1226,106,19,medium
003803,train,2414,93,43,medium
003803,train,2593,181,32,medium
003806,train,834,133,15,small
003806,train,98,48,7,small
003806,train,1853,54,49,medium
003806,train,2579,124,32,medium
003810,train,3903,74,84,medium
003810,train,144,62,4,small
003810,train,1,1,1,small
003810,train,45,18,4,small
003810,train,153,40,6,small
003810,train,1,1,1,small
003810,train,16,16,1,small
003804,train,1,1,1,small
003804,train,511,100,10,small
003804,train,4685,160,59,medium
003805,train,5575,199,47,medium
003805,train,66,37,4,small
003805,train,647,122,9,small
003805,train,1409,43,48,medium
003808,train,19,19,1,small
003808,train,1,1,1,small
003808,train,29,19,4,small
003808,train,201,41,9,small
003808,train,1,1,1,small
003808,train,29,20,3,small
003808,train,171,37,10,small
003808,train,1,1,1,small
003808,train,19,19,1,small
003808,train,3152,93,66,medium
003814,train,1,1,1,small
003814,train,2,2,1,small
003814,train,36,25,4,small
003814,train,1,1,1,small
003814,train,1797,158,24,medium
003814,train,3,3,1,small
003814,train,1,1,1,small
003814,train,5675,193,58,medium
003807,train,123,35,6,small
003807,train,61,43,5,small
003807,train,1,1,1,small
003807,train,9,9,1,small
003807,train,1544,86,26,medium
003809,train,3122,104,50,medium
003809,train,1610,198,17,medium
003809,train,1,1,1,small
003812,train,224,44,9,small
003812,train,1,1,1,small
003812,train,1,1,1,small
003812,train,48,32,3,small
003812,train,68,33,5,small
003812,train,1,1,1,small
003812,train,2,2,1,small
003812,train,1,1,1,small
003812,train,1,1,1,small
003812,train,6602,199,44,medium
003811,train,1,1,1,small
003811,train,1850,114,24,medium
003811,train,4469,154,59,medium
003818,train,176,18,16,small
003818,train,9256,199,77,large
003818,train,267,52,9,small
003818,train,279,55,12,small
003818,train,1,1,1,small
003818,train,605,74,12,small
003818,train,143,33,8,small
003813,train,1123,63,26,medium
003813,train,125,36,7,small
003813,train,66,26,6,small
003813,train,13,13,2,small
003813,train,1,1,1,small
003813,train,1,1,1,small
003813,train,253,55,8,small
003817,train,1,1,1,small
003817,train,224,52,6,small
003817,train,475,58,13,small
003817,train,1,1,1,small
003817,train,1088,107,20,medium
003817,train,356,56,12,small
003817,train,2308,111,34,medium
003817,train,1399,58,38,medium
003817,train,588,42,29,small
003815,train,1,1,1,small
003815,train,1488,151,23,medium
003815,train,1,1,1,small
003815,train,4828,164,59,medium
003816,train,68,39,3,small
003816,train,687,125,12,small
003816,train,816,36,31,small
003816,train,4241,130,60,medium
003819,train,77,37,5,small
003819,train,1,1,1,small
003819,train,25,20,3,small
003819,train,4203,182,40,medium
003819,train,492,40,16,small
003819,train,67,24,5,small
003819,train,1169,46,32,medium
003819,train,1273,50,35,medium
003820,train,3503,148,46,medium
003820,train,63,6,15,small
003820,train,26,17,3,small
003820,train,192,42,8,small
003820,train,29,18,3,small
003820,train,175,40,8,small
003820,train,834,35,33,small
003820,train,722,45,27,small
003825,train,1693,198,14,medium
003825,train,1153,46,32,medium
003825,train,2162,197,19,medium
003826,train,288,53,10,small
003826,train,320,41,14,small
003826,train,109,19,9,small
003826,train,1148,41,45,medium
003826,train,2983,79,46,medium
003826,train,210,50,9,small
003826,train,601,68,17,small
003826,train,143,32,10,small
003826,train,26,21,3,small
003826,train,1,1,1,small
003822,train,1268,70,30,medium
003822,train,460,28,24,small
003822,train,585,62,23,small
003822,train,1027,40,38,medium
003822,train,209,54,10,small
003823,train,1297,48,42,medium
003823,train,1338,104,21,medium
003823,train,2911,79,47,medium
003828,train,725,151,10,small
003828,train,279,22,19,small
003828,train,3562,93,57,medium
003828,train,2072,71,43,medium
003824,train,3012,56,77,medium
003824,train,2075,114,28,medium
003824,train,82,26,5,small
003824,train,1139,60,40,medium
003824,train,1995,55,81,medium
003824,train,828,41,37,small
003827,train,240,57,9,small
003827,train,62,36,3,small
003827,train,1,1,1,small
003827,train,540,72,14,small
003827,train,698,33,30,small
003827,train,4507,130,63,medium
003830,train,808,62,22,small
003830,train,380,75,16,small
003830,train,2783,96,62,medium
003821,train,271,51,10,small
003821,train,579,72,13,small
003821,train,161,34,8,small
003821,train,1049,68,22,medium
003821,train,227,50,8,small
003821,train,1,1,1,small
003821,train,244,48,10,small
003821,train,1,1,1,small
003821,train,580,73,15,small
003821,train,170,34,9,small
003831,train,118,2,63,small
003831,train,226,7,47,small
003831,train,206,5,75,small
003831,train,394,11,59,small
003831,train,323,12,47,small
003831,train,46,4,27,small
003829,train,941,35,35,small
003829,train,1,1,1,small
003829,train,269,51,11,small
003829,train,626,74,15,small
003829,train,141,33,10,small
003829,train,1163,30,50,medium
003829,train,1131,31,57,medium
003834,train,56,5,35,small
003834,train,247,9,47,small
003834,train,46,4,22,small
003834,train,392,10,62,small
003834,train,164,9,56,small
003834,train,424,11,73,small
003834,train,184,7,42,small
003834,train,72,4,39,small
003834,train,125,7,26,small
003836,train,1591,20,186,medium
003836,train,1319,25,120,medium
003836,train,81,4,28,small
003836,train,116,3,63,small
003835,train,1982,23,191,medium
003835,train,4,2,3,small
003835,train,88,6,24,small
003835,train,1305,51,152,medium
003835,train,2130,26,138,medium
003838,train,843,24,88,small
003838,train,978,14,116,small
003838,train,96,6,20,small
003838,train,203,5,70,small
003840,train,2499,34,197,medium
003840,train,513,13,69,small
003840,train,662,9,122,small
003840,train,70,4,23,small
003840,train,1480,22,98,medium
003840,train,487,15,46,small
003840,train,121,6,26,small
003840,train,81,7,17,small
003840,train,186,8,35,small
003833,train,70,2,35,small
003833,train,1914,18,197,medium
003833,train,156,10,28,small
003833,train,183,5,77,small
003833,train,197,14,28,small
003833,train,252,10,50,small
003833,train,94,7,22,small
003833,train,1114,24,71,medium
003833,train,29,3,15,small
003833,train,25,5,5,small
003833,train,50,7,23,small
003833,train,30,4,9,small
003833,train,43,4,17,small
003833,train,136,24,22,small
003841,train,3070,28,186,medium
003841,train,4398,42,196,medium
003841,train,100,4,25,small
003841,train,387,13,44,small
003841,train,651,10,139,small
003841,train,280,10,74,small
003841,train,111,15,25,small
003841,train,182,10,31,small
003832,train,127,8,25,small
003832,train,137,2,69,small
003832,train,82,5,26,small
003832,train,205,11,51,small
003832,train,79,6,22,small
003832,train,194,5,76,small
003832,train,61,5,20,small
003832,train,16,1,16,small
003832,train,1288,24,78,medium
003832,train,49,6,20,small
003832,train,51,5,17,small
003839,train,1163,15,146,medium
003839,train,145,6,36,small
003839,train,366,11,57,small
003839,train,316,5,110,small
003839,train,18,1,18,small
003842,train,369,8,74,small
003842,train,2188,32,153,medium
003842,train,229,8,44,small
003842,train,1517,27,144,medium
003842,train,149,7,29,small
003842,train,181,7,40,small
003842,train,438,8,93,small
003842,train,754,26,38,small
003843,train,288,9,57,small
003843,train,943,82,193,small
003843,train,233,10,44,small
003843,train,193,8,48,small
003843,train,2957,45,176,medium
003843,train,411,8,97,small
003843,train,91,8,35,small
003843,train,36,15,26,small
003843,train,47,7,10,small
003845,train,1411,25,144,medium
003845,train,878,61,199,small
003845,train,2912,37,160,medium
003845,train,98,9,15,small
003845,train,92,5,31,small
003845,train,150,6,28,small
003845,train,519,20,86,small
003845,train,42,18,30,small
003844,train,413,7,88,small
003844,train,935,11,150,small
003844,train,252,10,44,small
003844,train,904,24,97,small
003844,train,47,16,29,small
003837,train,65,5,23,small
003837,train,12,1,12,small
003837,train,92,5,38,small
003837,train,82,5,33,small
003837,train,11,1,11,small
003837,train,943,16,109,small
003837,train,141,4,49,small
003837,train,154,9,24,small
003837,train,46,4,19,small
003837,train,73,4,21,small
003837,train,25,2,16,small
003837,train,89,6,28,small
003848,train,837,15,82,small
003848,train,352,8,80,small
003848,train,64,4,27,small
003848,train,53,3,31,small
003848,train,643,16,72,small
003848,train,62,3,22,small
003848,train,50,3,24,small
003848,train,99,6,31,small
003848,train,69,5,21,small
003848,train,30,3,17,small
003846,train,958,27,120,small
003846,train,84,19,33,small
003846,train,155,7,31,small
003846,train,67,5,21,small
003846,train,96,6,23,small
003846,train,129,5,43,small
003846,train,63,3,30,small
003846,train,302,10,49,small
003846,train,199,8,47,small
003849,train,239,8,51,small
003849,train,2137,22,187,medium
003849,train,31,3,19,small
003849,train,75,5,22,small
003849,train,116,7,31,small
003849,train,814,14,127,small
003849,train,43,3,22,small
003849,train,562,18,93,small
003849,train,38,4,16,small
003849,train,40,3,20,small
003849,train,15,3,13,small
003849,train,163,7,44,small
003847,train,214,13,30,small
003847,train,228,11,29,small
003847,train,1053,28,121,medium
003847,train,196,19,41,small
003847,train,212,8,53,small
003847,train,115,8,31,small
003847,train,66,4,26,small
003847,train,63,13,31,small
003847,train,82,3,32,small
003847,train,12,2,12,small
003847,train,224,7,50,small
003850,train,3779,40,130,medium
003850,train,1484,23,154,medium
003850,train,291,6,79,small
003850,train,587,21,101,small
003850,train,134,10,45,small
003850,train,18,1,18,small
003851,train,112,6,32,small
003851,train,286,7,71,small
003851,train,106,6,26,small
003851,train,312,17,55,small
003851,train,141,5,36,small
003851,train,57,6,30,small
003851,train,582,19,73,small
003851,train,16,2,15,small
003851,train,58,2,49,small
003851,train,71,4,28,small
003851,train,251,5,81,small
003851,train,277,10,56,small
003852,train,84,6,22,small
003852,train,918,23,71,small
003852,train,405,10,60,small
003852,train,10,2,9,small
003852,train,957,20,90,small
003852,train,270,5,87,small
003852,train,202,6,56,small
003853,train,1451,21,122,medium
003853,train,50,3,26,small
003853,train,64,3,40,small
003853,train,199,8,53,small
003853,train,209,6,53,small
003853,train,136,5,53,small
003853,train,775,23,61,small
003855,train,2314,16,196,medium
003855,train,190,9,47,small
003855,train,332,10,50,small
003855,train,2340,22,141,medium
003855,train,271,9,51,small
003859,train,2675,16,199,medium
003859,train,1561,17,154,medium
003859,train,435,12,82,small
003859,train,618,14,121,small
003854,train,2139,19,146,medium
003854,train,1198,24,99,medium
003856,train,1043,11,125,medium
003856,train,8495,60,196,medium
003856,train,2362,17,187,medium
003856,train,317,9,57,small
003856,train,130,9,41,small
003856,train,164,6,71,small
003857,train,2724,16,199,medium
003857,train,7439,48,198,medium
003857,train,1651,22,98,medium
003857,train,1089,28,59,medium
003857,train,204,9,41,small
003863,train,1978,15,195,medium
003863,train,67,3,26,small
003863,train,131,8,26,small
003863,train,236,14,40,small
003863,train,984,17,142,small
003863,train,32,3,22,small
003863,train,750,19,76,small
003863,train,145,11,31,small
003860,train,2577,17,199,medium
003860,train,248,8,54,small
003860,train,1049,17,156,medium
003860,train,81,5,32,small
003858,train,4702,49,200,medium
003858,train,2474,17,199,medium
003858,train,1911,32,139,medium
003858,train,153,15,36,small
003858,train,93,6,29,small
003862,train,2560,16,197,medium
003862,train,76,3,32,small
003862,train,61,5,25,small
003862,train,262,11,66,small
003864,train,636,17,90,small
003864,train,129,7,27,small
003864,train,127,7,34,small
003864,train,681,17,77,small
003864,train,360,14,54,small
003864,train,348,14,61,small
003861,train,2465,16,198,medium
003861,train,3165,41,198,medium
003861,train,136,7,62,small
003861,train,245,9,47,small
003861,train,173,9,28,small
003865,train,267,11,38,small
003865,train,398,11,64,small
003865,train,233,11,55,small
003865,train,44,5,37,small
003865,train,169,7,38,small
003865,train,74,5,24,small
003865,train,2586,199,18,medium
003865,train,86,5,35,small
003866,train,2780,199,18,medium
003866,train,800,24,73,small
003866,train,448,14,49,small
003868,train,931,24,85,small
003868,train,505,14,60,small
003868,train,2218,23,161,medium
003868,train,1489,28,115,medium
003870,train,4000,28,199,medium
003870,train,1242,24,118,medium
003870,train,976,22,103,small
003872,train,1169,31,90,medium
003872,train,399,135,14,small
003872,train,885,200,20,small
003872,train,57,40,4,small
003872,train,12,12,1,small
003872,train,2,2,1,small
003872,train,79,41,6,small
003872,train,3,3,1,small
003872,train,166,17,38,small
003872,train,195,16,21,small
003867,train,201,9,37,small
003867,train,1117,25,105,medium
003867,train,422,13,64,small
003867,train,2037,24,164,medium
003867,train,1337,24,102,medium
003869,train,1480,26,121,medium
003869,train,2402,25,155,medium
003869,train,725,17,84,small
003871,train,1552,33,132,medium
003871,train,1,1,1,small
003871,train,1578,194,29,medium
003871,train,1,1,1,small
003871,train,1,1,1,small
003871,train,7,7,1,small
003874,train,415,17,37,small
003874,train,661,199,16,small
003874,train,311,10,71,small
003874,train,573,20,70,small
003873,train,1220,25,118,medium
003873,train,357,16,39,small
003873,train,1,1,1,small
003873,train,37,22,3,small
003873,train,1,1,1,small
003873,train,255,106,10,small
003873,train,344,79,10,small
003873,train,7,7,1,small
003873,train,9,9,1,small
003873,train,1,1,1,small
003873,train,11,11,1,small
003873,train,1,1,1,small
003873,train,280,114,11,small
003878,train,618,199,7,small
003878,train,470,199,7,small
003878,train,1577,198,13,medium
003878,train,409,13,49,small
003877,train,1310,200,12,medium
003877,train,1506,199,12,medium
003877,train,359,14,59,small
003879,train,416,15,54,small
003879,train,236,96,5,small
003879,train,47,24,2,small
003879,train,155,61,4,small
003879,train,540,198,6,small
003879,train,1523,199,12,medium
003879,train,111,6,47,small
003879,train,196,9,39,small
003875,train,262,8,54,small
003875,train,1683,33,154,medium
003875,train,3089,199,21,medium
003881,train,330,12,45,small
003881,train,979,196,9,small
003881,train,1388,198,12,medium
003881,train,142,10,44,small
003881,train,130,9,29,small
003876,train,158,9,26,small
003876,train,293,15,33,small
003876,train,1356,199,11,medium
003876,train,1212,198,11,medium
003876,train,1216,23,109,medium
003880,train,1105,25,65,medium
003880,train,623,20,56,small
003880,train,396,196,7,small
003880,train,453,199,8,small
003880,train,1480,198,12,medium
003880,train,527,17,57,small
003883,train,713,17,94,small
003883,train,54,4,24,small
003883,train,744,199,11,small
003883,train,765,21,58,small
003883,train,85,5,28,small
003884,train,326,21,40,small
003884,train,95,5,31,small
003884,train,105,5,41,small
003884,train,80,38,7,small
003884,train,96,40,6,small
003884,train,74,39,6,small
003884,train,198,74,5,small
003884,train,183,9,27,small
003882,train,443,88,8,small
003882,train,684,94,12,small
003882,train,290,11,66,small
003882,train,155,62,5,small
003882,train,210,8,57,small
003889,train,63,3,25,small
003889,train,409,11,85,small
003889,train,410,67,11,small
003889,train,191,35,9,small
003886,train,1696,36,78,medium
003886,train,595,198,8,small
003886,train,168,100,4,small
003886,train,897,200,7,small
003886,train,734,20,88,small
003886,train,262,9,62,small
003886,train,106,10,21,small
003888,train,1355,17,143,medium
003888,train,517,126,8,small
003888,train,293,55,10,small
003887,train,96,3,49,small
003885,train,96,4,32,small
003885,train,328,10,58,small
003885,train,81,35,7,small
003885,train,159,46,5,small
003885,train,64,41,4,small
003885,train,66,4,27,small
003885,train,157,77,5,small
003885,train,72,23,5,small
003885,train,75,29,4,small
003885,train,250,75,6,small
003885,train,57,21,3,small
003895,train,162,5,46,small
003895,train,56,3,25,small
003895,train,15,3,13,small
003895,train,60,3,38,small
003891,train,133,6,36,small
003891,train,14,1,14,small
003891,train,657,11,145,small
003891,train,138,4,39,small
003891,train,28,3,18,small
003891,train,52,4,31,small
003891,train,220,8,45,small
003897,train,1974,24,160,medium
003897,train,125,8,30,small
003897,train,62,3,50,small
003897,train,54,3,23,small
003890,train,2664,27,199,medium
003890,train,47,4,19,small
003890,train,468,9,78,small
003890,train,60,3,27,small
003890,train,61,4,24,small
003893,train,1540,20,142,medium
003893,train,101,6,32,small
003893,train,81,6,40,small
003893,train,82,3,36,small
003893,train,1833,192,15,medium
003896,train,69,4,25,small
003896,train,168,6,48,small
003896,train,168,6,78,small
003896,train,95,5,41,small
003896,train,226,5,65,small
003898,train,106,5,26,small
003898,train,79,5,25,small
003898,train,291,11,41,small
003898,train,85,4,33,small
003898,train,1,1,1,small
003898,train,49,27,16,small
003898,train,478,113,21,small
003898,train,234,68,6,small
003898,train,1,1,1,small
003894,train,1435,193,45,medium
003894,train,45,22,5,small
003894,train,70,4,28,small
003894,train,164,7,63,small
003894,train,42,2,28,small
003894,train,95,7,27,small
003894,train,18,2,18,small
003892,train,1432,19,150,medium
003900,train,37,18,8,small
003900,train,512,104,20,small
003900,train,331,80,8,small
003900,train,87,32,4,small
003900,train,212,52,6,small
003900,train,76,4,42,small
003900,train,41,3,23,small
003900,train,129,7,32,small
003900,train,66,5,19,small
003982,train,828,114,22,small
003982,train,674,46,19,small
003982,train,84,5,27,small
003982,train,1090,13,172,medium
003982,train,851,11,148,small
003982,train,342,8,87,small
003982,train,64,3,32,small
003985,train,99,3,33,small
003985,train,215,4,62,small
003985,train,1273,15,131,medium
003985,train,320,6,81,small
003985,train,619,8,137,small
003985,train,230,7,60,small
003985,train,24,2,23,small
003985,train,244,6,70,small
003985,train,495,9,88,small
003985,train,129,5,56,small
003985,train,1200,127,18,medium
003981,train,574,11,100,small
003981,train,347,7,96,small
003981,train,471,9,79,small
003981,train,151,3,64,small
003981,train,24,2,17,small
003981,train,117,5,56,small
003981,train,270,5,71,small
003981,train,57,4,24,small
003981,train,106,4,31,small
003981,train,432,42,17,small
003981,train,46,17,5,small
003981,train,130,42,6,small
003981,train,1,1,1,small
003899,train,1084,194,46,medium
003899,train,93,42,7,small
003899,train,254,8,49,small
003899,train,26,3,18,small
003899,train,32,3,23,small
003899,train,18,2,12,small
003984,train,238,6,62,small
003984,train,1302,27,112,medium
003984,train,206,7,39,small
003984,train,740,8,172,small
003984,train,81,4,27,small
003984,train,226,5,73,small
003984,train,386,60,10,small
003984,train,405,12,46,small
003991,train,282,11,45,small
003991,train,56,5,30,small
003991,train,388,11,64,small
003991,train,226,6,77,small
003991,train,110,7,27,small
003991,train,211,7,46,small
003991,train,75,4,29,small
003991,train,64,2,60,small
003983,train,1424,19,199,medium
003983,train,350,5,91,small
003983,train,363,4,111,small
003983,train,328,7,72,small
003983,train,18,2,18,small
003983,train,40,2,20,small
003983,train,136,4,49,small
003983,train,160,4,46,small
003983,train,1026,65,27,medium
003987,train,208,6,58,small
003987,train,492,6,127,small
003987,train,878,10,129,small
003987,train,780,11,118,small
003987,train,129,5,52,small
003987,train,100,7,31,small
003987,train,88,35,6,small
003987,train,1716,155,23,medium
003987,train,485,44,22,small
003988,train,750,157,11,small
003988,train,14,14,1,small
003988,train,2127,198,22,medium
003992,train,1326,27,76,medium
003992,train,57,5,19,small
003992,train,234,5,79,small
003992,train,59,7,23,small
003992,train,16,2,15,small
003992,train,88,5,26,small
003992,train,268,11,54,small
003992,train,53,4,20,small
003992,train,57,1,57,small
003992,train,87,6,23,small
003989,train,109,3,39,small
003989,train,286,55,8,small
003989,train,28,24,3,small
003989,train,112,44,8,small
003989,train,1,1,1,small
003989,train,80,36,7,small
003989,train,112,10,55,small
003989,train,186,7,41,small
003989,train,13,1,13,small
003986,train,69,5,18,small
003986,train,783,14,85,small
003986,train,401,9,77,small
003986,train,41,1,41,small
003986,train,37,3,19,small
003986,train,9,1,9,small
003986,train,432,52,14,small
003986,train,474,51,15,small
003986,train,182,27,12,small
003986,train,80,17,9,small
003986,train,410,10,61,small
003986,train,195,6,62,small
003986,train,357,10,59,small
003986,train,170,4,58,small
003986,train,179,7,38,small
003986,train,145,6,37,small
003986,train,68,4,28,small
003990,train,1008,12,96,small
003990,train,243,14,48,small
003990,train,422,10,70,small
003990,train,16,3,16,small
003990,train,352,14,56,small
003990,train,33,16,5,small
003990,train,174,35,13,small
003990,train,170,28,9,small
003990,train,37,26,4,small
003990,train,33,15,5,small
003990,train,1,1,1,small
003990,train,1,1,1,small
003990,train,91,5,22,small
003994,train,145,7,33,small
003994,train,409,11,70,small
003994,train,159,7,36,small
003994,train,313,11,58,small
003994,train,142,9,55,small
003994,train,72,5,25,small
003994,train,261,10,47,small
003995,train,1569,50,153,medium
003995,train,2129,25,138,medium
003995,train,1893,19,194,medium
003995,train,91,5,25,small
003996,train,1451,20,186,medium
003996,train,150,4,57,small
003996,train,1296,23,109,medium
003996,train,68,3,30,small
004001,train,884,10,141,small
004001,train,4101,35,192,medium
004001,train,3128,26,184,medium
004001,train,118,14,24,small
004001,train,246,10,52,small
004001,train,299,10,41,small
003997,train,106,6,27,small
003997,train,972,16,110,small
003997,train,215,7,70,small
003997,train,72,5,22,small
003997,train,206,9,35,small
003997,train,55,6,17,small
003997,train,84,5,32,small
003997,train,27,3,13,small
003997,train,111,5,39,small
003997,train,71,4,23,small
003998,train,271,7,99,small
003998,train,1092,15,112,medium
003998,train,864,26,77,small
003993,train,1089,24,70,medium
003993,train,2044,20,199,medium
003993,train,167,25,33,small
003993,train,41,4,17,small
003993,train,93,8,25,small
003993,train,21,2,18,small
003993,train,219,6,79,small
003993,train,192,10,56,small
003993,train,67,4,21,small
003993,train,107,7,26,small
003993,train,99,7,27,small
003999,train,408,7,140,small
003999,train,1070,14,153,medium
003999,train,397,15,57,small
003999,train,118,5,40,small
004003,train,115,12,10,small
004003,train,3773,50,174,medium
004003,train,1043,83,187,medium
004003,train,504,8,95,small
004003,train,39,14,23,small
004003,train,177,6,44,small
004003,train,286,8,56,small
004003,train,430,18,48,small
004007,train,254,7,51,small
004007,train,108,5,52,small
004007,train,97,4,31,small
004007,train,1226,29,121,medium
004007,train,84,13,30,small
004007,train,288,7,56,small
004007,train,122,9,21,small
004000,train,164,8,37,small
004000,train,1974,26,149,medium
004000,train,570,9,92,small
004000,train,523,15,47,small
004000,train,147,8,24,small
004000,train,117,5,29,small
004000,train,171,9,30,small
004000,train,534,12,68,small
004005,train,614,21,87,small
004005,train,957,59,200,small
004005,train,2527,28,153,medium
004005,train,1541,23,131,medium
004005,train,84,7,16,small
004002,train,152,6,36,small
004002,train,1322,23,143,medium
004002,train,243,7,62,small
004002,train,2787,34,154,medium
004002,train,133,7,30,small
004002,train,380,9,75,small
004002,train,208,7,46,small
004002,train,829,31,48,small
004004,train,1010,24,97,small
004004,train,431,8,78,small
004004,train,82,17,31,small
004004,train,467,8,87,small
004004,train,211,7,52,small
004004,train,231,11,40,small
004008,train,773,18,78,small
004008,train,75,8,22,small
004008,train,64,5,17,small
004008,train,105,5,27,small
004008,train,62,4,21,small
004008,train,442,8,77,small
004008,train,37,3,19,small
004008,train,704,14,70,small
004009,train,130,5,36,small
004009,train,2140,22,179,medium
004009,train,776,16,108,small
004009,train,673,20,93,small
004009,train,248,13,34,small
004009,train,251,8,46,small
004006,train,260,8,50,small
004006,train,295,9,45,small
004006,train,129,6,35,small
004006,train,78,3,30,small
004006,train,1024,27,123,medium
004006,train,155,9,30,small
004006,train,60,4,22,small
004006,train,119,21,32,small
004015,train,2360,16,183,medium
004015,train,275,9,47,small
004015,train,445,10,70,small
004015,train,228,8,47,small
004013,train,1007,27,60,small
004013,train,227,8,53,small
004013,train,1558,21,120,medium
004013,train,235,7,75,small
004012,train,596,9,118,small
004012,train,2094,24,156,medium
004012,train,475,13,58,small
004012,train,108,6,24,small
004011,train,371,13,69,small
004011,train,238,5,62,small
004011,train,681,17,72,small
004011,train,348,7,80,small
004011,train,475,19,53,small
004011,train,106,6,31,small
004011,train,112,6,23,small
004017,train,2587,16,199,medium
004017,train,283,12,47,small
004017,train,2688,26,194,medium
004017,train,1631,31,86,medium
004014,train,2330,20,154,medium
004014,train,1173,24,96,medium
004010,train,743,22,93,small
004010,train,70,4,20,small
004010,train,138,10,45,small
004010,train,3390,43,113,medium
004010,train,298,7,61,small
004016,train,7482,49,196,medium
004016,train,1958,15,171,medium
004016,train,265,8,78,small
004016,train,186,11,40,small
004016,train,290,8,49,small
004019,train,2787,16,199,medium
004019,train,1485,16,174,medium
004019,train,422,10,74,small
004019,train,629,14,87,small
004019,train,290,13,42,small
004018,train,2547,17,199,medium
004018,train,3250,44,112,medium
004018,train,2133,29,137,medium
004018,train,1238,36,124,medium
004022,train,2402,16,185,medium
004022,train,221,9,66,small
004022,train,44,6,24,small
004021,train,2700,17,200,medium
004021,train,798,19,88,small
004021,train,1442,13,149,medium
004021,train,173,9,27,small
004021,train,221,9,45,small
004021,train,1502,34,79,medium
004021,train,251,9,64,small
004026,train,743,23,71,small
004026,train,380,13,52,small
004026,train,151,11,29,small
004026,train,2599,200,18,medium
004026,train,304,11,66,small
004025,train,52,4,21,small
004025,train,2492,199,18,medium
004025,train,43,4,18,small
004025,train,88,5,26,small
004025,train,310,9,60,small
004025,train,211,11,52,small
004025,train,87,6,35,small
004025,train,218,11,38,small
004020,train,2698,17,200,medium
004020,train,103,5,34,small
004020,train,1129,18,159,medium
004020,train,256,8,52,small
004023,train,2146,15,198,medium
004023,train,123,9,30,small
004023,train,788,13,121,small
004023,train,778,19,75,small
004023,train,95,5,28,small
004023,train,123,8,22,small
004023,train,86,5,25,small
004027,train,2252,23,159,medium
004027,train,1494,24,100,medium
004027,train,946,24,102,small
004027,train,463,13,64,small
004027,train,232,15,32,small
004024,train,428,13,62,small
004024,train,320,15,54,small
004024,train,626,18,73,small
004024,train,75,5,33,small
004024,train,113,5,29,small
004024,train,726,18,88,small
004024,train,98,6,23,small
004028,train,2306,24,149,medium
004028,train,1811,31,117,medium
004028,train,482,13,71,small
004035,train,2861,197,19,medium
004035,train,1606,33,152,medium
004035,train,283,9,54,small
004029,train,547,12,84,small
004029,train,131,9,21,small
004029,train,2749,28,174,medium
004029,train,1399,24,123,medium
004031,train,806,193,25,small
004031,train,1,1,1,small
004031,train,82,57,4,small
004031,train,346,179,19,small
004031,train,18,18,1,small
004031,train,5,5,1,small
004031,train,3,3,1,small
004031,train,3,3,1,small
004031,train,1,1,1,small
004031,train,1,1,1,small
004031,train,2,2,1,small
004031,train,1,1,1,small
004031,train,1850,33,140,medium
004036,train,1202,24,94,medium
004036,train,3175,198,23,medium
004036,train,212,15,26,small
004036,train,130,7,29,small
004033,train,494,114,16,small
004033,train,335,80,9,small
004033,train,269,106,12,small
004033,train,340,13,40,small
004033,train,887,30,118,small
004034,train,114,12,28,small
004034,train,313,10,60,small
004034,train,321,15,39,small
004034,train,714,199,17,small
004034,train,314,12,38,small
004030,train,5979,42,199,medium
004030,train,1120,18,122,medium
004030,train,1363,24,105,medium
004032,train,168,13,19,small
004032,train,75,4,26,small
004032,train,917,199,23,small
004032,train,1,1,1,small
004032,train,1,1,1,small
004032,train,487,176,18,small
004032,train,12,12,1,small
004032,train,12,12,1,small
004032,train,11,11,1,small
004032,train,9,9,1,small
004032,train,9,9,1,small
004032,train,1,1,1,small
004032,train,1058,29,81,medium
004038,train,234,10,42,small
004038,train,1595,199,13,medium
004038,train,1398,199,12,medium
004038,train,481,20,53,small
004044,train,247,11,29,small
004044,train,170,75,6,small
004044,train,171,70,6,small
004044,train,194,50,7,small
004044,train,80,38,6,small
004044,train,125,5,45,small
004044,train,135,7,35,small
004044,train,361,21,43,small
004041,train,130,7,32,small
004041,train,166,7,46,small
004041,train,1482,197,12,medium
004041,train,977,197,9,small
004041,train,404,16,57,small
004040,train,506,19,48,small
004040,train,1499,199,13,medium
004040,train,1390,199,11,medium
004040,train,557,19,49,small
004040,train,844,21,57,small
004039,train,130,8,36,small
004039,train,154,6,42,small
004039,train,1595,199,13,medium
004039,train,1097,199,10,medium
004039,train,360,15,53,small
004042,train,177,6,44,small
004042,train,212,9,56,small
004042,train,1,1,1,small
004042,train,812,112,10,small
004042,train,694,116,8,small
004037,train,334,15,56,small
004037,train,1497,199,14,medium
004037,train,1297,199,10,medium
004045,train,76,26,4,small
004045,train,305,77,6,small
004045,train,91,31,4,small
004045,train,40,22,2,small
004045,train,1,1,1,small
004045,train,1,1,1,small
004045,train,169,66,6,small
004045,train,370,11,61,small
004045,train,59,33,4,small
004045,train,99,7,24,small
004049,train,904,122,11,small
004049,train,575,13,80,small
004049,train,178,7,48,small
004047,train,114,8,36,small
004047,train,172,5,51,small
004043,train,77,4,29,small
004043,train,86,5,25,small
004043,train,918,20,65,small
004043,train,981,199,12,small
004043,train,628,15,85,small
004051,train,1654,17,184,medium
004051,train,42,3,14,small
004051,train,250,9,45,small
004051,train,57,3,29,small
004051,train,42,4,24,small
004051,train,113,4,36,small
004051,train,36,3,16,small
004051,train,120,6,35,small
004048,train,1128,198,10,medium
004048,train,1428,18,149,medium
004046,train,819,18,93,small
004046,train,328,10,70,small
004046,train,2564,197,16,medium
004046,train,1364,22,75,medium
004046,train,249,8,46,small
004050,train,2813,26,199,medium
004050,train,41,2,25,small
004050,train,36,3,20,small
004050,train,454,9,76,small
004050,train,85,7,25,small
004050,train,33,3,15,small
004058,train,834,118,26,small
004058,train,51,27,4,small
004058,train,92,5,32,small
004058,train,383,13,40,small
004058,train,84,5,26,small
004058,train,81,7,24,small
004054,train,169,9,29,small
004054,train,345,9,62,small
004054,train,51,3,27,small
004054,train,79,5,28,small
004054,train,1496,193,46,medium
004055,train,82,3,43,small
004055,train,54,4,21,small
004055,train,206,6,46,small
004059,train,43,4,13,small
004059,train,54,4,23,small
004059,train,36,4,20,small
004059,train,266,9,50,small
004059,train,1407,194,47,medium
004059,train,1,1,1,small
004059,train,97,37,7,small
004057,train,87,3,51,small
004057,train,24,2,23,small
004057,train,2029,23,156,medium
004057,train,103,6,32,small
004056,train,203,6,63,small
004056,train,373,11,83,small
004056,train,175,6,49,small
004056,train,90,6,21,small
004053,train,1,1,1,small
004053,train,2052,193,14,medium
004053,train,179,6,42,small
004053,train,1592,21,139,medium
004053,train,104,6,27,small
004053,train,106,6,30,small
004052,train,1680,19,178,medium
004063,train,306,105,5,small
004063,train,1094,31,70,medium
004063,train,165,8,33,small
004063,train,322,90,5,small
004063,train,319,69,7,small
004063,train,31,23,2,small
004063,train,42,27,4,small
004063,train,140,46,5,small
004063,train,920,113,20,small
004063,train,325,84,7,small
004063,train,57,27,4,small
004060,train,67,5,18,small
004060,train,136,6,34,small
004060,train,53,4,29,small
004060,train,129,6,43,small
004060,train,267,52,8,small
004060,train,90,31,5,small
004060,train,278,57,8,small
004060,train,580,101,21,small
004060,train,44,15,9,small
004062,train,728,20,48,small
004062,train,759,147,9,small
004062,train,1807,175,21,medium
004062,train,914,19,109,small
004061,train,469,14,52,small
004061,train,233,87,8,small
004061,train,496,75,12,small
004061,train,75,5,25,small
004061,train,1160,101,19,medium
004061,train,1,1,1,small
004061,train,163,6,47,small
004066,train,473,100,7,small
004066,train,187,57,6,small
004066,train,230,12,29,small
004066,train,135,52,5,small
004066,train,910,80,14,small
004066,train,928,55,21,small
004066,train,385,15,50,small
004066,train,118,10,25,small
004066,train,247,8,58,small
004066,train,80,16,5,small
004066,train,174,58,6,small
004066,train,284,12,36,small
004066,train,72,29,7,small
004065,train,531,132,8,small
004065,train,1311,18,119,medium
004065,train,241,79,7,small
004065,train,314,75,7,small
004065,train,840,130,10,small
004065,train,161,64,4,small
004065,train,110,32,4,small
004065,train,197,68,6,small
004065,train,738,153,13,small
004065,train,269,82,6,small
004068,train,1998,22,199,medium
004068,train,937,11,177,small
004064,train,384,10,62,small
004064,train,598,169,8,small
004064,train,305,37,13,small
004064,train,289,40,11,small
004064,train,1013,114,20,small
004064,train,205,78,5,small
004064,train,211,57,6,small
004064,train,110,44,5,small
004071,train,86,25,7,small
004071,train,84,28,6,small
004071,train,259,44,11,small
004071,train,222,50,7,small
004071,train,269,47,12,small
004071,train,251,77,6,small
004071,train,95,59,4,small
004069,train,59,5,32,small
004069,train,189,7,48,small
004069,train,1,1,1,small
004069,train,11,11,1,small
004069,train,71,26,3,small
004069,train,30,15,3,small
004069,train,407,10,62,small
004069,train,163,7,40,small
004069,train,155,41,7,small
004069,train,1,1,1,small
004069,train,126,48,9,small
004072,train,1266,76,23,medium
004072,train,90,24,7,small
004072,train,51,17,7,small
004072,train,65,20,7,small
004072,train,1,1,1,small
004072,train,193,47,11,small
004072,train,50,21,5,small
004072,train,238,78,6,small
004072,train,55,54,2,small
004070,train,81,5,36,small
004070,train,40,4,18,small
004070,train,343,65,8,small
004070,train,256,49,13,small
004070,train,205,9,31,small
004070,train,55,6,20,small
004070,train,103,6,34,small
004070,train,39,4,17,small
004070,train,1,1,1,small
004070,train,224,48,15,small
004070,train,23,13,3,small
004070,train,73,30,8,small
004070,train,941,105,10,small
004075,train,1863,191,19,medium
004075,train,2059,137,28,medium
004075,train,1343,154,51,medium
004074,train,268,52,10,small
004074,train,1,1,1,small
004074,train,183,48,7,small
004074,train,68,38,6,small
004074,train,306,60,11,small
004074,train,140,30,8,small
004074,train,115,56,9,small
004074,train,156,37,8,small
004074,train,1,1,1,small
004074,train,36,28,4,small
004074,train,38,18,4,small
004074,train,1,1,1,small
004067,train,411,14,50,small
004067,train,1604,125,18,medium
004067,train,1,1,1,small
004067,train,130,65,3,small
004067,train,1886,23,155,medium
004067,train,153,7,50,small
004067,train,488,124,8,small
004067,train,152,63,6,small
004067,train,145,55,5,small
004067,train,88,33,7,small
004078,train,713,74,24,small
004078,train,193,82,6,small
004078,train,1042,110,16,medium
004078,train,94,23,6,small
004076,train,174,63,5,small
004076,train,1,1,1,small
004076,train,53,28,3,small
004076,train,1480,182,18,medium
004076,train,1175,111,24,medium
004076,train,1,1,1,small
004079,train,1,1,1,small
004079,train,370,132,6,small
004079,train,1113,143,16,medium
004079,train,516,69,20,small
004079,train,1,1,1,small
004073,train,182,32,26,small
004073,train,210,77,5,small
004073,train,2047,197,22,medium
004073,train,1190,70,24,medium
004073,train,73,21,6,small
004073,train,65,18,7,small
004073,train,103,22,8,small
004073,train,119,27,8,small
004073,train,23,14,4,small
004073,train,1,1,1,small
004073,train,31,21,4,small
004073,train,229,47,11,small
004077,train,891,110,14,small
004077,train,81,21,7,small
004077,train,90,28,6,small
004077,train,53,21,5,small
004077,train,160,25,10,small
004077,train,172,70,7,small
004077,train,84,41,6,small
004077,train,24,13,3,small
004085,train,1313,139,27,medium
004085,train,940,199,59,small
004085,train,2360,160,32,medium
004085,train,547,86,21,small
004085,train,160,27,7,small
004086,train,89,23,6,small
004086,train,208,47,9,small
004086,train,120,35,7,small
004086,train,48,21,4,small
004086,train,156,33,11,small
004086,train,108,33,20,small
004086,train,937,123,26,small
004086,train,242,48,7,small
004081,train,2557,160,27,medium
004081,train,122,21,13,small
004081,train,765,140,11,small
004081,train,235,48,11,small
004081,train,217,38,9,small
004081,train,3372,178,31,medium
004087,train,61,33,5,small
004087,train,81,32,15,small
004087,train,1,1,1,small
004087,train,188,26,12,small
004087,train,955,122,27,small
004087,train,226,50,8,small
004087,train,104,33,5,small
004087,train,267,56,7,small
004080,train,655,105,10,small
004080,train,2654,186,30,medium
004080,train,102,22,9,small
004080,train,365,40,15,small
004080,train,191,37,9,small
004080,train,341,56,11,small
004083,train,3410,161,48,medium
004083,train,110,39,6,small
004083,train,814,186,86,small
004083,train,51,21,13,small
004083,train,62,10,9,small
004083,train,394,94,8,small
004083,train,266,55,11,small
004084,train,70,27,18,small
004084,train,934,98,24,small
004084,train,364,85,9,small
004084,train,248,40,10,small
004084,train,810,141,11,small
004088,train,832,80,18,small
004088,train,560,76,12,small
004088,train,85,27,7,small
004088,train,81,24,5,small
004088,train,56,25,5,small
004088,train,1,1,1,small
004088,train,44,25,3,small
004088,train,34,15,4,small
004088,train,429,80,10,small
004088,train,75,24,4,small
004082,train,168,36,8,small
004082,train,1118,141,17,medium
004082,train,362,93,8,small
004082,train,311,67,10,small
004082,train,3562,195,37,medium
004090,train,668,99,21,small
004090,train,330,77,8,small
004090,train,80,20,4,small
004090,train,2349,151,30,medium
004090,train,4579,148,44,medium
004090,train,186,50,13,small
004089,train,1,1,1,small
004089,train,267,55,8,small
004089,train,2077,183,21,medium
004089,train,136,32,8,small
004089,train,861,164,14,small
004089,train,137,33,9,small
004089,train,70,23,5,small
004089,train,669,94,18,small
004089,train,58,25,5,small
004089,train,135,40,6,small
004089,train,1,1,1,small
004093,train,1,1,1,small
004093,train,156,52,6,small
004093,train,70,36,4,small
004093,train,979,70,28,small
004093,train,1121,95,19,medium
004094,train,2353,153,21,medium
004094,train,1215,100,25,medium
004097,train,2473,179,32,medium
004097,train,2478,198,16,medium
004097,train,3327,195,29,medium
004096,train,2217,180,19,medium
004096,train,9044,199,64,medium
004096,train,310,53,11,small
004096,train,247,77,8,small
004096,train,185,42,11,small
004095,train,2017,180,14,medium
004095,train,231,47,9,small
004095,train,425,58,13,small
004095,train,3421,192,29,medium
004100,train,196,53,8,small
004100,train,1,1,1,small
004100,train,99,33,5,small
004100,train,1066,160,19,medium
004100,train,2591,200,17,medium
004098,train,4303,198,47,medium
004098,train,341,40,21,small
004098,train,1,1,1,small
004098,train,2397,200,17,medium
004098,train,2033,134,29,medium
004098,train,1225,125,16,medium
004091,train,114,31,7,small
004091,train,810,79,19,small
004091,train,127,27,8,small
004091,train,277,80,6,small
004091,train,253,69,8,small
004091,train,50,21,5,small
004091,train,1,1,1,small
004091,train,360,57,17,small
004091,train,251,58,9,small
004092,train,424,121,10,small
004092,train,87,23,6,small
004092,train,1913,155,19,medium
004092,train,457,61,12,small
004092,train,68,17,7,small
004099,train,1353,162,17,medium
004099,train,601,85,11,small
004099,train,640,108,17,small
004099,train,2789,199,18,medium
004101,train,2590,199,18,medium
004101,train,896,94,25,small
004101,train,1361,89,36,medium
004101,train,170,27,11,small
004101,train,143,48,8,small
004101,train,1676,160,16,medium
004101,train,1,1,1,small
004109,train,2664,171,28,medium
004109,train,691,86,19,small
004109,train,1488,122,25,medium
004104,train,657,72,18,small
004104,train,104,23,7,small
004104,train,258,54,14,small
004104,train,116,34,6,small
004104,train,273,60,15,small
004104,train,555,88,18,small
004104,train,88,31,5,small
004102,train,2252,188,16,medium
004102,train,204,63,10,small
004103,train,1854,200,14,medium
004103,train,628,141,13,small
004103,train,227,33,15,small
004103,train,668,71,18,small
004103,train,96,26,6,small
004107,train,1876,151,23,medium
004107,train,1474,102,33,medium
004107,train,489,68,15,small
004107,train,991,104,26,small
004107,train,1,1,1,small
004106,train,2884,17,199,medium
004106,train,159,28,11,small
004106,train,475,51,13,small
004106,train,880,74,22,small
004105,train,2786,18,199,medium
004105,train,224,51,12,small
004105,train,39,18,4,small
004105,train,68,29,4,small
004105,train,201,38,9,small
004105,train,1,1,1,small
004105,train,34,18,5,small
004105,train,1,1,1,small
004105,train,1,1,1,small
004105,train,292,66,10,small
004105,train,90,27,6,small
004110,train,1237,120,18,medium
004110,train,1442,92,26,medium
004110,train,5547,199,39,medium
004113,train,389,9,81,small
004113,train,52,24,4,small
004113,train,1,1,1,small
004113,train,405,54,15,small
004113,train,277,34,15,small
004113,train,56,4,30,small
004113,train,620,16,115,small
004113,train,499,13,113,small
004112,train,1759,31,200,medium
004112,train,164,7,70,small
004112,train,917,68,32,small
004112,train,183,19,14,small
004111,train,1373,20,188,medium
004111,train,600,18,177,small
004111,train,1594,133,33,medium
004111,train,147,22,12,small
004108,train,1682,118,30,medium
004108,train,396,62,14,small
004108,train,2707,179,25,medium
004115,train,1158,10,199,medium
004115,train,1713,13,199,medium
004115,train,1228,146,32,medium
004115,train,169,40,8,small
004115,train,1,1,1,small
004114,train,851,17,200,small
004114,train,301,60,9,small
004114,train,319,40,14,small
004114,train,467,69,20,small
004120,train,1769,12,199,medium
004120,train,1390,10,199,medium
004120,train,699,48,22,small
004120,train,545,48,20,small
004120,train,608,51,22,small
004116,train,1495,12,200,medium
004116,train,1589,11,199,medium
004116,train,1052,91,26,medium
004116,train,149,31,9,small
004116,train,181,27,13,small
004117,train,1697,13,200,medium
004117,train,1491,10,199,medium
004117,train,371,53,14,small
004121,train,1451,11,200,medium
004121,train,1194,8,199,medium
004121,train,117,31,9,small
004121,train,368,54,14,small
004121,train,148,48,7,small
004119,train,1782,12,198,medium
004119,train,497,5,199,small
004119,train,499,6,199,small
004119,train,131,37,8,small
004119,train,378,55,12,small
004119,train,1,1,1,small
004119,train,169,43,7,small
004122,train,905,11,111,small
004122,train,844,8,122,small
004122,train,265,4,75,small
004122,train,1,1,1,small
004122,train,133,40,6,small
004122,train,190,55,9,small
004122,train,1,1,1,small
004123,train,983,12,199,small
004123,train,777,58,18,small
004123,train,574,84,15,small
004118,train,1690,12,199,medium
004118,train,597,7,199,small
004118,train,592,6,199,small
004118,train,320,50,12,small
004118,train,526,54,21,small
004128,train,837,10,127,small
004128,train,1217,137,17,medium
004128,train,262,9,55,small
004130,train,33,21,3,small
004130,train,35,26,2,small
004130,train,409,74,8,small
004130,train,63,20,6,small
004130,train,2437,199,27,medium
004126,train,2774,17,200,medium
004126,train,206,43,8,small
004126,train,673,90,18,small
004126,train,1216,76,21,medium
004126,train,167,56,7,small
004126,train,1,1,1,small
004127,train,143,51,5,small
004127,train,84,37,10,small
004131,train,223,47,8,small
004131,train,33,25,2,small
004131,train,69,33,3,small
004131,train,90,35,6,small
004131,train,1,1,1,small
004131,train,54,27,3,small
004131,train,1,1,1,small
004131,train,1,1,1,small
004131,train,1,1,1,small
004131,train,1096,160,16,medium
004129,train,105,8,17,small
004129,train,369,11,64,small
004129,train,1,1,1,small
004129,train,422,88,10,small
004129,train,1,1,1,small
004129,train,51,25,4,small
004129,train,292,10,37,small
004124,train,155,6,44,small
004124,train,92,6,37,small
004124,train,96,4,39,small
004124,train,60,41,5,small
004124,train,204,5,74,small
004124,train,191,29,10,small
004124,train,53,21,4,small
004124,train,40,33,4,small
004124,train,190,18,17,small
004125,train,43,3,18,small
004125,train,112,6,31,small
004125,train,52,4,21,small
004125,train,63,24,5,small
004125,train,446,7,111,small
004125,train,96,5,33,small
004125,train,26,2,18,small
004125,train,102,3,51,small
004125,train,270,51,10,small
004125,train,41,3,22,small
004125,train,65,4,24,small
004132,train,1,1,1,small
004132,train,1543,170,17,medium
004134,train,76,6,22,small
004134,train,1569,46,193,medium
004134,train,1,1,1,small
004134,train,30,21,2,small
004134,train,133,24,7,small
004134,train,1,1,1,small
004134,train,198,59,6,small
004138,train,48,4,19,small
004138,train,910,26,119,small
004138,train,57,18,30,small
004138,train,66,25,4,small
004138,train,191,8,37,small
004138,train,75,24,6,small
004138,train,93,34,5,small
004138,train,279,40,12,small
004135,train,176,49,6,small
004135,train,46,31,4,small
004135,train,63,26,4,small
004136,train,110,37,6,small
004136,train,12,12,1,small
004136,train,1,1,1,small
004136,train,88,53,2,small
004136,train,27,20,3,small
004136,train,74,24,5,small
004136,train,30,29,3,small
004136,train,188,63,5,small
004133,train,2333,18,194,medium
004133,train,54,24,5,small
004133,train,138,48,5,small
004133,train,59,24,6,small
004133,train,1,1,1,small
004133,train,1232,139,18,medium
004140,train,379,8,79,small
004140,train,106,4,31,small
004140,train,593,20,99,small
004140,train,73,20,6,small
004140,train,274,7,56,small
004140,train,38,20,5,small
004140,train,110,28,6,small
004140,train,19,18,2,small
004140,train,2,2,1,small
004140,train,1,1,1,small
004140,train,44,8,15,small
004139,train,157,8,43,small
004139,train,1343,45,193,medium
004139,train,25,12,5,small
004139,train,209,47,7,small
004139,train,33,21,2,small
004139,train,250,31,68,small
004137,train,1,1,1,small
004137,train,59,22,4,small
004137,train,1978,152,25,medium
004137,train,1,1,1,small
004145,train,243,7,66,small
004145,train,1075,101,17,medium
004145,train,842,12,152,small
004145,train,316,6,82,small
004145,train,646,8,143,small
004145,train,1302,13,132,medium
004145,train,326,6,82,small
004145,train,380,6,76,small
004145,train,185,6,58,small
004145,train,150,4,51,small
004141,train,501,7,128,small
004141,train,525,53,14,small
004141,train,75,34,6,small
004141,train,1001,19,119,small
004141,train,522,12,74,small
004141,train,42,3,22,small
004141,train,46,4,17,small
004143,train,1472,20,199,medium
004143,train,1042,70,29,medium
004143,train,178,6,61,small
004143,train,98,29,6,small
004143,train,359,4,122,small
004143,train,437,6,101,small
004143,train,432,7,89,small
004143,train,79,4,31,small
004142,train,136,4,43,small
004142,train,839,12,147,small
004142,train,388,7,86,small
004142,train,1122,13,171,medium
004142,train,286,8,53,small
004142,train,618,46,19,small
004142,train,807,103,17,small
004147,train,2305,21,129,medium
004147,train,433,6,125,small
004147,train,88,5,33,small
004147,train,24,2,24,small
004147,train,54,4,20,small
004147,train,224,5,66,small
004146,train,232,6,55,small
004146,train,185,6,50,small
004146,train,232,6,49,small
004146,train,737,14,60,small
004146,train,279,5,62,small
004146,train,607,85,18,small
004146,train,428,8,84,small
004146,train,722,13,75,small
004146,train,12,2,11,small
004146,train,134,37,7,small
004146,train,1,1,1,small
004146,train,30,2,21,small
004146,train,53,4,17,small
004149,train,38,3,16,small
004149,train,169,6,35,small
004149,train,181,10,56,small
004149,train,43,3,23,small
004149,train,24,4,12,small
004149,train,133,42,8,small
004149,train,133,46,8,small
004149,train,254,58,8,small
004149,train,92,3,33,small
004150,train,123,8,31,small
004150,train,105,5,27,small
004150,train,1,1,1,small
004150,train,205,35,14,small
004150,train,173,30,9,small
004150,train,41,24,3,small
004150,train,281,13,49,small
004150,train,40,4,20,small
004150,train,970,10,103,small
004150,train,30,3,16,small
004150,train,429,9,72,small
004150,train,240,15,47,small
004144,train,630,8,175,small
004144,train,372,11,42,small
004144,train,1217,26,118,medium
004144,train,316,58,10,small
004144,train,158,5,64,small
004144,train,291,7,59,small
004144,train,112,4,32,small
004144,train,284,13,34,small
004148,train,1729,198,21,medium
004148,train,656,176,9,small
004151,train,10778,82,199,large
004151,train,2747,19,184,medium
004152,train,285,27,15,small
004152,train,2210,42,74,medium
004152,train,123,20,31,small
004152,train,1085,41,124,medium
004153,train,82,21,7,small
004153,train,1155,31,50,medium
004153,train,1337,58,157,medium
004153,train,1098,30,52,medium
004159,train,127,6,37,small
004159,train,44,2,43,small
004159,train,12615,115,199,large
004159,train,28,2,19,small
004159,train,281,21,19,small
004159,train,91,2,69,small
004157,train,89,20,42,small
004157,train,681,36,168,small
004157,train,325,17,85,small
004157,train,4009,54,143,medium
004157,train,116,8,53,small
004161,train,429,9,73,small
004161,train,5688,59,190,medium
004161,train,163,19,32,small
004161,train,490,8,92,small
004158,train,590,30,132,small
004158,train,191,12,48,small
004158,train,34,3,22,small
004158,train,411,18,34,small
004158,train,83,2,48,small
004158,train,3528,42,139,medium
004158,train,167,9,55,small
004158,train,28,2,27,small
004158,train,41,5,25,small
004158,train,66,3,28,small
004156,train,29,11,22,small
004156,train,698,32,148,small
004156,train,268,13,65,small
004156,train,4420,63,128,medium
004156,train,738,29,37,small
004156,train,173,10,55,small
004156,train,54,5,22,small
004154,train,1556,66,194,medium
004154,train,1307,23,87,medium
004154,train,116,3,62,small
004154,train,40,3,17,small
004154,train,16,1,16,small
004155,train,1611,66,199,medium
004155,train,6322,61,196,medium
004155,train,105,2,56,small
004155,train,31,3,21,small
004155,train,39,2,26,small
004162,train,496,9,89,small
004162,train,1885,35,70,medium
004162,train,52,15,29,small
004162,train,924,24,98,small
004162,train,118,20,34,small
004162,train,1020,40,36,small
004160,train,1111,30,47,medium
004160,train,133,9,57,small
004160,train,126,6,40,small
004169,train,1275,10,197,medium
004169,train,723,29,40,small
004169,train,3722,53,139,medium
004169,train,717,27,38,small
004165,train,3265,43,134,medium
004165,train,394,9,66,small
004165,train,868,29,46,small
004165,train,671,22,97,small
004165,train,101,5,21,small
004165,train,1071,41,55,medium
004165,train,191,7,43,small
004163,train,850,27,125,small
004163,train,1109,38,55,medium
004163,train,86,20,33,small
004163,train,717,43,22,small
004163,train,3915,49,111,medium
004163,train,1956,48,66,medium
004163,train,50,3,19,small
004163,train,242,8,50,small
004167,train,5373,95,175,medium
004167,train,2416,19,150,medium
004166,train,121,7,30,small
004166,train,317,7,68,small
004166,train,4729,52,134,medium
004166,train,224,5,65,small
004171,train,3001,64,88,medium
004171,train,498,199,7,small
004171,train,2282,199,16,medium
004168,train,2786,18,199,medium
004168,train,361,16,32,small
004168,train,3294,45,137,medium
004168,train,304,6,122,small
004170,train,630,7,140,small
004170,train,706,7,141,small
004170,train,1426,12,142,medium
004170,train,5317,89,121,medium
004164,train,359,8,79,small
004164,train,3132,44,142,medium
004164,train,78,4,21,small
004164,train,41,4,17,small
004173,train,828,150,9,small
004173,train,252,125,5,small
004173,train,318,126,6,small
004173,train,1378,138,13,medium
004173,train,3703,66,84,medium
004173,train,682,33,32,small
004174,train,56,5,26,small
004174,train,183,6,71,small
004174,train,46,3,35,small
004174,train,42,3,17,small
004174,train,2799,48,92,medium
004179,train,5115,32,199,medium
004179,train,2221,44,74,medium
004179,train,211,5,62,small
004179,train,47,3,27,small
004179,train,52,3,37,small
004179,train,41,3,15,small
004175,train,4330,85,77,medium
004175,train,1244,198,12,medium
004176,train,1794,199,27,medium
004176,train,1204,31,47,medium
004178,train,2092,199,22,medium
004178,train,6403,100,109,medium
004172,train,600,199,7,small
004172,train,2294,200,15,medium
004172,train,2837,68,76,medium
004172,train,848,27,40,small
004177,train,1373,200,15,medium
004177,train,5800,95,126,medium
004180,train,790,8,200,small
004180,train,3477,23,200,medium
004180,train,502,31,25,small
004180,train,365,26,24,small
004180,train,597,30,26,small
004181,train,1731,12,199,medium
004181,train,3193,23,199,medium
004181,train,256,12,31,small
004181,train,3431,45,142,medium
004183,train,1246,10,199,medium
004183,train,2975,19,199,medium
004183,train,3954,55,140,medium
004185,train,1111,10,198,medium
004185,train,2870,17,199,medium
004185,train,3178,66,91,medium
004184,train,855,8,200,small
004184,train,2904,17,199,medium
004184,train,1273,25,80,medium
004184,train,1166,23,77,medium
004187,train,2664,38,173,medium
004187,train,4415,87,75,medium
004187,train,1061,30,42,medium
004189,train,2600,19,200,medium
004189,train,4385,64,119,medium
004189,train,647,30,30,small
004186,train,768,7,173,small
004186,train,2819,21,199,medium
004186,train,418,26,24,small
004186,train,1236,31,69,medium
004190,train,2617,37,170,medium
004190,train,1018,35,42,small
004190,train,3590,73,95,medium
004190,train,577,30,30,small
004191,train,2414,37,156,medium
004191,train,221,3,92,small
004191,train,22,2,13,small
004191,train,1452,42,55,medium
004191,train,33,3,17,small
004182,train,1389,11,197,medium
004182,train,3248,20,199,medium
004182,train,4875,60,151,medium
004188,train,2709,22,199,medium
004188,train,1446,26,83,medium
004192,train,5020,29,200,medium
004192,train,496,18,38,small
004192,train,3279,43,139,medium
004195,train,1565,12,199,medium
004195,train,2900,22,200,medium
004195,train,1027,29,41,medium
004195,train,1156,31,45,medium
004195,train,972,29,43,small
004194,train,183,6,42,small
004194,train,5468,40,200,medium
004194,train,45,3,24,small
004194,train,19,3,16,small
004194,train,10,3,10,small
004194,train,494,16,49,small
004194,train,135,6,39,small
004194,train,69,5,31,small
004194,train,14,2,12,small
004194,train,1094,32,44,medium
004198,train,1169,9,199,medium
004198,train,2933,19,199,medium
004198,train,859,29,38,small
004199,train,584,8,145,small
004199,train,3025,21,197,medium
004199,train,6398,46,199,medium
004196,train,1607,12,200,medium
004196,train,2986,20,200,medium
004196,train,5865,58,194,medium
004196,train,2685,48,92,medium
004202,train,792,8,198,small
004202,train,3679,48,136,medium
004201,train,2875,36,180,medium
004201,train,1507,35,53,medium
004201,train,911,38,33,small
004193,train,5364,34,199,medium
004193,train,4764,74,143,medium
004193,train,608,27,32,small
004197,train,1352,10,200,medium
004197,train,2863,18,200,medium
004197,train,390,15,36,small
004197,train,3237,43,135,medium
004200,train,5272,47,186,medium
004200,train,669,7,146,small
004200,train,2862,20,198,medium
004200,train,54,10,12,small
004200,train,1209,36,58,medium
004204,train,693,7,198,small
004204,train,793,7,199,small
004204,train,1093,8,199,medium
004204,train,445,4,178,small
004203,train,2884,17,199,medium
004203,train,995,30,44,small
004203,train,481,5,161,small
004203,train,371,7,71,small
004206,train,597,7,199,small
004206,train,1690,11,199,medium
004206,train,554,6,175,small
004206,train,4217,60,100,medium
004210,train,1683,11,199,medium
004210,train,1292,11,199,medium
004210,train,1005,27,45,small
004210,train,4215,58,102,medium
004205,train,161,3,67,small
004205,train,496,6,199,small
004205,train,1791,13,199,medium
004205,train,2524,41,89,medium
004205,train,2973,39,138,medium
004205,train,42,3,19,small
004205,train,307,5,97,small
004209,train,1589,11,199,medium
004209,train,1489,12,200,medium
004209,train,3853,97,132,medium
004211,train,1235,12,199,medium
004211,train,1691,13,199,medium
004211,train,1296,33,92,medium
004211,train,4474,63,100,medium
004208,train,1491,11,199,medium
004208,train,1786,14,199,medium
004208,train,4904,72,144,medium
004208,train,585,25,30,small
004207,train,792,7,198,small
004207,train,594,6,199,small
004207,train,1794,13,200,medium
004207,train,3123,66,89,medium
004207,train,963,28,42,small
004214,train,5532,49,185,medium
004214,train,333,10,81,small
004214,train,166,7,78,small
004214,train,280,10,80,small
004214,train,55,8,13,small
004214,train,543,12,114,small
004214,train,1744,54,60,medium
004213,train,808,16,159,small
004213,train,1428,46,50,medium
004213,train,5894,51,198,medium
004213,train,465,14,150,small
004213,train,104,7,76,small
004213,train,1329,31,53,medium
004213,train,173,7,37,small
004213,train,36,3,26,small
004215,train,66,5,27,small
004215,train,54,4,27,small
004215,train,91,4,28,small
004215,train,2165,32,80,medium
004215,train,1411,36,58,medium
004215,train,838,14,159,small
004215,train,56,4,27,small
004215,train,2505,38,83,medium
004215,train,1549,42,56,medium
004217,train,523,11,133,small
004217,train,11205,126,199,large
004217,train,74,5,31,small
004217,train,80,7,20,small
004217,train,15,3,15,small
004218,train,4440,63,104,medium
004218,train,313,5,83,small
004218,train,133,4,41,small
004216,train,341,8,94,small
004216,train,2451,49,80,medium
004216,train,73,4,32,small
004216,train,104,6,24,small
004216,train,24,2,24,small
004216,train,629,27,33,small
004220,train,332,14,34,small
004220,train,495,9,102,small
004220,train,3353,46,138,medium
004220,train,335,9,56,small
004222,train,1068,31,43,medium
004222,train,1,1,1,small
004222,train,149,43,6,small
004222,train,155,48,5,small
004222,train,260,74,8,small
004222,train,951,30,40,small
004219,train,751,7,197,small
004219,train,1104,31,42,medium
004219,train,47,3,17,small
004219,train,93,4,31,small
004219,train,129,3,43,small
004221,train,334,95,6,small
004221,train,3847,68,87,medium
004221,train,489,30,26,small
004221,train,264,107,7,small
004212,train,32,4,18,small
004212,train,1283,20,200,medium
004212,train,515,16,148,small
004212,train,54,4,20,small
004212,train,4055,59,102,medium
004228,train,2204,65,64,medium
004228,train,793,28,38,small
004228,train,1197,199,11,medium
004228,train,1794,199,14,medium
004226,train,3352,44,106,medium
004226,train,1477,40,56,medium
004226,train,3089,199,21,medium
004224,train,3497,62,85,medium
004224,train,589,30,28,small
004224,train,51,20,5,small
004224,train,1,1,1,small
004224,train,389,147,15,small
004224,train,166,12,22,small
004224,train,1,1,1,small
004224,train,73,44,4,small
004224,train,813,186,17,small
004224,train,1,1,1,small
004224,train,42,19,5,small
004225,train,1109,30,44,medium
004225,train,1043,30,43,medium
004225,train,1,1,1,small
004225,train,42,27,4,small
004225,train,1,1,1,small
004225,train,346,111,12,small
004225,train,392,81,10,small
004225,train,1,1,1,small
004225,train,61,45,4,small
004225,train,1,1,1,small
004225,train,334,115,11,small
004225,train,1,1,1,small
004229,train,1261,199,13,medium
004229,train,1794,199,14,medium
004229,train,112,24,11,small
004229,train,9751,151,112,large
004227,train,1293,199,12,medium
004227,train,1390,199,13,medium
004227,train,3361,64,79,medium
004227,train,550,29,30,small
004230,train,821,128,9,small
004230,train,388,57,10,small
004230,train,1232,44,45,medium
004230,train,2969,62,69,medium
004223,train,10857,165,122,large
004223,train,1490,199,12,medium
004223,train,1359,200,13,medium
004231,train,2885,177,19,medium
004231,train,9005,199,64,medium
004231,train,182,17,19,small
004231,train,328,32,17,small
004234,train,1600,193,67,medium
004234,train,1,1,1,small
004234,train,91,59,2,small
004234,train,51,21,3,small
004234,train,20,18,3,small
004234,train,1483,83,28,medium
004237,train,324,85,19,small
004237,train,909,169,36,small
004237,train,148,43,21,small
004237,train,132,55,10,small
004237,train,3954,138,53,medium
004232,train,1428,158,59,medium
004232,train,2134,72,42,medium
004232,train,354,14,32,small
004238,train,3533,137,45,medium
004238,train,57,21,5,small
004238,train,1,1,1,small
004238,train,112,68,3,small
004238,train,82,30,4,small
004238,train,188,46,14,small
004238,train,588,132,29,small
004238,train,136,51,9,small
004238,train,1,1,1,small
004236,train,265,65,14,small
004236,train,676,148,32,small
004236,train,1,1,1,small
004236,train,126,49,8,small
004236,train,60,23,13,small
004236,train,1,1,1,small
004236,train,3889,123,58,medium
004236,train,670,30,30,small
004235,train,6111,195,60,medium
004235,train,127,64,3,small
004235,train,38,22,3,small
004235,train,51,27,3,small
004235,train,182,32,21,small
004235,train,1499,157,42,medium
004233,train,1323,158,59,medium
004233,train,1033,46,32,medium
004233,train,1136,50,33,medium
004233,train,91,5,23,small
004240,train,168,41,7,small
004240,train,1,1,1,small
004240,train,110,53,10,small
004240,train,1197,48,33,medium
004239,train,12788,199,118,large
004239,train,78,42,4,small
004239,train,50,18,5,small
004239,train,100,67,2,small
004239,train,112,29,7,small
004243,train,3644,113,49,medium
004243,train,476,19,35,small
004243,train,1745,63,44,medium
004243,train,763,42,30,small
004243,train,776,123,27,small
004243,train,255,49,9,small
004243,train,108,33,21,small
004241,train,5976,191,61,medium
004241,train,370,68,9,small
004241,train,377,93,8,small
004241,train,167,31,18,small
004242,train,1583,57,35,medium
004242,train,794,28,36,small
004242,train,447,87,8,small
004242,train,875,97,25,small
004242,train,102,31,20,small
004242,train,48,25,15,small
004244,train,2876,145,39,medium
004244,train,346,79,9,small
004244,train,62,17,6,small
004244,train,63,22,4,small
004246,train,298,66,8,small
004246,train,1,1,1,small
004246,train,246,65,5,small
004246,train,4505,135,48,medium
004246,train,118,30,7,small
004248,train,3723,141,43,medium
004248,train,303,23,19,small
004248,train,301,119,6,small
004248,train,2387,199,17,medium
004245,train,1060,58,41,medium
004245,train,999,47,29,small
004245,train,321,65,9,small
004245,train,102,21,5,small
004245,train,1,1,1,small
004245,train,142,40,5,small
004245,train,705,93,19,small
004245,train,1,1,1,small
004245,train,3008,133,41,medium
004249,train,779,36,29,small
004249,train,2032,73,39,medium
004249,train,718,41,28,small
004249,train,1375,198,12,medium
004249,train,706,32,29,small
004247,train,2679,166,19,medium
004247,train,5027,174,84,medium
004250,train,5717,124,86,medium
004250,train,1378,129,16,medium
004250,train,725,111,10,small
004250,train,559,126,8,small
004255,train,1859,12,199,medium
004255,train,4478,75,89,medium
004254,train,2500,91,44,medium
004254,train,15,14,2,small
004254,train,25,15,3,small
004254,train,23,20,2,small
004254,train,128,39,5,small
004254,train,15,15,1,small
004254,train,1,1,1,small
004254,train,1,1,1,small
004254,train,5357,199,40,medium
004254,train,1,1,1,small
004254,train,21,13,3,small
004253,train,702,8,141,small
004253,train,1026,10,148,medium
004253,train,1505,14,144,medium
004253,train,3647,84,67,medium
004253,train,680,33,31,small
004258,train,2541,24,198,medium
004258,train,6126,108,102,medium
004252,train,1019,7,198,small
004252,train,2785,16,200,medium
004252,train,764,38,28,small
004252,train,2592,68,66,medium
004257,train,2044,17,199,medium
004257,train,1678,17,154,medium
004257,train,5678,124,89,medium
004260,train,533,29,28,small
004260,train,296,21,23,small
004260,train,526,25,28,small
004260,train,3140,199,21,medium
004260,train,666,199,8,small
004251,train,1491,11,199,medium
004251,train,2669,17,199,medium
004251,train,2963,90,65,medium
004256,train,2015,22,199,medium
004256,train,1117,43,32,medium
004259,train,1998,74,43,medium
004259,train,1,1,1,small
004259,train,27,15,2,small
004259,train,47,19,3,small
004259,train,149,47,6,small
004259,train,5225,199,32,medium
004259,train,57,20,6,small
004264,train,1282,77,26,medium
004264,train,2988,199,19,medium
004264,train,1368,78,26,medium
004261,train,3317,140,41,medium
004261,train,371,28,19,small
004261,train,3368,199,23,medium
004261,train,1444,199,13,medium
004263,train,3989,139,53,medium
004263,train,3307,199,23,medium
004263,train,1360,200,10,medium
004262,train,3165,199,22,medium
004262,train,1342,199,11,medium
004262,train,4221,141,53,medium
004265,train,3344,200,20,medium
004265,train,1302,200,11,medium
004265,train,3028,90,64,medium
004266,train,472,26,26,small
004266,train,1152,74,26,medium
004266,train,3466,200,24,medium
004266,train,778,175,8,small
004267,train,3895,71,79,medium
004267,train,1146,43,33,medium
004267,train,3527,195,43,medium
004271,train,2809,154,43,medium
004271,train,1331,54,43,medium
004268,train,3266,200,24,medium
004268,train,1335,80,25,medium
004269,train,4270,129,60,medium
004269,train,691,31,30,small
004269,train,3031,199,25,medium
004274,train,5481,200,39,medium
004274,train,1,1,1,small
004274,train,16,10,3,small
004274,train,436,50,16,small
004274,train,11,8,3,small
004274,train,1,1,1,small
004274,train,1,1,1,small
004274,train,39,21,3,small
004274,train,175,39,6,small
004274,train,142,34,7,small
004274,train,1,1,1,small
004274,train,1067,44,32,medium
004274,train,69,33,5,small
004272,train,5151,199,30,medium
004272,train,3467,141,45,medium
004272,train,330,33,15,small
004270,train,554,30,25,small
004270,train,4739,144,71,medium
004270,train,3411,196,42,medium
004276,train,5917,196,60,medium
004276,train,2451,92,46,medium
004276,train,3242,200,21,medium
004276,train,1358,200,11,medium
004275,train,1007,44,30,small
004275,train,1027,45,29,medium
004275,train,3327,200,23,medium
004275,train,1583,200,12,medium
004275,train,969,44,28,small
004278,train,3358,199,19,medium
004278,train,1223,200,10,medium
004278,train,742,38,27,small
004277,train,3385,199,20,medium
004277,train,1405,200,11,medium
004277,train,3558,140,43,medium
004277,train,316,28,17,small
004279,train,7699,199,55,medium
004279,train,3157,196,22,medium
004279,train,616,143,7,small
004283,train,419,167,5,small
004283,train,3188,199,20,medium
004283,train,1050,44,31,medium
004283,train,355,72,6,small
004281,train,1521,51,37,medium
004281,train,810,30,38,small
004281,train,3707,197,37,medium
004282,train,933,198,8,small
004282,train,3632,135,48,medium
004280,train,3208,199,20,medium
004280,train,638,146,8,small
004280,train,5615,186,50,medium
004280,train,1209,60,35,medium
004284,train,2441,67,49,medium
004284,train,766,36,29,small
004284,train,532,178,7,small
004284,train,2995,200,19,medium
004273,train,519,27,26,small
004273,train,4841,144,74,medium
004273,train,5364,200,33,medium
004285,train,2521,95,47,medium
004285,train,1891,199,14,medium
004285,train,1398,199,14,medium
004285,train,3298,143,44,medium
004287,train,1794,199,14,medium
004287,train,1238,200,12,medium
004287,train,2822,87,60,medium
004287,train,923,42,27,small
004289,train,3753,133,101,medium
004289,train,1598,200,14,medium
004289,train,1396,199,10,medium
004286,train,4699,109,65,medium
004286,train,1845,200,14,medium
004286,train,598,198,7,small
004286,train,469,175,7,small
004291,train,1552,102,39,medium
004291,train,4854,108,69,medium
004291,train,1897,199,15,medium
004291,train,1398,200,12,medium
004292,train,4711,109,66,medium
004292,train,634,179,17,small
004292,train,262,103,9,small
004292,train,102,67,8,small
004292,train,1,1,1,small
004292,train,77,52,5,small
004292,train,73,15,6,small
004292,train,206,103,10,small
004292,train,1,1,1,small
004293,train,671,155,15,small
004293,train,433,148,16,small
004293,train,1,1,1,small
004293,train,94,50,6,small
004293,train,4,4,1,small
004293,train,209,37,8,small
004293,train,1,1,1,small
004293,train,45,24,4,small
004293,train,5987,197,56,medium
004293,train,1748,54,51,medium
004293,train,1543,58,35,medium
004290,train,1298,199,12,medium
004290,train,1488,198,11,medium
004290,train,1009,44,31,small
004290,train,4519,106,64,medium
004294,train,235,79,10,small
004294,train,1,1,1,small
004294,train,103,54,6,small
004294,train,461,113,12,small
004294,train,263,79,10,small
004294,train,1,1,1,small
004294,train,25,19,2,small
004294,train,1,1,1,small
004294,train,5383,184,50,medium
004294,train,59,12,10,small
004294,train,2022,62,54,medium
004288,train,527,28,26,small
004288,train,5226,144,75,medium
004288,train,1689,199,14,medium
004288,train,1587,199,13,medium
004296,train,287,92,8,small
004296,train,51,22,6,small
004296,train,1,1,1,small
004296,train,48,27,4,small
004296,train,2826,72,50,medium
004296,train,818,37,28,small
004295,train,2297,77,34,medium
004295,train,2790,92,41,medium
004295,train,1564,65,36,medium
004295,train,1748,59,44,medium
004295,train,753,191,19,small
004295,train,54,25,5,small
004295,train,1,1,1,small
004295,train,57,24,5,small
004295,train,34,28,4,small
004300,train,279,9,41,small
004300,train,395,62,8,small
004300,train,461,100,9,small
004300,train,13,13,2,small
004300,train,1,1,1,small
004300,train,3484,139,47,medium
004300,train,416,37,18,small
004301,train,521,7,124,small
004301,train,315,8,105,small
004301,train,3834,88,68,medium
004301,train,566,29,32,small
004297,train,10926,199,124,large
004297,train,515,133,13,small
004297,train,90,25,6,small
004297,train,1,1,1,small
004297,train,45,25,3,small
004297,train,1,1,1,small
004299,train,1111,46,32,medium
004299,train,73,4,21,small
004299,train,136,46,3,small
004299,train,106,53,4,small
004299,train,707,196,7,small
004298,train,4566,105,62,medium
004298,train,525,133,7,small
004304,train,2311,30,193,medium
004304,train,3869,86,69,medium
004304,train,62,5,21,small
004304,train,799,43,36,small
004305,train,451,14,115,small
004305,train,468,13,115,small
004305,train,1239,49,32,medium
004305,train,221,9,104,small
004305,train,488,11,80,small
004305,train,79,4,27,small
004305,train,1024,46,28,medium
004303,train,3700,24,200,medium
004303,train,11469,122,167,large
004308,train,3993,24,200,medium
004308,train,891,43,29,small
004308,train,2592,68,66,medium
004302,train,796,14,174,small
004302,train,1273,49,33,medium
004302,train,1216,48,32,medium
004306,train,3285,20,200,medium
004306,train,3355,98,46,medium
004306,train,1433,54,35,medium
004307,train,3600,24,200,medium
004307,train,3966,87,72,medium
004307,train,620,36,32,small
004309,train,1590,12,199,medium
004309,train,1987,13,199,medium
004309,train,10350,121,155,large
004309,train,292,18,31,small
004310,train,446,12,56,small
004310,train,2670,75,62,medium
004310,train,1030,11,136,medium
004310,train,1401,38,50,medium
004313,train,1719,60,159,medium
004313,train,1086,31,46,medium
004313,train,1102,30,46,medium
004313,train,112,22,7,small
004311,train,2985,19,185,medium
004311,train,1,1,1,small
004311,train,11041,83,198,large
004312,train,1650,59,159,medium
004312,train,2032,40,74,medium
004312,train,289,29,14,small
004315,train,82,3,28,small
004315,train,1887,64,193,medium
004315,train,5933,63,193,medium
004315,train,77,5,23,small
004315,train,170,4,66,small
004314,train,66,4,19,small
004314,train,1925,68,195,medium
004314,train,64,4,20,small
004314,train,1580,29,83,medium
004314,train,187,4,58,small
004317,train,65,5,22,small
004317,train,215,9,55,small
004317,train,3916,54,140,medium
004317,train,850,37,168,small
004317,train,414,19,85,small
004317,train,136,21,42,small
004322,train,1088,25,97,medium
004322,train,947,41,33,small
004322,train,134,19,34,small
004322,train,478,8,87,small
004322,train,1459,38,53,medium
004322,train,54,13,24,small
004320,train,198,8,41,small
004320,train,199,10,56,small
004320,train,1204,32,44,medium
004321,train,586,10,101,small
004321,train,5851,61,193,medium
004321,train,495,10,71,small
004321,train,198,20,32,small
004319,train,12046,120,199,large
004319,train,207,4,72,small
004319,train,338,24,23,small
004319,train,81,5,22,small
004319,train,105,4,43,small
004319,train,133,6,38,small
004316,train,67,5,23,small
004316,train,212,11,54,small
004316,train,4386,61,125,medium
004316,train,1101,39,149,medium
004316,train,799,35,33,small
004316,train,63,12,23,small
004318,train,3467,42,138,medium
004318,train,113,5,29,small
004318,train,61,5,21,small
004318,train,178,10,56,small
004318,train,637,30,132,small
004318,train,190,4,71,small
004318,train,390,17,28,small
004318,train,212,13,48,small
004318,train,73,4,24,small
004324,train,81,6,19,small
004324,train,3030,38,135,medium
004324,train,101,5,21,small
004324,train,503,10,78,small
004325,train,1156,38,59,medium
004325,train,250,8,44,small
004325,train,859,22,99,small
004325,train,100,5,22,small
004325,train,3379,43,135,medium
004325,train,439,9,68,small
004325,train,980,32,44,small
004326,train,487,8,82,small
004326,train,5088,54,134,medium
004326,train,354,8,69,small
004326,train,98,5,31,small
004323,train,4863,69,154,medium
004323,train,308,8,49,small
004323,train,1903,47,63,medium
004323,train,69,4,18,small
004323,train,952,27,123,small
004323,train,1135,43,50,medium
004323,train,115,19,32,small
004329,train,3635,53,146,medium
004329,train,1573,12,200,medium
004329,train,683,26,37,small
004329,train,825,28,42,small
004327,train,2928,20,169,medium
004327,train,4834,90,171,medium
004328,train,533,7,125,small
004328,train,2783,17,199,medium
004328,train,3313,42,136,medium
004328,train,472,17,40,small
004335,train,1750,198,14,medium
004335,train,3808,82,69,medium
004333,train,3711,70,85,medium
004333,train,649,32,28,small
004333,train,1565,149,15,medium
004333,train,968,149,11,small
004333,train,677,150,9,small
004332,train,891,31,38,small
004332,train,2383,65,67,medium
004332,train,2690,199,18,medium
004332,train,1322,200,11,medium
004332,train,491,125,8,small
004331,train,2592,199,19,medium
004331,train,697,199,8,small
004331,train,3178,64,91,medium
004334,train,5700,41,200,medium
004334,train,2972,52,96,medium
004334,train,359,9,72,small
004334,train,105,4,36,small
004334,train,51,3,17,small
004334,train,46,3,20,small
004334,train,40,4,16,small
004334,train,43,4,13,small
004330,train,5536,88,122,medium
004330,train,1641,15,157,medium
004330,train,715,8,121,small
004330,train,864,9,119,small
004336,train,1151,35,43,medium
004336,train,2582,199,31,medium
004338,train,6275,95,108,medium
004338,train,2474,198,25,medium
004340,train,3547,23,200,medium
004340,train,714,7,199,small
004340,train,621,36,27,small
004340,train,397,44,17,small
004340,train,520,28,24,small
004340,train,268,21,20,small
004341,train,3293,43,138,medium
004341,train,3527,23,199,medium
004341,train,1685,12,199,medium
004341,train,267,16,25,small
004342,train,3577,22,199,medium
004342,train,1492,10,198,medium
004342,train,4790,55,153,medium
004344,train,3412,19,200,medium
004344,train,1082,9,199,medium
004344,train,1410,26,76,medium
004344,train,1384,28,72,medium
004343,train,3590,21,200,medium
004343,train,1434,11,199,medium
004343,train,4255,56,135,medium
004337,train,5572,91,124,medium
004337,train,1852,199,17,medium
004339,train,236,5,61,small
004339,train,5563,33,199,medium
004339,train,77,5,24,small
004339,train,55,4,17,small
004339,train,82,5,29,small
004339,train,2157,42,72,medium
004345,train,3294,20,200,medium
004345,train,1433,11,199,medium
004345,train,2846,64,87,medium
004350,train,3646,43,197,medium
004350,train,566,31,27,small
004350,train,5016,73,143,medium
004352,train,5545,30,199,medium
004352,train,3314,41,139,medium
004352,train,337,16,30,small
004351,train,1381,43,55,medium
004351,train,42,3,17,small
004351,train,2723,42,155,medium
004351,train,332,5,97,small
004351,train,347,9,48,small
004348,train,3113,25,199,medium
004348,train,1392,26,77,medium
004349,train,3329,25,198,medium
004349,train,3882,60,122,medium
004349,train,668,31,32,small
004346,train,3257,25,199,medium
004346,train,1467,29,81,medium
004346,train,758,7,169,small
004346,train,400,26,22,small
004347,train,3309,40,196,medium
004347,train,1057,32,41,medium
004347,train,3946,81,73,medium
004354,train,5822,41,200,medium
004354,train,1127,34,43,medium
004354,train,29,4,13,small
004354,train,507,16,49,small
004354,train,156,6,40,small
004354,train,7,1,7,small
004354,train,109,6,32,small
004354,train,10,1,10,small
004354,train,37,4,13,small
004354,train,66,3,22,small
004354,train,216,8,46,small
004354,train,28,2,15,small
004354,train,29,2,15,small
004358,train,3627,21,199,medium
004358,train,1292,9,200,medium
004358,train,808,30,37,small
004357,train,3537,21,200,medium
004357,train,1472,10,200,medium
004357,train,3674,44,140,medium
004357,train,370,17,26,small
004353,train,5541,34,200,medium
004353,train,588,28,29,small
004353,train,3857,75,93,medium
004353,train,825,30,45,small
004360,train,3444,24,198,medium
004360,train,5785,56,185,medium
004360,train,1089,34,60,medium
004360,train,652,8,143,small
004360,train,63,9,12,small
004355,train,3568,23,199,medium
004355,train,1801,12,200,medium
004355,train,1124,33,42,medium
004355,train,1193,33,46,medium
004355,train,1150,33,45,medium
004359,train,6955,44,198,medium
004359,train,3418,21,195,medium
004359,train,658,8,143,small
004365,train,1987,13,199,medium
004365,train,1592,12,199,medium
004365,train,3360,41,138,medium
004365,train,2606,48,93,medium
004356,train,3746,21,199,medium
004356,train,1697,12,199,medium
004356,train,5659,56,192,medium
004356,train,2478,50,90,medium
004361,train,3355,37,181,medium
004361,train,966,44,30,small
004361,train,1361,34,51,medium
004366,train,2000,13,200,medium
004366,train,1590,12,199,medium
004366,train,4459,66,107,medium
004363,train,493,5,165,small
004363,train,3171,19,199,medium
004363,train,389,6,73,small
004363,train,873,29,39,small
004364,train,240,8,49,small
004364,train,33,4,9,small
004364,train,3074,18,200,medium
004364,train,673,26,32,small
004364,train,706,6,177,small
004364,train,2659,41,84,medium
004367,train,1981,13,199,medium
004367,train,1589,11,199,medium
004367,train,1084,31,45,medium
004367,train,2993,65,89,medium
004368,train,1890,14,199,medium
004368,train,1593,11,200,medium
004368,train,547,28,28,small
004368,train,3528,75,93,medium
004368,train,728,34,38,small
004372,train,88,7,15,small
004372,train,8,1,8,small
004372,train,1205,16,179,medium
004372,train,107,5,52,small
004372,train,638,16,152,small
004372,train,4726,70,109,medium
004372,train,66,6,12,small
004369,train,1691,13,199,medium
004369,train,1685,11,199,medium
004369,train,3966,104,132,medium
004370,train,3273,21,199,medium
004370,train,4165,64,104,medium
004370,train,972,29,43,small
004371,train,1992,13,200,medium
004371,train,1485,11,198,medium
004371,train,4536,70,105,medium
004371,train,1755,34,137,medium
004375,train,1651,43,61,medium
004375,train,873,16,166,small
004375,train,2823,41,90,medium
004375,train,2219,34,81,medium
004375,train,1199,33,61,medium
004375,train,57,4,28,small
004375,train,112,5,28,small
004375,train,74,4,25,small
004375,train,85,6,25,small
004362,train,1302,13,198,medium
004362,train,361,9,76,small
004362,train,3310,47,126,medium
004362,train,103,8,29,small
004362,train,1793,23,123,medium
004362,train,129,8,54,small
004376,train,932,31,39,small
004376,train,74,4,26,small
004376,train,2092,42,78,medium
004376,train,83,6,22,small
004376,train,98,5,33,small
004376,train,165,6,42,small
004376,train,168,5,47,small
004374,train,968,21,199,small
004374,train,5877,54,188,medium
004374,train,2044,55,62,medium
004374,train,81,5,27,small
004374,train,63,10,13,small
004374,train,210,8,67,small
004374,train,355,11,80,small
004377,train,10522,126,199,large
004377,train,49,3,17,small
004377,train,85,6,20,small
004377,train,85,5,29,small
004377,train,715,13,130,small
004379,train,140,4,37,small
004379,train,889,7,197,small
004379,train,150,5,50,small
004379,train,1038,31,43,medium
004373,train,1171,21,200,medium
004373,train,1579,35,56,medium
004373,train,64,4,26,small
004373,train,8000,119,198,medium
004373,train,645,16,151,small
004373,train,119,5,47,small
004380,train,480,11,63,small
004380,train,3386,42,137,medium
004380,train,483,6,138,small
004380,train,483,9,97,small
004380,train,259,15,27,small
004383,train,1597,199,14,medium
004383,train,1385,198,12,medium
004383,train,9845,163,120,large
004382,train,920,30,39,small
004382,train,637,172,14,small
004382,train,62,31,5,small
004382,train,1084,31,44,medium
004384,train,903,187,17,small
004384,train,188,14,20,small
004384,train,1,1,1,small
004384,train,32,16,4,small
004384,train,1,1,1,small
004384,train,1,1,1,small
004384,train,390,146,14,small
004384,train,87,51,5,small
004384,train,1,1,1,small
004384,train,50,21,4,small
004384,train,3322,64,83,medium
004384,train,534,28,29,small
004381,train,284,105,7,small
004381,train,3708,71,84,medium
004381,train,431,29,24,small
004381,train,428,123,7,small
004385,train,583,119,18,small
004385,train,392,80,10,small
004385,train,1,1,1,small
004385,train,438,113,13,small
004385,train,31,28,3,small
004385,train,906,28,41,small
004385,train,934,30,39,small
004386,train,1298,199,12,medium
004386,train,1595,199,13,medium
004386,train,3574,47,108,medium
004386,train,1732,44,56,medium
004378,train,628,8,130,small
004378,train,4447,70,105,medium
004387,train,3512,67,82,medium
004387,train,488,27,28,small
004387,train,1598,200,14,medium
004387,train,1385,198,12,medium
004388,train,1993,199,15,medium
004388,train,1496,199,12,medium
004388,train,820,28,38,small
004388,train,2330,65,67,medium
004389,train,9678,156,120,large
004389,train,244,30,15,small
004389,train,1795,199,13,medium
004389,train,1386,200,11,medium
000001,test,77,5,20,small
000001,test,96,8,20,small
000001,test,278,11,36,small
000001,test,147,8,29,small
000001,test,125,8,21,small
004390,train,2542,60,63,medium
004390,train,1307,50,43,medium
004390,train,349,55,11,small
004390,train,901,138,10,small
000005,test,99,7,20,small
000005,test,264,10,35,small
000005,test,138,7,26,small
000005,test,112,8,20,small
000004,test,271,11,37,small
000004,test,123,8,26,small
000004,test,113,8,20,small
000004,test,55,8,12,small
000004,test,168,5,46,small
000004,test,61,5,16,small
000002,test,83,5,20,small
000002,test,96,7,19,small
000002,test,223,10,29,small
000002,test,119,7,24,small
000006,test,68,19,6,small
000006,test,93,19,7,small
000006,test,251,35,10,small
000006,test,69,17,6,small
000006,test,107,25,7,small
000003,test,94,7,19,small
000003,test,268,10,36,small
000003,test,123,7,25,small
000003,test,112,8,20,small
000003,test,59,5,16,small
000011,test,309,12,45,small
000011,test,497,15,51,small
000011,test,332,11,46,small
000007,test,97,20,8,small
000007,test,249,36,10,small
000007,test,65,17,7,small
000007,test,117,26,7,small
000014,test,223,10,32,small
000014,test,416,12,47,small
000014,test,601,15,60,small
000008,test,103,23,7,small
000008,test,35,10,7,small
000008,test,74,17,6,small
000008,test,224,36,9,small
000008,test,107,21,7,small
000010,test,102,7,20,small
000010,test,266,11,34,small
000010,test,152,8,29,small
000010,test,96,8,20,small
000010,test,90,5,22,small
000012,test,400,13,45,small
000012,test,315,14,35,small
000012,test,467,13,54,small
000012,test,1566,26,79,medium
000013,test,2491,26,200,medium
000013,test,1341,26,74,medium
000009,test,89,20,7,small
000009,test,167,23,10,small
000009,test,61,18,4,small
000009,test,106,20,7,small
000018,test,1155,23,73,medium
000018,test,1305,17,129,medium
000018,test,364,10,50,small
000015,test,2617,25,189,medium
000015,test,2331,27,129,medium
000016,test,1937,20,186,medium
000016,test,1357,24,97,medium
000017,test,1385,19,112,medium
000017,test,251,11,29,small
000017,test,187,8,29,small
000019,test,1398,19,110,medium
000021,test,3599,29,194,medium
000021,test,4960,37,200,medium
000021,test,634,19,46,small
000020,test,3072,36,200,medium
000020,test,539,17,42,small
000025,test,2009,28,143,medium
000025,test,180,12,19,small
000025,test,1799,38,81,medium
000025,test,1597,30,75,medium
000025,test,170,9,25,small
000027,test,516,13,64,small
000027,test,401,10,56,small
000028,test,1048,19,79,medium
000028,test,1091,24,77,medium
000028,test,375,17,30,small
000022,test,3048,41,151,medium
000022,test,253,12,30,small
000022,test,1770,24,141,medium
000022,test,1063,31,44,medium
000024,test,1555,30,73,medium
000024,test,464,13,44,small
000024,test,917,19,56,small
000024,test,601,17,48,small
000023,test,284,9,41,small
000023,test,3958,49,167,medium
000034,test,1301,19,102,medium
000026,test,263,10,31,small
000026,test,91,6,20,small
000026,test,224,8,38,small
000026,test,364,11,48,small
000031,test,611,20,55,small
000031,test,1255,25,80,medium
000031,test,481,14,55,small
000029,test,2891,30,187,medium
000029,test,2186,38,144,medium
000032,test,3307,25,200,medium
000036,test,10273,65,200,large
000036,test,487,14,56,small
000030,test,9935,78,200,large
000033,test,3389,27,200,medium
000037,test,8630,49,200,medium
000037,test,4923,41,200,medium
000037,test,470,14,49,small
000038,test,6568,53,200,medium
000038,test,2450,30,124,medium
000038,test,531,23,34,small
000042,test,397,12,67,small
000040,test,385,11,50,small
000040,test,1603,21,154,medium
000044,test,1026,21,90,medium
000044,test,194,9,27,small
000044,test,1038,22,79,medium
000044,test,304,12,41,small
000035,test,4619,34,200,medium
000035,test,331,10,47,small
000035,test,423,12,48,small
000035,test,655,19,48,small
000039,test,1498,22,95,medium
000039,test,817,17,72,small
000039,test,545,13,53,small
000039,test,333,14,36,small
000043,test,154,9,23,small
000043,test,1053,23,76,medium
000041,test,2374,41,87,medium
000041,test,302,12,32,small
000041,test,1476,28,102,medium
000045,test,336,13,39,small
000045,test,338,12,37,small
000045,test,526,14,58,small
000045,test,210,9,28,small
000046,test,1568,18,155,medium
000046,test,1804,30,115,medium
000046,test,671,17,57,small
000048,test,1248,26,93,medium
000048,test,708,17,62,small
000048,test,1734,27,102,medium
000048,test,358,15,39,small
000053,test,759,17,67,small
000053,test,555,18,44,small
000047,test,332,14,34,small
000047,test,1420,30,105,medium
000047,test,670,16,68,small
000047,test,1836,27,102,medium
000047,test,172,12,21,small
000052,test,1960,32,127,medium
000052,test,287,17,23,small
000050,test,1636,27,99,medium
000050,test,1603,20,122,medium
000049,test,1803,29,105,medium
000049,test,542,15,59,small
000049,test,196,13,20,small
000055,test,290,9,39,small
000055,test,2182,30,169,medium
000057,test,679,17,67,small
000051,test,2183,36,134,medium
000054,test,566,19,41,small
000054,test,364,10,45,small
000054,test,802,23,73,small
000059,test,878,21,73,small
000059,test,709,18,69,small
000058,test,611,15,66,small
000056,test,303,11,37,small
000056,test,2115,29,170,medium
000060,test,681,18,62,small
000060,test,230,9,47,small
000060,test,226,9,38,small
000061,test,1238,28,66,medium
000061,test,1045,25,68,medium
000061,test,979,25,87,small
000062,test,722,16,69,small
000062,test,255,9,51,small
000062,test,204,11,31,small
000068,test,172,7,45,small
000068,test,151,8,30,small
000064,test,272,10,55,small
000064,test,983,18,98,small
000063,test,309,11,59,small
000063,test,260,9,47,small
000066,test,2205,26,172,medium
000065,test,2210,29,171,medium
000065,test,273,8,46,small
000069,test,172,9,30,small
000069,test,440,11,60,small
000069,test,150,5,35,small
000067,test,766,35,44,small
000067,test,160,6,41,small
000067,test,131,7,26,small
000067,test,233,11,29,small
000070,test,353,12,55,small
000073,test,1580,22,116,medium
000073,test,397,11,57,small
000071,test,139,9,21,small
000071,test,1310,31,67,medium
000072,test,529,13,63,small
000076,test,3074,28,200,medium
000076,test,282,10,41,small
000076,test,143,10,20,small
000076,test,287,11,39,small
000077,test,2274,27,126,medium
000077,test,314,10,43,small
000074,test,773,20,86,small
000074,test,428,12,67,small
000074,test,135,12,18,small
000074,test,1521,20,121,medium
000075,test,2100,23,169,medium
000075,test,122,10,17,small
000075,test,268,11,34,small
000075,test,648,22,46,small
000078,test,532,13,65,small
000078,test,674,23,48,small
000078,test,104,10,15,small
000082,test,929,15,92,small
000082,test,262,10,39,small
000079,test,1331,27,119,medium
000079,test,1289,21,123,medium
000084,test,1064,20,116,medium
000084,test,254,9,45,small
000084,test,348,11,42,small
000084,test,117,7,22,small
000084,test,206,9,40,small
000087,test,566,13,65,small
000087,test,491,12,69,small
000087,test,349,10,44,small
000087,test,119,8,24,small
000087,test,172,7,36,small
000083,test,1236,19,158,medium
000083,test,765,17,86,small
000083,test,396,11,47,small
000085,test,601,14,75,small
000085,test,473,11,67,small
000085,test,329,9,42,small
000085,test,222,9,38,small
000080,test,818,24,47,small
000080,test,1088,26,65,medium
000080,test,2141,34,107,medium
000080,test,227,9,49,small
000081,test,3299,37,194,medium
000081,test,871,16,91,small
000081,test,249,11,40,small
000081,test,226,9,30,small
000086,test,654,16,73,small
000086,test,444,11,67,small
000086,test,380,10,45,small
000088,test,218,8,47,small
000088,test,241,14,44,small
000094,test,752,15,84,small
000094,test,430,14,66,small
000094,test,659,13,80,small
000094,test,109,5,29,small
000094,test,176,10,29,small
000089,test,217,13,42,small
000096,test,996,21,81,small
000091,test,231,8,42,small
000091,test,222,13,43,small
000093,test,231,7,51,small
000093,test,648,13,82,small
000093,test,181,8,32,small
000093,test,394,13,65,small
000095,test,690,14,91,small
000095,test,103,6,28,small
000095,test,163,10,28,small
000095,test,106,6,23,small
000090,test,157,5,39,small
000090,test,455,10,70,small
000092,test,170,11,28,small
000092,test,827,14,108,small
000092,test,242,7,49,small
000097,test,770,13,95,small
000097,test,109,6,24,small
000099,test,9560,65,200,large
000098,test,10022,67,200,large
000100,test,2756,25,199,medium
000100,test,448,13,44,small
000100,test,319,10,35,small
000100,test,191,13,20,small
000100,test,132,10,16,small
000104,test,3726,30,200,medium
000104,test,577,14,77,small
000104,test,536,13,55,small
000105,test,845,23,75,small
000105,test,250,9,34,small
000105,test,201,7,40,small
000105,test,793,24,54,small
000105,test,408,16,39,small
000105,test,450,13,56,small
000105,test,3840,68,108,medium
000101,test,3184,29,200,medium
000101,test,600,14,50,small
000101,test,538,15,45,small
000106,test,1540,16,160,medium
000106,test,3337,29,172,medium
000108,test,788,17,69,small
000108,test,1447,26,75,medium
000103,test,4182,31,200,medium
000103,test,1306,19,129,medium
000103,test,354,13,32,small
000102,test,3234,27,200,medium
000102,test,199,11,25,small
000102,test,611,16,48,small
000109,test,691,15,65,small
000109,test,1833,19,185,medium
000109,test,1453,31,71,medium
000107,test,233,8,50,small
000107,test,418,13,65,small
000111,test,816,17,98,small
000111,test,1625,26,107,medium
000111,test,563,16,64,small
000111,test,469,21,46,small
000111,test,271,11,35,small
000114,test,152,8,25,small
000114,test,622,14,79,small
000114,test,1814,27,117,medium
000115,test,1141,23,72,medium
000115,test,174,9,25,small
000115,test,586,14,83,small
000115,test,1871,28,119,medium
000115,test,563,11,71,small
000113,test,489,14,68,small
000113,test,1792,30,102,medium
000113,test,687,17,77,small
000113,test,1223,26,75,medium
000113,test,520,10,64,small
000118,test,655,16,73,small
000118,test,514,10,76,small
000118,test,169,9,31,small
000118,test,477,12,59,small
000119,test,706,17,73,small
000119,test,2111,28,146,medium
000119,test,575,12,72,small
000119,test,495,13,57,small
000110,test,1768,24,108,medium
000110,test,370,15,39,small
000117,test,2031,29,139,medium
000117,test,259,10,34,small
000117,test,221,8,36,small
000112,test,1418,21,136,medium
000116,test,648,14,71,small
000116,test,1999,27,150,medium
000116,test,482,9,71,small
000116,test,310,14,32,small
000125,test,99,7,20,small
000125,test,329,9,51,small
000125,test,207,9,33,small
000124,test,441,13,49,small
000124,test,164,5,41,small
000124,test,471,10,70,small
000124,test,342,10,43,small
000124,test,293,9,53,small
000122,test,3375,36,194,medium
000122,test,904,16,92,small
000122,test,50,5,15,small
000122,test,170,6,42,small
000122,test,235,11,40,small
000122,test,41,4,11,small
000122,test,250,10,30,small
000121,test,3127,35,159,medium
000126,test,187,6,37,small
000126,test,156,8,31,small
000129,test,111,9,19,small
000129,test,1340,24,108,medium
000129,test,426,14,37,small
000127,test,167,12,23,small
000127,test,1475,28,93,medium
000130,test,601,12,77,small
000130,test,355,10,42,small
000130,test,153,8,26,small
000130,test,301,11,52,small
000120,test,488,17,49,small
000120,test,443,12,59,small
000120,test,194,8,33,small
000120,test,1474,27,91,medium
000120,test,140,10,19,small
000120,test,499,17,53,small
000128,test,217,13,27,small
000128,test,1426,25,105,medium
000123,test,809,18,73,small
000123,test,42,4,14,small
000123,test,178,5,45,small
000123,test,409,11,57,small
000123,test,39,4,12,small
000132,test,1742,16,173,medium
000133,test,6015,48,200,medium
000133,test,3911,48,177,medium
000131,test,4266,45,200,medium
000131,test,597,16,46,small
000136,test,168,9,31,small
000137,test,176,10,29,small
000135,test,1512,22,140,medium
000134,test,864,18,82,small
000134,test,3179,49,112,medium
000139,test,202,8,39,small
000139,test,51,6,12,small
000139,test,256,10,36,small
000139,test,86,5,19,small
000138,test,200,7,38,small
000138,test,55,6,12,small
000141,test,235,10,32,small
000141,test,54,4,15,small
000141,test,101,8,16,small
000141,test,144,9,23,small
000140,test,200,7,38,small
000140,test,55,6,12,small
000140,test,257,11,38,small
000140,test,67,5,15,small
000140,test,103,8,16,small
000143,test,88,6,18,small
000143,test,332,13,49,small
000143,test,111,9,19,small
000143,test,107,7,21,small
000142,test,69,8,13,small
000142,test,130,8,33,small
000145,test,419,11,52,small
000145,test,799,19,70,small
000145,test,228,10,31,small
000147,test,452,11,54,small
000147,test,837,19,74,small
000147,test,205,11,26,small
000147,test,464,15,51,small
000146,test,474,12,54,small
000146,test,862,19,74,small
000146,test,227,12,27,small
000146,test,401,14,47,small
000148,test,845,18,72,small
000148,test,208,10,27,small
000148,test,450,14,52,small
000150,test,449,14,52,small
000150,test,225,7,38,small
000150,test,788,15,104,small
000150,test,368,15,53,small
000144,test,103,7,19,small
000144,test,361,14,48,small
000144,test,102,8,20,small
000144,test,109,7,20,small
000149,test,432,14,51,small
000149,test,130,8,26,small
000151,test,408,14,49,small
000151,test,217,8,38,small
000151,test,771,14,105,small
000151,test,340,13,50,small
000151,test,3075,37,132,medium
000151,test,114,7,23,small
000151,test,179,6,40,small
000155,test,960,16,91,small
000155,test,852,19,82,small
000152,test,5081,56,183,medium
000152,test,119,6,24,small
000152,test,176,7,40,small
000152,test,110,6,28,small
000152,test,208,8,38,small
000158,test,631,14,75,small
000153,test,7129,59,200,medium
000156,test,169,9,23,small
000156,test,567,15,54,small
000156,test,1262,22,135,medium
000157,test,254,11,33,small
000157,test,104,8,18,small
000157,test,579,15,68,small
000154,test,2955,32,140,medium
000154,test,858,17,83,small
000159,test,3427,29,199,medium
000159,test,218,8,41,small
000159,test,405,13,44,small
000161,test,7035,71,200,medium
000161,test,413,12,48,small
000163,test,396,13,47,small
000163,test,209,8,38,small
000163,test,772,12,99,small
000163,test,2748,38,126,medium
000163,test,318,9,49,small
000163,test,139,7,25,small
000163,test,120,7,27,small
000163,test,137,6,33,small
000162,test,408,15,45,small
000162,test,198,6,37,small
000162,test,806,16,101,small
000162,test,2641,36,126,medium
000162,test,340,12,50,small
000162,test,117,6,23,small
000162,test,206,8,42,small
000162,test,117,6,29,small
000160,test,1131,14,147,medium
000160,test,1892,25,123,medium
000164,test,198,11,24,small
000164,test,5972,49,199,medium
000164,test,493,12,65,small
000166,test,190,7,37,small
000166,test,997,19,80,small
000166,test,900,20,82,small
000166,test,147,8,24,small
000171,test,1708,24,112,medium
000171,test,177,8,33,small
000168,test,4171,42,200,medium
000168,test,121,6,23,small
000168,test,196,6,41,small
000169,test,713,13,100,small
000172,test,165,8,32,small
000172,test,853,11,124,small
000170,test,2613,37,187,medium
000165,test,5825,51,198,medium
000165,test,852,13,78,small
000167,test,979,19,90,small
000167,test,410,11,45,small
000167,test,1061,20,116,medium
000173,test,782,12,121,small
000173,test,94,7,18,small
000177,test,763,11,104,small
000174,test,377,10,50,small
000174,test,217,15,31,small
000178,test,403,10,52,small
000178,test,293,12,39,small
000175,test,104,5,24,small
000175,test,412,10,54,small
000175,test,431,16,43,small
000175,test,172,12,21,small
000179,test,122,7,24,small
000179,test,138,7,25,small
000176,test,466,12,55,small
000176,test,821,19,74,small
000176,test,207,10,28,small
000176,test,366,12,51,small
000180,test,773,12,101,small
000181,test,1583,15,200,medium
000181,test,424,11,57,small
000181,test,130,7,22,small
000183,test,2026,35,106,medium
000182,test,2025,22,200,medium
000182,test,615,16,64,small
000184,test,3335,27,184,medium
000186,test,1208,23,78,medium
000186,test,438,10,65,small
000187,test,966,13,127,small
000185,test,3016,28,177,medium
000189,test,551,14,61,small
000189,test,129,7,30,small
000189,test,136,7,30,small
000192,test,661,17,61,small
000192,test,506,13,56,small
000192,test,1591,23,108,medium
000192,test,394,8,57,small
000191,test,132,5,33,small
000191,test,2567,26,160,medium
000191,test,2360,22,141,medium
000188,test,905,13,127,small
000190,test,3593,28,186,medium
000190,test,125,6,31,small
000190,test,2643,29,153,medium
000193,test,199,10,28,small
000193,test,895,17,96,small
000193,test,1514,21,105,medium
000198,test,5456,42,200,medium
000198,test,212,8,44,small
000198,test,218,7,40,small
000198,test,270,10,46,small
000196,test,297,11,31,small
000196,test,1125,13,138,medium
000194,test,296,11,46,small
000194,test,619,14,80,small
000197,test,4957,40,175,medium
000195,test,975,18,84,small
000199,test,4173,39,200,medium
000201,test,6968,83,189,medium
000200,test,4620,38,200,medium
000202,test,15595,142,194,large
000202,test,1129,51,30,medium
000203,test,2125,30,87,medium
000203,test,8800,120,190,medium
000203,test,3367,43,98,medium
000208,test,710,27,35,small
000208,test,3755,72,83,medium
000207,test,15933,99,200,large
000205,test,15601,140,200,large
000205,test,2108,84,38,medium
000204,test,1765,48,51,medium
000204,test,2163,47,70,medium
000206,test,19616,182,199,large
000209,test,396,28,28,small
000209,test,3470,61,80,medium
000210,test,4962,60,124,medium
000210,test,1223,34,46,medium
000215,test,6509,50,200,medium
000213,test,6466,57,184,medium
000211,test,3252,39,122,medium
000211,test,3212,50,81,medium
000212,test,2273,49,64,medium
000212,test,2665,72,58,medium
000212,test,1209,33,48,medium
000217,test,6450,71,128,medium
000217,test,2011,43,70,medium
000217,test,2751,57,66,medium
000216,test,6790,54,200,medium
000216,test,1703,53,51,medium
000219,test,17137,173,200,large
000218,test,8695,73,200,medium
000218,test,1879,53,51,medium
000223,test,9489,85,200,large
000221,test,15160,151,200,large
000224,test,1583,40,59,medium
000224,test,4030,38,168,medium
000224,test,998,42,38,small
000214,test,2834,79,77,medium
000222,test,8245,76,200,medium
000222,test,1686,44,53,medium
000220,test,7762,66,193,medium
000232,test,7667,130,110,medium
000228,test,1749,50,54,medium
000228,test,6262,84,109,medium
000228,test,2889,80,53,medium
000227,test,8004,95,169,medium
000227,test,96,12,10,small
000227,test,1571,59,39,medium
000227,test,199,16,27,small
000230,test,9746,102,153,large
000226,test,13950,191,139,large
000226,test,1583,40,64,medium
000226,test,1019,40,38,small
000226,test,112,13,11,small
000233,test,3527,58,86,medium
000225,test,2102,80,38,medium
000225,test,888,51,45,small
000225,test,94,15,15,small
000225,test,4830,77,125,medium
000231,test,5578,79,119,medium
000229,test,5513,75,94,medium
000229,test,2892,57,78,medium
000234,test,1416,40,58,medium
000234,test,875,29,44,small
000235,test,1429,41,57,medium
000235,test,1031,39,48,medium
000235,test,2943,50,93,medium
000240,test,1764,36,74,medium
000240,test,310,26,22,small
000240,test,2239,66,53,medium
000237,test,82,10,15,small
000237,test,67,17,10,small
000237,test,182,26,15,small
000237,test,1339,55,40,medium
000238,test,8195,68,200,medium
000238,test,233,21,22,small
000238,test,101,20,13,small
000238,test,188,27,16,small
000238,test,1394,55,44,medium
000241,test,622,35,34,small
000241,test,508,31,30,small
000241,test,2207,46,70,medium
000236,test,8053,53,195,medium
000236,test,336,33,19,small
000236,test,1214,51,34,medium
000244,test,90,13,11,small
000244,test,268,24,20,small
000244,test,2216,66,54,medium
000245,test,3829,43,146,medium
000245,test,744,28,47,small
000245,test,1038,35,38,medium
000239,test,1168,36,41,medium
000248,test,425,31,20,small
000248,test,2808,51,82,medium
000243,test,5432,69,160,medium
000251,test,2947,64,81,medium
000251,test,813,38,36,small
000242,test,1192,27,60,medium
000242,test,5104,77,116,medium
000249,test,1739,42,57,medium
000249,test,5204,59,128,medium
000249,test,1831,46,51,medium
000246,test,6926,69,197,medium
000246,test,904,26,49,small
000250,test,241,38,9,small
000250,test,1582,37,57,medium
000250,test,1470,34,55,medium
000247,test,8954,169,106,medium
000247,test,1481,35,58,medium
000252,test,6514,100,179,medium
000257,test,91,10,12,small
000257,test,2758,39,120,medium
000257,test,1247,46,41,medium
000253,test,1493,37,52,medium
000253,test,2882,61,80,medium
000253,test,4054,70,97,medium
000254,test,3401,57,103,medium
000256,test,110,21,10,small
000256,test,861,53,29,small
000256,test,1341,34,57,medium
000256,test,380,22,23,small
000256,test,478,26,29,small
000258,test,2160,34,96,medium
000258,test,1303,41,57,medium
000258,test,1102,39,41,medium
000258,test,1664,41,62,medium
000255,test,4880,65,134,medium
000255,test,1076,37,43,medium
000259,test,2878,40,118,medium
000259,test,2154,52,58,medium
000262,test,1203,26,65,medium
000261,test,1939,44,67,medium
000261,test,94,13,13,small
000263,test,1555,42,60,medium
000264,test,1068,60,35,medium
000260,test,6690,63,200,medium
000260,test,1063,33,42,medium
000265,test,4266,81,77,medium
000266,test,899,28,45,small
000266,test,2275,62,74,medium
000273,test,650,29,29,small
000273,test,354,20,23,small
000273,test,1098,59,38,medium
000273,test,906,39,44,small
000267,test,1780,35,77,medium
000267,test,2441,67,74,medium
000267,test,532,25,30,small
000271,test,1504,35,49,medium
000271,test,1480,48,58,medium
000271,test,5082,79,113,medium
000269,test,1875,48,53,medium
000269,test,1804,48,49,medium
000275,test,2410,54,86,medium
000275,test,2128,46,69,medium
000274,test,3597,67,140,medium
000274,test,236,27,18,small
000274,test,1749,37,83,medium
000276,test,3956,49,117,medium
000270,test,6467,95,128,medium
000278,test,3751,45,152,medium
000278,test,1247,39,56,medium
000272,test,976,38,38,small
000272,test,1570,40,61,medium
000268,test,1099,39,41,medium
000268,test,1741,33,78,medium
000268,test,530,26,30,small
000280,test,3894,47,153,medium
000277,test,810,33,38,small
000277,test,531,28,28,small
000277,test,2004,56,45,medium
000279,test,1205,40,42,medium
000279,test,4349,82,93,medium
000279,test,864,32,36,small
000283,test,708,24,45,small
000283,test,3713,47,139,medium
000284,test,6447,56,188,medium
000284,test,2239,59,65,medium
000282,test,3433,67,93,medium
000286,test,7240,107,121,medium
000288,test,6686,174,106,medium
000288,test,3016,87,62,medium
000281,test,1047,39,38,medium
000281,test,958,33,48,small
000281,test,2893,49,92,medium
000281,test,1362,41,66,medium
000281,test,877,32,40,small
000285,test,3205,51,80,medium
000285,test,1506,44,55,medium
000290,test,9857,140,193,large
000290,test,2279,45,77,medium
000287,test,3216,81,57,medium
000287,test,2740,89,72,medium
000287,test,2541,86,60,medium
000289,test,295,14,31,small
000289,test,5899,167,107,medium
000289,test,3729,89,89,medium
000294,test,1401,34,53,medium
000292,test,1047,18,66,medium
000292,test,382,39,14,small
000292,test,288,34,13,small
000292,test,3433,66,85,medium
000292,test,4368,49,124,medium
000292,test,1512,44,62,medium
000293,test,4879,75,131,medium
000293,test,2332,32,81,medium
000293,test,2040,42,77,medium
000293,test,3122,42,92,medium
000293,test,2016,47,64,medium
000291,test,907,53,23,small
000291,test,3695,48,122,medium
000291,test,1994,41,74,medium
000291,test,841,17,72,small
000296,test,5244,69,113,medium
000297,test,5405,59,143,medium
000299,test,2361,79,55,medium
000299,test,7020,55,200,medium
000299,test,2031,44,64,medium
000295,test,3831,84,100,medium
000295,test,848,20,61,small
000298,test,11356,161,129,large
000300,test,4125,56,112,medium
000300,test,677,17,49,small
000300,test,2030,41,61,medium
000303,test,4843,58,150,medium
000302,test,3198,71,78,medium
000302,test,1073,33,42,medium
000301,test,3188,49,93,medium
000301,test,2365,54,55,medium
000301,test,3176,44,106,medium
000304,test,1668,38,70,medium
000304,test,2150,41,101,medium
000304,test,576,26,33,small
000304,test,1713,49,63,medium
000307,test,312,29,15,small
000307,test,3559,56,112,medium
000306,test,1768,40,69,medium
000309,test,4654,58,143,medium
000309,test,651,26,35,small
000313,test,1181,43,36,medium
000313,test,4641,78,95,medium
000308,test,12936,172,123,large
000308,test,1952,44,58,medium
000310,test,4837,76,96,medium
000310,test,999,36,48,small
000311,test,6671,61,178,medium
000311,test,1791,45,52,medium
000314,test,6015,92,117,medium
000314,test,2082,55,91,medium
000314,test,1942,41,59,medium
000314,test,1748,44,70,medium
000305,test,3019,47,91,medium
000305,test,2352,54,54,medium
000305,test,3140,45,107,medium
000318,test,12889,109,191,large
000318,test,3350,84,70,medium
000316,test,726,29,31,small
000316,test,6751,68,196,medium
000316,test,7691,76,137,medium
000312,test,1926,39,61,medium
000312,test,7048,72,171,medium
000312,test,1099,42,37,medium
000319,test,8936,88,200,medium
000319,test,1040,35,44,medium
000319,test,6801,99,113,medium
000315,test,1135,34,54,medium
000315,test,2403,51,91,medium
000315,test,5848,74,109,medium
000320,test,2213,46,72,medium
000320,test,14538,149,200,large
000320,test,408,22,29,small
000317,test,1842,57,48,medium
000317,test,3849,71,78,medium
000322,test,9711,90,184,large
000323,test,9927,89,176,large
000323,test,1567,44,48,medium
000325,test,4630,113,112,medium
000325,test,763,34,36,small
000321,test,6991,63,197,medium
000326,test,5624,57,143,medium
000329,test,1393,28,70,medium
000329,test,639,34,28,small
000330,test,4380,42,169,medium
000330,test,5074,78,107,medium
000324,test,10386,100,183,large
000324,test,4815,94,139,medium
000332,test,3413,40,116,medium
000332,test,7645,77,178,medium
000328,test,229,25,12,small
000328,test,2622,42,109,medium
000328,test,5698,54,145,medium
000328,test,275,19,20,small
000331,test,4276,78,80,medium
000334,test,7242,67,140,medium
000334,test,2342,43,75,medium
000327,test,20421,193,200,large
000327,test,867,45,26,small
000333,test,3527,76,94,medium
000333,test,1156,64,26,medium
000339,test,800,29,46,small
000339,test,4726,72,120,medium
000339,test,1471,56,42,medium
000336,test,8432,56,200,medium
000335,test,2014,41,69,medium
000335,test,242,14,24,small
000341,test,2298,46,72,medium
000341,test,337,23,22,small
000341,test,3730,64,93,medium
000341,test,168,15,16,small
000337,test,10954,162,147,large
000343,test,9806,94,200,large
000338,test,502,34,22,small
000338,test,4991,74,93,medium
000338,test,6503,91,102,medium
000342,test,9984,92,200,large
000342,test,2468,48,78,medium
000342,test,2574,60,73,medium
000342,test,3907,61,94,medium
000340,test,2779,68,54,medium
000340,test,1653,59,44,medium
000340,test,7320,48,181,medium
000340,test,2393,47,77,medium
000340,test,1516,58,45,medium
000344,test,10626,152,135,large
000348,test,9124,79,189,medium
000348,test,2475,46,103,medium
000345,test,8631,69,200,medium
000345,test,7122,81,200,medium
000349,test,1405,35,53,medium
000349,test,10510,93,191,large
000349,test,5264,61,144,medium
000347,test,7215,68,200,medium
000347,test,2318,38,97,medium
000347,test,2068,37,86,medium
000346,test,7237,72,200,medium
000346,test,1383,33,47,medium
000352,test,2972,57,74,medium
000352,test,6674,95,111,medium
000352,test,721,29,41,small
000352,test,1771,52,44,medium
000352,test,1070,32,41,medium
000351,test,12661,125,195,large
000351,test,7865,54,200,medium
000353,test,4860,103,110,medium
000355,test,5497,65,183,medium
000355,test,6438,132,102,medium
000355,test,1800,48,79,medium
000355,test,549,30,32,small
000355,test,2084,41,64,medium
000350,test,6275,68,154,medium
000350,test,7558,61,200,medium
000350,test,1477,50,39,medium
000354,test,2377,52,64,medium
000354,test,1100,33,49,medium
000354,test,568,23,30,small
000356,test,761,31,29,small
000356,test,1820,34,80,medium
000361,test,4584,87,79,medium
000358,test,12104,86,200,large
000358,test,12133,102,200,large
000357,test,2838,40,109,medium
000357,test,13509,109,194,large
000363,test,271,26,15,small
000363,test,1481,43,46,medium
000365,test,733,16,58,small
000365,test,7001,77,136,medium
000365,test,670,20,42,small
000364,test,7386,88,131,medium
000362,test,3500,77,91,medium
000362,test,204,20,13,small
000359,test,1214,41,41,medium
000359,test,196,26,13,small
000359,test,1677,49,58,medium
000360,test,1911,48,65,medium
000368,test,3027,41,104,medium
000368,test,1682,40,66,medium
000368,test,166,18,12,small
000368,test,105,10,15,small
000368,test,200,14,25,small
000369,test,5675,75,149,medium
000369,test,6610,72,165,medium
000371,test,3290,80,81,medium
000371,test,1830,65,44,medium
000371,test,469,30,22,small
000371,test,6332,104,98,medium
000366,test,1383,34,62,medium
000366,test,5820,77,152,medium
000366,test,774,28,47,small
000370,test,6038,87,109,medium
000374,test,8847,75,200,medium
000374,test,9576,68,200,large
000373,test,4328,69,118,medium
000367,test,13363,166,134,large
000372,test,455,24,32,small
000372,test,3843,52,119,medium
000372,test,2375,90,88,medium
000372,test,567,38,35,small
000372,test,808,47,24,small
000376,test,155,16,14,small
000376,test,10765,81,187,large
000375,test,9892,91,200,large
000375,test,9609,120,189,large
000377,test,262,27,15,small
000377,test,10715,152,135,large
000379,test,1926,48,60,medium
000379,test,197,18,20,small
000379,test,8483,114,108,medium
000378,test,7091,84,134,medium
000383,test,13942,158,200,large
000385,test,9293,142,200,large
000385,test,1162,38,48,medium
000380,test,8859,85,200,medium
000386,test,14796,170,200,large
000382,test,4799,72,122,medium
000387,test,9001,117,133,medium
000387,test,223,19,25,small
000387,test,45,9,10,small
000387,test,1785,59,55,medium
000387,test,106,15,11,small
000381,test,2258,56,59,medium
000381,test,1133,23,67,medium
000381,test,2909,56,80,medium
000381,test,1086,36,38,medium
000388,test,4911,66,110,medium
000388,test,7568,64,169,medium
000388,test,113,17,13,small
000388,test,2364,55,63,medium
000384,test,1843,55,54,medium
000384,test,8590,146,123,medium
000390,test,7122,53,199,medium
000390,test,497,20,42,small
000389,test,2304,53,75,medium
000389,test,6184,72,158,medium
000389,test,2649,52,75,medium
000396,test,1814,53,47,medium
000396,test,5076,60,147,medium
000392,test,20533,159,200,large
000393,test,1944,46,67,medium
000393,test,6337,69,161,medium
000393,test,2352,49,71,medium
000395,test,16660,175,200,large
000394,test,12312,127,200,large
000391,test,15223,168,200,large
000391,test,2485,52,75,medium
000398,test,11052,87,200,large
000398,test,258,17,24,small
000398,test,1777,32,89,medium
000401,test,3780,200,33,medium
000404,test,5370,200,36,medium
000399,test,9418,169,123,large
000399,test,1190,42,40,medium
000399,test,918,63,39,small
000405,test,4995,200,30,medium
000403,test,1737,180,23,medium
000397,test,845,56,21,small
000397,test,4025,73,82,medium
000397,test,4770,54,132,medium
000402,test,2607,200,26,medium
000400,test,10395,70,194,large
000400,test,8601,75,164,medium
000406,test,2253,194,23,medium
000410,test,6088,42,200,medium
000409,test,5546,33,200,medium
000408,test,5646,34,200,medium
000412,test,809,8,143,small
000412,test,3829,24,200,medium
000407,test,3762,200,30,medium
000411,test,6106,41,200,medium
000414,test,1841,13,200,medium
000414,test,3809,23,200,medium
000416,test,1119,9,200,medium
000416,test,3541,23,200,medium
000413,test,2067,15,200,medium
000413,test,3871,25,200,medium
000415,test,1560,10,200,medium
000415,test,3874,24,200,medium
000418,test,849,8,172,small
000418,test,3599,24,200,medium
000417,test,1608,12,200,medium
000417,test,3588,21,200,medium
000420,test,287,5,67,small
000420,test,3566,27,200,medium
000421,test,3197,26,200,medium
000421,test,90,9,13,small
000421,test,133,10,18,small
000419,test,858,7,177,small
000419,test,3553,29,200,medium
000427,test,1488,13,200,medium
000428,test,1285,13,195,medium
000429,test,1535,15,200,medium
000422,test,3406,43,197,medium
000425,test,5132,184,177,medium
000424,test,561,10,90,small
000424,test,199,6,40,small
000423,test,2534,38,133,medium
000426,test,122,7,23,small
000426,test,1443,185,79,medium
000435,test,5802,37,200,medium
000431,test,1346,11,200,medium
000437,test,5715,31,200,medium
000434,test,5904,35,200,medium
000432,test,575,7,90,small
000432,test,1542,200,94,medium
000430,test,1299,10,200,medium
000436,test,5506,32,200,medium
000433,test,6443,38,200,medium
000442,test,1942,14,200,medium
000442,test,3528,22,200,medium
000439,test,5819,35,200,medium
000443,test,1902,13,200,medium
000443,test,3605,22,200,medium
000440,test,6175,40,200,medium
000438,test,5567,33,200,medium
000445,test,1352,10,200,medium
000445,test,3602,21,200,medium
000441,test,223,7,39,small
000441,test,5875,42,200,medium
000441,test,78,4,23,small
000441,test,619,18,56,small
000441,test,206,7,40,small
000444,test,1815,12,200,medium
000444,test,3677,20,200,medium
000446,test,742,7,144,small
000446,test,3576,24,200,medium
000451,test,3076,19,200,medium
000451,test,446,7,76,small
000447,test,637,7,123,small
000447,test,3664,26,200,medium
000449,test,4195,43,200,medium
000450,test,1163,8,200,medium
000450,test,126,10,17,small
000448,test,721,7,146,small
000448,test,3479,23,200,medium
000453,test,1147,10,200,medium
000453,test,349,6,84,small
000452,test,3275,20,200,medium
000452,test,269,5,64,small
000452,test,55,4,14,small
000454,test,782,8,156,small
000454,test,303,7,75,small
000454,test,812,13,111,small
000454,test,89,5,23,small
000456,test,3950,25,200,medium
000456,test,275,5,70,small
000456,test,934,10,141,small
000456,test,481,5,120,small
000459,test,3960,31,200,medium
000459,test,945,13,133,small
000455,test,3806,25,200,medium
000455,test,746,8,143,small
000455,test,330,6,82,small
000460,test,3811,31,186,medium
000460,test,687,10,102,small
000460,test,351,6,78,small
000460,test,837,10,145,small
000458,test,1357,17,200,medium
000458,test,1073,8,170,medium
000458,test,636,6,161,small
000458,test,280,6,61,small
000457,test,3018,21,200,medium
000457,test,1215,9,200,medium
000457,test,305,6,73,small
000461,test,753,8,136,small
000461,test,2302,20,169,medium
000461,test,487,12,47,small
000462,test,3368,32,200,medium
000462,test,1142,11,180,medium
000466,test,4276,28,200,medium
000466,test,1074,10,200,medium
000466,test,252,4,66,small
000463,test,1353,15,200,medium
000463,test,685,5,164,small
000463,test,3218,20,200,medium
000463,test,652,7,157,small
000463,test,243,6,57,small
000469,test,1684,12,200,medium
000468,test,325,7,71,small
000468,test,261,5,68,small
000468,test,178,5,38,small
000467,test,964,7,200,small
000467,test,884,7,200,small
000465,test,3314,28,168,medium
000465,test,1227,11,200,medium
000471,test,487,7,91,small
000471,test,426,12,68,small
000473,test,1052,12,156,medium
000470,test,498,11,62,small
000470,test,1015,10,136,small
000476,test,4023,24,200,medium
000476,test,923,9,200,small
000472,test,519,6,117,small
000472,test,1303,15,189,medium
000474,test,1258,12,200,medium
000474,test,898,7,188,small
000474,test,792,6,171,small
000464,test,826,8,152,small
000464,test,3594,23,200,medium
000464,test,1262,11,200,medium
000475,test,3832,23,200,medium
000475,test,640,7,146,small
000477,test,3911,22,200,medium
000477,test,1049,8,200,medium
000481,test,4082,25,200,medium
000482,test,3983,25,200,medium
000480,test,4200,25,200,medium
000485,test,3945,26,200,medium
000479,test,4151,25,200,medium
000483,test,3654,23,200,medium
000484,test,3627,22,200,medium
000478,test,4119,26,200,medium
000486,test,4087,24,200,medium
000486,test,2422,42,144,medium
000487,test,2097,31,200,medium
000487,test,76,6,19,small
000490,test,390,10,82,small
000490,test,1077,20,200,medium
000490,test,90,4,30,small
000491,test,110,5,29,small
000491,test,1208,21,200,medium
000491,test,86,5,28,small
000488,test,2838,29,200,medium
000488,test,87,6,19,small
000492,test,1097,17,200,medium
000489,test,3035,30,200,medium
000489,test,97,6,19,small
000498,test,83,5,20,small
000498,test,984,8,200,small
000498,test,77,5,21,small
000498,test,54,4,14,small
000498,test,64,4,16,small
000498,test,133,6,31,small
000494,test,621,12,133,small
000494,test,141,10,27,small
000493,test,421,9,94,small
000493,test,87,5,28,small
000493,test,141,9,25,small
000496,test,995,8,200,small
000496,test,126,5,33,small
000496,test,130,3,44,small
000497,test,250,6,61,small
000497,test,889,6,200,small
000497,test,76,5,23,small
000497,test,70,4,18,small
000497,test,52,4,16,small
000497,test,78,3,26,small
000500,test,80,5,16,small
000500,test,618,10,100,small
000500,test,409,9,61,small
000495,test,598,8,125,small
000495,test,39,3,13,small
000499,test,621,7,149,small
000499,test,63,4,17,small
000499,test,572,9,99,small
000499,test,353,8,55,small
000502,test,155,5,31,small
000502,test,347,5,70,small
000501,test,1204,10,200,medium
000505,test,785,7,177,small
000503,test,1050,8,200,medium
000504,test,946,8,200,small
000507,test,607,12,83,small
000507,test,877,8,194,small
000506,test,178,16,19,small
000506,test,974,12,130,small
000506,test,676,9,149,small
000509,test,643,7,133,small
000509,test,77,4,20,small
000509,test,513,15,150,small
000509,test,461,13,111,small
000510,test,1014,7,199,small
000510,test,104,6,28,small
000510,test,360,11,89,small
000510,test,143,7,36,small
000510,test,368,12,99,small
000512,test,817,9,200,small
000512,test,1228,11,200,medium
000508,test,404,6,97,small
000508,test,407,5,92,small
000513,test,1496,16,200,medium
000513,test,736,21,181,small
000513,test,727,20,168,small
000514,test,1872,21,200,medium
000514,test,716,10,147,small
000511,test,1306,11,200,medium
000511,test,629,18,152,small
000511,test,830,22,199,small
000511,test,101,6,24,small
000518,test,274,7,63,small
000518,test,321,6,67,small
000518,test,93,7,23,small
000518,test,185,6,48,small
000517,test,2178,21,200,medium
000517,test,103,5,22,small
000517,test,106,6,24,small
000517,test,104,7,31,small
000517,test,93,6,22,small
000520,test,1097,17,109,medium
000520,test,1156,16,112,medium
000520,test,57,6,13,small
000520,test,106,4,29,small
000515,test,1505,17,200,medium
000515,test,480,17,132,small
000515,test,540,15,119,small
000516,test,2271,22,200,medium
000516,test,987,11,144,small
000516,test,432,9,97,small
000519,test,391,9,105,small
000519,test,277,6,66,small
000519,test,44,6,12,small
000521,test,1408,17,137,medium
000521,test,288,6,74,small
000521,test,441,12,68,small
000521,test,624,15,151,small
000523,test,339,5,84,small
000523,test,99,4,31,small
000523,test,33,3,12,small
000523,test,356,5,84,small
000526,test,172,5,35,small
000526,test,258,8,47,small
000526,test,696,8,139,small
000522,test,465,12,112,small
000522,test,316,10,46,small
000522,test,338,5,86,small
000522,test,48,4,12,small
000524,test,545,10,135,small
000524,test,71,4,19,small
000524,test,80,5,18,small
000524,test,66,5,15,small
000524,test,49,4,13,small
000524,test,105,5,23,small
000524,test,135,4,35,small
000524,test,186,7,33,small
000524,test,142,6,31,small
000528,test,943,8,191,small
000531,test,519,15,123,small
000531,test,937,24,200,small
000531,test,813,7,200,small
000531,test,1101,9,200,medium
000531,test,161,7,34,small
000525,test,327,6,68,small
000525,test,94,8,22,small
000527,test,665,18,142,small
000527,test,653,18,133,small
000527,test,82,5,26,small
000530,test,831,9,200,small
000530,test,1001,9,200,small
000530,test,1195,10,200,medium
000529,test,495,6,97,small
000529,test,84,4,21,small
000535,test,345,88,6,small
000535,test,873,200,6,small
000538,test,548,110,10,small
000538,test,2113,200,21,medium
000533,test,783,200,7,small
000533,test,120,31,5,small
000533,test,210,70,3,small
000534,test,132,21,7,small
000534,test,675,129,9,small
000534,test,61,17,4,small
000534,test,984,177,8,small
000537,test,362,91,6,small
000537,test,491,100,6,small
000537,test,1192,200,9,medium
000536,test,197,24,17,small
000536,test,938,141,12,small
000536,test,518,122,10,small
000540,test,101,27,4,small
000540,test,991,135,19,small
000540,test,1579,137,18,medium
000532,test,333,40,13,small
000532,test,316,41,11,small
000532,test,129,20,9,small
000532,test,51,11,6,small
000532,test,214,4,54,small
000542,test,322,69,6,small
000542,test,107,23,7,small
000542,test,437,125,8,small
000539,test,189,46,6,small
000539,test,256,67,8,small
000539,test,324,68,7,small
000539,test,94,23,8,small
000541,test,1563,200,13,medium
000541,test,619,157,19,small
000541,test,563,147,18,small
000543,test,1441,136,17,medium
000543,test,273,70,6,small
000543,test,616,156,16,small
000546,test,740,169,8,small
000548,test,574,123,7,small
000548,test,393,108,9,small
000544,test,592,147,8,small
000544,test,1329,200,8,medium
000547,test,158,9,22,small
000547,test,322,12,41,small
000547,test,279,14,34,small
000547,test,167,58,3,small
000547,test,73,7,14,small
000545,test,837,200,8,small
000550,test,1003,200,16,small
000549,test,844,172,14,small
000554,test,861,200,16,small
000551,test,74,21,6,small
000551,test,2262,197,32,medium
000552,test,101,21,7,small
000552,test,2169,200,31,medium
000553,test,80,28,6,small
000553,test,455,115,14,small
000553,test,845,200,21,small
000560,test,3878,200,24,medium
000559,test,4120,200,25,medium
000555,test,3500,200,21,medium
000558,test,4138,200,25,medium
000557,test,3590,200,23,medium
000556,test,3628,200,23,medium
000563,test,3887,200,23,medium
000563,test,386,100,5,small
000562,test,4036,200,23,medium
000562,test,494,104,7,small
000564,test,160,41,5,small
000564,test,316,80,6,small
000564,test,1621,114,18,medium
000564,test,342,42,10,small
000564,test,514,76,10,small
000564,test,859,176,8,small
000561,test,3839,200,22,medium
000566,test,1186,200,14,medium
000566,test,101,24,5,small
000570,test,1153,200,13,medium
000570,test,269,57,6,small
000570,test,303,88,4,small
000570,test,101,22,6,small
000570,test,57,13,5,small
000569,test,744,112,13,small
000569,test,267,80,6,small
000569,test,105,24,6,small
000569,test,509,110,7,small
000569,test,90,22,5,small
000568,test,274,80,7,small
000568,test,1211,200,11,medium
000565,test,2284,200,21,medium
000565,test,847,149,10,small
000565,test,109,44,4,small
000567,test,782,114,14,small
000567,test,307,81,7,small
000572,test,210,60,4,small
000572,test,430,48,11,small
000572,test,242,36,9,small
000572,test,858,169,8,small
000574,test,373,83,5,small
000574,test,216,56,5,small
000574,test,109,23,6,small
000574,test,78,17,6,small
000574,test,3983,200,30,medium
000574,test,1129,200,9,medium
000577,test,3113,200,20,medium
000577,test,67,17,4,small
000577,test,254,67,5,small
000577,test,53,14,4,small
000575,test,703,128,14,small
000575,test,246,71,7,small
000575,test,132,33,4,small
000575,test,76,22,5,small
000575,test,584,111,7,small
000575,test,53,11,5,small
000575,test,3468,200,21,medium
000576,test,451,82,8,small
000576,test,3239,200,20,medium
000576,test,167,54,5,small
000571,test,1948,200,19,medium
000571,test,587,112,7,small
000571,test,449,109,6,small
000579,test,2963,200,19,medium
000579,test,139,34,5,small
000579,test,1206,200,10,medium
000578,test,2611,200,20,medium
000578,test,530,136,6,small
000578,test,213,54,4,small
000578,test,803,148,10,small
000578,test,268,59,6,small
000573,test,893,153,10,small
000573,test,125,32,4,small
000573,test,2402,133,26,medium
000573,test,962,200,9,small
000583,test,723,156,7,small
000583,test,1369,177,17,medium
000582,test,78,18,5,small
000582,test,1558,200,13,medium
000581,test,666,127,9,small
000581,test,196,35,7,small
000581,test,66,12,8,small
000581,test,37,10,4,small
000581,test,176,37,5,small
000581,test,86,18,5,small
000581,test,87,20,5,small
000581,test,61,13,5,small
000586,test,151,18,12,small
000586,test,1221,142,13,medium
000585,test,954,139,11,small
000585,test,453,56,11,small
000587,test,3677,32,200,medium
000584,test,884,114,15,small
000584,test,216,44,5,small
000580,test,3341,200,21,medium
000580,test,588,165,6,small
000580,test,1170,200,11,medium
000580,test,262,56,5,small
000588,test,2656,24,200,medium
000590,test,528,126,6,small
000590,test,1405,200,14,medium
000592,test,2017,200,49,medium
000592,test,82,23,6,small
000592,test,69,20,5,small
000592,test,157,49,4,small
000592,test,176,45,4,small
000593,test,53,18,5,small
000593,test,218,55,11,small
000593,test,210,38,9,small
000593,test,79,21,6,small
000593,test,150,40,5,small
000593,test,106,31,4,small
000594,test,1223,200,61,medium
000594,test,83,24,14,small
000594,test,124,32,20,small
000594,test,994,87,22,small
000594,test,613,105,10,small
000591,test,2912,200,19,medium
000596,test,145,34,8,small
000596,test,251,47,14,small
000596,test,790,98,22,small
000596,test,195,41,8,small
000596,test,115,23,6,small
000596,test,466,73,9,small
000597,test,387,84,7,small
000597,test,289,52,8,small
000595,test,310,69,16,small
000595,test,755,145,35,small
000595,test,269,60,25,small
000595,test,151,37,23,small
000595,test,1290,123,29,medium
000595,test,321,53,9,small
000595,test,140,33,6,small
000589,test,1937,18,200,medium
000598,test,61,21,12,small
000598,test,130,34,21,small
000598,test,1274,123,28,medium
000598,test,451,63,10,small
000598,test,151,32,5,small
000599,test,1691,194,47,medium
000599,test,272,69,32,small
000599,test,145,44,10,small
000602,test,725,20,92,small
000602,test,1325,19,157,medium
000602,test,3757,56,105,medium
000602,test,400,10,47,small
000600,test,1028,100,29,medium
000600,test,476,80,9,small
000600,test,151,32,6,small
000605,test,682,17,75,small
000605,test,367,10,50,small
000605,test,257,9,56,small
000605,test,1650,52,45,medium
000604,test,6429,43,199,medium
000604,test,170,6,44,small
000604,test,476,11,71,small
000604,test,379,11,46,small
000604,test,111,6,26,small
000604,test,235,8,54,small
000601,test,842,14,91,small
000601,test,3004,47,91,medium
000601,test,168,6,45,small
000601,test,241,10,43,small
000606,test,529,14,68,small
000606,test,6152,53,186,medium
000606,test,135,5,44,small
000606,test,495,13,70,small
000606,test,308,10,45,small
000606,test,119,5,39,small
000606,test,122,7,26,small
000607,test,7162,52,198,medium
000607,test,177,5,53,small
000607,test,111,8,25,small
000607,test,54,4,24,small
000607,test,51,4,20,small
000607,test,59,4,21,small
000607,test,222,10,49,small
000613,test,1346,33,51,medium
000613,test,164,10,27,small
000613,test,666,15,90,small
000613,test,210,7,50,small
000613,test,1339,34,49,medium
000609,test,4298,46,199,medium
000609,test,1919,81,55,medium
000609,test,292,9,52,small
000609,test,908,15,117,small
000609,test,127,8,29,small
000609,test,745,16,98,small
000609,test,6363,77,108,medium
000603,test,1269,22,121,medium
000603,test,2459,79,68,medium
000603,test,307,9,47,small
000603,test,192,7,41,small
000608,test,8885,53,199,medium
000608,test,213,7,53,small
000608,test,487,9,83,small
000608,test,398,13,65,small
000610,test,444,16,53,small
000610,test,392,11,58,small
000610,test,158,7,33,small
000610,test,1254,33,48,medium
000610,test,1268,24,90,medium
000612,test,758,14,76,small
000612,test,5320,67,149,medium
000612,test,148,5,42,small
000612,test,351,10,57,small
000614,test,2855,43,116,medium
000614,test,163,10,30,small
000614,test,672,16,88,small
000614,test,196,7,49,small
000614,test,1056,45,34,medium
000611,test,749,15,75,small
000611,test,2207,42,76,medium
000611,test,130,4,44,small
000611,test,335,10,56,small
000616,test,564,12,77,small
000616,test,1386,26,68,medium
000616,test,287,9,42,small
000616,test,85,6,25,small
000616,test,194,6,52,small
000615,test,125,9,23,small
000615,test,1161,31,51,medium
000615,test,719,14,105,small
000615,test,184,8,47,small
000615,test,1179,31,48,medium
000615,test,153,6,49,small
000619,test,75,6,20,small
000619,test,6215,60,199,medium
000619,test,125,6,27,small
000619,test,4191,52,145,medium
000619,test,179,8,43,small
000623,test,383,12,58,small
000623,test,169,7,39,small
000623,test,621,13,103,small
000623,test,275,9,55,small
000623,test,2596,36,125,medium
000623,test,1101,31,44,medium
000620,test,2838,33,145,medium
000620,test,2863,58,97,medium
000620,test,152,6,41,small
000620,test,796,16,84,small
000618,test,4385,84,78,medium
000618,test,5152,58,183,medium
000618,test,108,7,31,small
000618,test,195,7,41,small
000621,test,844,16,87,small
000621,test,415,33,22,small
000621,test,1213,32,79,medium
000621,test,2198,62,58,medium
000624,test,5491,49,195,medium
000624,test,4726,59,148,medium
000622,test,354,11,55,small
000622,test,4651,68,128,medium
000622,test,1181,20,134,medium
000617,test,399,12,51,small
000617,test,170,6,37,small
000617,test,1697,38,66,medium
000617,test,671,12,101,small
000617,test,310,15,53,small
000617,test,2811,36,130,medium
000627,test,1113,32,45,medium
000627,test,679,13,104,small
000626,test,3997,44,199,medium
000626,test,105,6,27,small
000626,test,2998,48,106,medium
000626,test,135,6,45,small
000628,test,1997,34,198,medium
000628,test,1750,41,71,medium
000628,test,48,4,12,small
000628,test,111,7,29,small
000628,test,91,4,31,small
000628,test,49,3,21,small
000628,test,513,24,30,small
000625,test,3781,47,199,medium
000625,test,3641,56,111,medium
000625,test,163,5,53,small
000625,test,632,36,38,small
000625,test,90,8,17,small
000629,test,196,6,54,small
000629,test,1678,22,119,medium
000629,test,2794,38,119,medium
000629,test,68,5,23,small
000629,test,109,7,34,small
000629,test,1897,51,53,medium
000633,test,3100,62,88,medium
000633,test,95,5,33,small
000633,test,338,11,57,small
000633,test,364,16,41,small
000633,test,121,10,19,small
000630,test,5954,56,195,medium
000630,test,121,7,34,small
000630,test,779,12,130,small
000631,test,738,11,125,small
000631,test,5119,62,148,medium
000631,test,109,6,24,small
000632,test,347,10,51,small
000632,test,4314,103,135,medium
000632,test,97,6,20,small
000636,test,5923,65,126,medium
000636,test,249,8,43,small
000636,test,135,6,48,small
000636,test,2260,56,60,medium
000635,test,2067,46,56,medium
000635,test,2394,70,52,medium
000635,test,1138,34,45,medium
000635,test,188,9,36,small
000635,test,99,5,28,small
000638,test,6879,77,199,medium
000638,test,164,9,29,small
000638,test,691,13,108,small
000638,test,219,9,47,small
000638,test,1480,39,48,medium
000637,test,6716,57,192,medium
000637,test,117,5,41,small
000637,test,395,11,71,small
000634,test,311,10,54,small
000634,test,738,17,76,small
000634,test,1133,31,45,medium
000634,test,193,10,38,small
000634,test,327,12,56,small
000639,test,431,9,82,small
000639,test,1393,37,55,medium
000639,test,4084,38,170,medium
000639,test,826,38,35,small
000639,test,402,8,74,small
000639,test,196,7,51,small
000641,test,953,34,43,small
000641,test,164,6,39,small
000641,test,3878,56,137,medium
000641,test,178,10,40,small
000643,test,601,12,80,small
000643,test,5774,52,172,medium
000643,test,538,27,30,small
000643,test,1085,36,52,medium
000643,test,287,7,64,small
000647,test,1312,50,32,medium
000647,test,2098,22,160,medium
000647,test,3352,51,97,medium
000640,test,1350,15,190,medium
000640,test,5093,75,174,medium
000642,test,2596,25,178,medium
000642,test,4184,56,137,medium
000645,test,397,12,60,small
000645,test,2035,34,89,medium
000645,test,781,35,33,small
000645,test,1516,34,59,medium
000648,test,501,13,63,small
000648,test,423,15,57,small
000648,test,5444,86,174,medium
000648,test,1220,19,105,medium
000648,test,326,7,59,small
000646,test,3325,42,111,medium
000646,test,3134,27,184,medium
000646,test,2046,23,151,medium
000646,test,598,16,49,small
000646,test,1707,35,64,medium
000644,test,814,31,42,small
000644,test,847,11,127,small
000644,test,3964,52,131,medium
000644,test,844,28,38,small
000649,test,119,8,29,small
000649,test,108,5,24,small
000649,test,4940,50,137,medium
000649,test,688,12,94,small
000649,test,1289,21,104,medium
000653,test,3052,35,185,medium
000653,test,2387,46,85,medium
000651,test,4718,41,198,medium
000651,test,8249,62,192,medium
000651,test,163,7,43,small
000651,test,265,7,57,small
000651,test,250,9,48,small
000657,test,35,5,11,small
000657,test,1493,26,86,medium
000657,test,141,6,43,small
000657,test,145,6,37,small
000656,test,935,16,132,small
000656,test,2583,32,117,medium
000656,test,214,7,55,small
000656,test,1739,51,57,medium
000655,test,6060,48,198,medium
000655,test,761,10,127,small
000655,test,119,5,42,small
000655,test,1332,49,44,medium
000650,test,267,30,15,small
000650,test,2519,42,101,medium
000650,test,222,10,30,small
000650,test,973,12,136,small
000654,test,5721,61,168,medium
000654,test,94,5,32,small
000654,test,681,11,109,small
000658,test,357,20,36,small
000658,test,83,4,25,small
000658,test,217,9,41,small
000658,test,221,11,37,small
000658,test,3283,69,88,medium
000652,test,260,9,49,small
000652,test,3915,38,197,medium
000652,test,680,57,21,small
000652,test,3576,44,112,medium
000652,test,75,6,22,small
000652,test,115,5,34,small
000660,test,313,9,62,small
000660,test,4075,81,74,medium
000660,test,90,3,46,small
000660,test,307,7,89,small
000663,test,1219,26,64,medium
000663,test,163,7,39,small
000663,test,12,2,12,small
000663,test,364,10,57,small
000663,test,31,3,19,small
000663,test,182,9,48,small
000663,test,51,3,31,small
000663,test,29,5,25,small
000659,test,2273,22,198,medium
000659,test,3150,53,106,medium
000661,test,5262,59,150,medium
000661,test,1683,23,97,medium
000667,test,544,16,61,small
000667,test,483,15,55,small
000667,test,1901,32,92,medium
000667,test,438,25,43,small
000667,test,1165,19,108,medium
000667,test,309,7,57,small
000667,test,1368,34,57,medium
000662,test,152,7,36,small
000662,test,7384,46,197,medium
000662,test,117,5,37,small
000662,test,73,5,29,small
000662,test,59,5,32,small
000662,test,249,8,45,small
000664,test,6303,59,195,medium
000664,test,2464,33,166,medium
000665,test,2089,24,171,medium
000665,test,4984,55,161,medium
000665,test,173,9,33,small
000668,test,10198,80,199,large
000668,test,275,8,54,small
000668,test,236,19,23,small
000668,test,599,14,76,small
000668,test,169,8,39,small
000668,test,328,10,53,small
000671,test,602,16,77,small
000671,test,307,10,54,small
000671,test,165,8,37,small
000671,test,595,17,77,small
000671,test,1093,25,64,medium
000671,test,149,7,38,small
000671,test,291,12,52,small
000671,test,287,11,53,small
000666,test,4531,64,125,medium
000666,test,799,11,128,small
000666,test,817,31,38,small
000666,test,138,5,43,small
000673,test,2711,45,77,medium
000673,test,1244,41,52,medium
000673,test,1402,21,102,medium
000669,test,1269,29,53,medium
000669,test,4550,55,183,medium
000669,test,84,5,27,small
000669,test,77,6,29,small
000669,test,74,5,28,small
000669,test,22,1,22,small
000669,test,1158,34,46,medium
000669,test,140,7,41,small
000670,test,3521,40,145,medium
000670,test,40,9,8,small
000670,test,735,28,46,small
000670,test,698,32,33,small
000670,test,40,11,6,small
000676,test,2997,47,80,medium
000676,test,1395,44,51,medium
000676,test,115,8,30,small
000676,test,381,11,56,small
000676,test,614,17,68,small
000676,test,161,8,36,small
000676,test,358,16,42,small
000676,test,125,10,20,small
000672,test,1024,38,40,medium
000672,test,1304,31,60,medium
000672,test,42,3,26,small
000672,test,529,19,58,small
000672,test,344,13,55,small
000672,test,433,22,26,small
000675,test,1887,21,198,medium
000675,test,2045,22,196,medium
000675,test,1184,32,48,medium
000674,test,2952,77,59,medium
000674,test,2160,89,69,medium
000674,test,2269,30,111,medium
000674,test,112,6,27,small
000674,test,2263,82,60,medium
000674,test,84,5,28,small
000681,test,208,9,51,small
000681,test,198,64,5,small
000681,test,1,1,1,small
000681,test,1,1,1,small
000681,test,330,96,6,small
000681,test,193,60,5,small
000681,test,294,104,6,small
000681,test,92,6,26,small
000681,test,478,77,12,small
000681,test,538,143,8,small
000681,test,567,16,52,small
000680,test,698,19,65,small
000680,test,119,21,11,small
000680,test,430,13,77,small
000680,test,1992,58,58,medium
000678,test,819,11,137,small
000678,test,1950,39,71,medium
000678,test,3327,61,86,medium
000677,test,648,16,71,small
000677,test,4226,62,124,medium
000677,test,702,30,35,small
000677,test,91,4,36,small
000677,test,307,10,56,small
000683,test,636,140,13,small
000683,test,283,83,6,small
000683,test,167,48,6,small
000683,test,153,31,6,small
000683,test,214,60,6,small
000683,test,305,52,8,small
000683,test,121,8,29,small
000683,test,1114,29,62,medium
000683,test,315,94,5,small
000679,test,626,15,75,small
000679,test,137,6,35,small
000679,test,288,11,51,small
000679,test,731,41,25,small
000679,test,785,34,33,small
000679,test,869,45,26,small
000684,test,126,49,4,small
000684,test,1,1,1,small
000684,test,184,70,5,small
000684,test,197,49,7,small
000684,test,460,97,21,small
000684,test,281,43,11,small
000684,test,216,36,9,small
000684,test,628,162,8,small
000684,test,353,11,62,small
000685,test,266,83,6,small
000685,test,769,155,9,small
000685,test,125,50,4,small
000685,test,75,50,3,small
000685,test,1354,19,122,medium
000685,test,15,15,1,small
000685,test,1503,134,21,medium
000685,test,338,100,7,small
000685,test,499,143,7,small
000688,test,2100,22,198,medium
000688,test,1065,14,181,medium
000682,test,848,18,113,small
000682,test,124,45,5,small
000682,test,169,50,7,small
000682,test,863,176,14,small
000682,test,109,63,4,small
000682,test,320,87,6,small
000682,test,694,19,47,small
000682,test,729,146,9,small
000682,test,123,42,3,small
000687,test,1942,23,169,medium
000687,test,77,36,7,small
000687,test,109,44,5,small
000687,test,201,72,5,small
000687,test,421,126,7,small
000687,test,212,8,47,small
000687,test,527,20,57,small
000687,test,132,67,4,small
000687,test,554,128,7,small
000687,test,306,127,5,small
000687,test,313,85,6,small
000691,test,79,55,2,small
000691,test,240,77,5,small
000691,test,339,52,13,small
000691,test,209,40,9,small
000691,test,351,60,11,small
000691,test,1,1,1,small
000691,test,69,33,6,small
000691,test,44,18,4,small
000691,test,1,1,1,small
000686,test,459,19,59,small
000686,test,41,29,3,small
000686,test,186,8,39,small
000686,test,190,62,6,small
000686,test,184,60,5,small
000686,test,142,9,30,small
000686,test,58,17,4,small
000686,test,691,16,68,small
000686,test,244,61,5,small
000686,test,239,65,4,small
000686,test,1,1,1,small
000686,test,207,78,4,small
000686,test,110,60,3,small
000686,test,163,84,3,small
000686,test,206,47,6,small
000686,test,1,1,1,small
000686,test,260,11,34,small
000686,test,41,41,1,small
000686,test,168,46,6,small
000686,test,164,53,5,small
000686,test,361,85,8,small
000693,test,170,47,11,small
000693,test,125,25,9,small
000693,test,102,25,7,small
000693,test,1053,73,24,medium
000693,test,82,20,8,small
000693,test,1970,198,23,medium
000693,test,216,77,6,small
000693,test,213,31,26,small
000692,test,95,60,2,small
000692,test,242,79,6,small
000692,test,296,58,12,small
000692,test,1,1,1,small
000692,test,1,1,1,small
000692,test,21,19,5,small
000692,test,1,1,1,small
000692,test,84,26,7,small
000692,test,1103,80,25,medium
000692,test,83,22,8,small
000690,test,668,94,10,small
000690,test,1,1,1,small
000690,test,178,42,13,small
000690,test,83,4,36,small
000690,test,1,1,1,small
000690,test,1,1,1,small
000690,test,55,5,20,small
000690,test,177,8,32,small
000690,test,206,39,10,small
000690,test,32,3,15,small
000690,test,412,72,9,small
000690,test,219,13,37,small
000696,test,1160,109,23,medium
000696,test,1237,183,17,medium
000696,test,59,29,3,small
000696,test,178,60,4,small
000689,test,164,7,39,small
000689,test,120,55,9,small
000689,test,11,1,11,small
000689,test,157,40,7,small
000689,test,308,8,59,small
000689,test,16,2,16,small
000689,test,143,7,47,small
000689,test,41,4,28,small
000689,test,39,13,3,small
000689,test,1,1,1,small
000689,test,57,29,3,small
000698,test,991,110,16,small
000698,test,239,80,6,small
000698,test,726,74,24,small
000697,test,68,23,5,small
000697,test,15,14,2,small
000697,test,24,13,3,small
000697,test,251,71,7,small
000697,test,195,33,10,small
000697,test,81,27,5,small
000697,test,81,35,4,small
000697,test,1,1,1,small
000697,test,881,109,17,small
000697,test,74,40,4,small
000699,test,1181,146,15,medium
000699,test,406,127,7,small
000695,test,1232,154,46,medium
000695,test,2184,139,25,medium
000695,test,108,24,8,small
000695,test,1945,196,20,medium
000701,test,355,38,12,small
000701,test,152,47,9,small
000701,test,757,142,9,small
000701,test,134,27,16,small
000701,test,2971,198,24,medium
000694,test,63,24,6,small
000694,test,169,42,7,small
000694,test,1,1,1,small
000694,test,144,54,9,small
000694,test,129,28,7,small
000694,test,333,65,11,small
000694,test,1,1,1,small
000694,test,42,26,3,small
000694,test,251,45,8,small
000694,test,257,53,9,small
000703,test,254,54,8,small
000703,test,399,95,7,small
000703,test,44,9,7,small
000703,test,876,193,84,small
000703,test,1,1,1,small
000703,test,24,19,11,small
000703,test,1,1,1,small
000703,test,1,1,1,small
000703,test,141,40,7,small
000703,test,3239,165,48,medium
000700,test,549,59,14,small
000700,test,504,45,15,small
000700,test,173,37,7,small
000700,test,137,24,10,small
000700,test,2234,188,28,medium
000700,test,757,123,11,small
000702,test,2361,142,39,medium
000702,test,366,71,9,small
000702,test,429,94,8,small
000702,test,870,43,30,small
000702,test,1161,140,20,medium
000702,test,172,33,9,small
000709,test,1,1,1,small
000709,test,124,40,5,small
000709,test,557,91,14,small
000709,test,449,124,9,small
000709,test,2267,194,21,medium
000709,test,1,1,1,small
000709,test,269,50,9,small
000705,test,114,30,7,small
000705,test,542,86,21,small
000705,test,1,1,1,small
000705,test,2828,156,34,medium
000705,test,215,38,27,small
000705,test,621,164,43,small
000705,test,1416,136,28,medium
000707,test,1,1,1,small
000707,test,214,44,8,small
000707,test,833,122,28,small
000707,test,67,30,4,small
000707,test,176,50,7,small
000707,test,225,27,12,small
000707,test,1,1,1,small
000707,test,66,23,11,small
000707,test,80,29,4,small
000706,test,929,122,28,small
000706,test,86,29,4,small
000706,test,224,50,8,small
000706,test,165,27,9,small
000706,test,71,19,7,small
000706,test,57,20,6,small
000706,test,142,39,6,small
000706,test,275,47,10,small
000710,test,1726,121,24,medium
000710,test,1977,113,21,medium
000710,test,1,1,1,small
000710,test,101,34,9,small
000710,test,266,60,8,small
000710,test,18,18,1,small
000710,test,646,92,19,small
000704,test,783,130,10,small
000704,test,406,87,7,small
000704,test,908,98,25,small
000704,test,1,1,1,small
000704,test,47,23,14,small
000712,test,427,60,11,small
000712,test,1895,150,21,medium
000712,test,88,23,7,small
000712,test,14,12,3,small
000712,test,240,69,6,small
000711,test,489,57,18,small
000711,test,287,55,11,small
000711,test,1,1,1,small
000711,test,99,28,5,small
000711,test,1,1,1,small
000711,test,272,69,8,small
000711,test,1,1,1,small
000711,test,267,72,5,small
000711,test,110,22,7,small
000711,test,490,70,17,small
000711,test,15,14,2,small
000711,test,10,10,1,small
000711,test,5,5,1,small
000711,test,1,1,1,small
000711,test,96,30,6,small
000714,test,1322,104,28,medium
000714,test,2037,143,19,medium
000713,test,1282,116,17,medium
000713,test,669,61,22,small
000713,test,160,49,6,small
000713,test,54,36,4,small
000715,test,265,42,11,small
000715,test,318,56,10,small
000715,test,207,46,10,small
000715,test,1372,184,12,medium
000717,test,2392,199,16,medium
000717,test,335,45,13,small
000717,test,2933,198,29,medium
000708,test,368,79,8,small
000708,test,58,20,3,small
000708,test,136,56,6,small
000708,test,822,77,15,small
000708,test,677,66,19,small
000716,test,119,38,10,small
000716,test,259,47,10,small
000716,test,8109,194,51,medium
000716,test,1787,170,14,medium
000718,test,2017,136,29,medium
000718,test,2455,197,18,medium
000718,test,3172,111,51,medium
000718,test,1233,126,38,medium
000718,test,245,34,15,small
000718,test,1,1,1,small
000719,test,2380,198,16,medium
000719,test,183,45,7,small
000719,test,729,83,14,small
000719,test,1109,152,14,medium
000722,test,52,22,6,small
000722,test,146,55,9,small
000722,test,2238,195,16,medium
000721,test,145,24,8,small
000721,test,1866,84,41,medium
000721,test,838,94,26,small
000721,test,2488,199,18,medium
000720,test,2394,199,18,medium
000720,test,807,126,16,small
000720,test,125,43,8,small
000723,test,115,24,8,small
000723,test,492,69,17,small
000723,test,1,1,1,small
000723,test,73,22,5,small
000723,test,20,20,1,small
000723,test,650,111,14,small
000723,test,101,20,11,small
000723,test,1914,198,14,medium
000724,test,675,90,18,small
000724,test,1,1,1,small
000724,test,307,58,12,small
000724,test,146,31,10,small
000724,test,59,23,5,small
000724,test,97,21,7,small
000724,test,699,69,18,small
000726,test,2772,16,198,medium
000726,test,821,72,23,small
000726,test,374,50,12,small
000726,test,465,57,15,small
000726,test,643,84,19,small
000726,test,209,29,13,small
000725,test,2973,19,199,medium
000725,test,112,33,6,small
000725,test,260,55,10,small
000725,test,1,1,1,small
000725,test,55,31,4,small
000725,test,296,39,13,small
000725,test,85,28,5,small
000725,test,37,17,5,small
000725,test,253,53,12,small
000728,test,2161,146,25,medium
000728,test,365,52,14,small
000728,test,1433,116,23,medium
000728,test,145,29,10,small
000732,test,1137,20,186,medium
000732,test,664,20,181,small
000732,test,102,24,7,small
000732,test,740,73,23,small
000732,test,121,18,13,small
000732,test,25,5,9,small
000730,test,4296,198,28,medium
000730,test,1327,115,24,medium
000730,test,1142,115,19,medium
000729,test,1223,119,24,medium
000729,test,640,75,18,small
000729,test,2161,164,26,medium
000727,test,1145,100,28,medium
000727,test,431,58,14,small
000727,test,1481,102,32,medium
000727,test,239,36,17,small
000727,test,1987,143,25,medium
000731,test,1243,24,193,medium
000731,test,42,4,19,small
000731,test,509,15,152,small
000731,test,123,7,65,small
000731,test,1472,135,29,medium
000733,test,407,12,110,small
000733,test,445,11,116,small
000733,test,402,9,80,small
000733,test,39,3,27,small
000733,test,348,42,15,small
000733,test,413,53,13,small
000733,test,105,48,8,small
000734,test,771,16,199,small
000734,test,470,70,20,small
000734,test,377,36,16,small
000734,test,292,67,10,small
000739,test,1315,11,199,medium
000739,test,1808,13,198,medium
000739,test,161,48,9,small
000739,test,1,1,1,small
000739,test,1,1,1,small
000739,test,206,48,12,small
000739,test,157,38,9,small
000735,test,3166,22,199,medium
000735,test,1569,154,30,medium
000740,test,582,6,199,small
000740,test,623,6,199,small
000740,test,1762,12,199,medium
000740,test,749,56,21,small
000740,test,522,43,17,small
000740,test,925,54,24,small
000736,test,1485,13,199,medium
000736,test,1509,12,198,medium
000736,test,1356,119,17,medium
000736,test,333,38,14,small
000736,test,1176,102,24,medium
000736,test,217,34,9,small
000736,test,1,1,1,small
000738,test,789,8,199,small
000738,test,514,6,199,small
000738,test,1889,12,198,medium
000738,test,432,51,18,small
000738,test,193,37,10,small
000737,test,1750,12,200,medium
000737,test,1582,13,198,medium
000737,test,1,1,1,small
000737,test,314,48,12,small
000743,test,898,12,198,small
000743,test,696,89,17,small
000743,test,1,1,1,small
000743,test,678,51,18,small
000743,test,1,1,1,small
000743,test,30,24,2,small
000743,test,137,34,7,small
000744,test,232,5,74,small
000744,test,353,40,23,small
000744,test,195,30,10,small
000744,test,115,29,6,small
000744,test,85,6,19,small
000744,test,121,7,39,small
000744,test,30,2,20,small
000744,test,177,6,48,small
000741,test,1416,10,198,medium
000741,test,1451,12,194,medium
000741,test,109,41,8,small
000741,test,1,1,1,small
000741,test,282,50,13,small
000741,test,93,30,11,small
000745,test,94,4,26,small
000745,test,73,5,29,small
000745,test,301,6,77,small
000745,test,109,4,44,small
000745,test,238,38,9,small
000745,test,102,4,44,small
000745,test,111,6,36,small
000745,test,119,5,33,small
000745,test,63,3,22,small
000745,test,119,6,40,small
000748,test,342,11,55,small
000748,test,812,9,127,small
000748,test,1388,156,16,medium
000748,test,1,1,1,small
000747,test,78,32,9,small
000747,test,1,1,1,small
000747,test,102,45,4,small
000742,test,162,57,10,small
000742,test,1,1,1,small
000742,test,164,55,6,small
000742,test,885,11,115,small
000742,test,716,8,113,small
000742,test,267,5,78,small
000749,test,227,9,49,small
000749,test,454,11,66,small
000749,test,499,98,13,small
000749,test,79,41,6,small
000750,test,2844,199,26,medium
000750,test,426,72,9,small
000750,test,56,21,5,small
000750,test,44,28,2,small
000750,test,58,24,5,small
000751,test,1019,199,13,small
000751,test,1,1,1,small
000751,test,1,1,1,small
000751,test,109,34,7,small
000751,test,201,39,9,small
000751,test,105,36,5,small
000751,test,1,1,1,small
000751,test,1,1,1,small
000751,test,1,1,1,small
000752,test,1348,169,20,medium
000756,test,169,66,6,small
000756,test,1,1,1,small
000756,test,36,24,2,small
000756,test,61,22,5,small
000756,test,195,80,8,small
000756,test,96,46,5,small
000746,test,2982,18,199,medium
000746,test,254,65,9,small
000746,test,1371,80,22,medium
000746,test,656,80,19,small
000746,test,176,43,9,small
000758,test,160,6,33,small
000758,test,285,37,13,small
000758,test,59,32,4,small
000758,test,74,27,6,small
000758,test,60,22,5,small
000758,test,1061,27,121,medium
000758,test,57,16,29,small
000758,test,75,4,30,small
000754,test,1665,45,198,medium
000754,test,183,60,7,small
000754,test,91,24,7,small
000754,test,1,1,1,small
000754,test,36,23,3,small
000754,test,53,26,3,small
000753,test,1482,145,21,medium
000753,test,2177,17,179,medium
000753,test,64,21,5,small
000753,test,61,33,4,small
000753,test,1,1,1,small
000753,test,116,35,7,small
000753,test,56,34,4,small
000753,test,1,1,1,small
000755,test,35,22,4,small
000755,test,178,46,7,small
000755,test,1,1,1,small
000755,test,12,12,1,small
000760,test,56,9,17,small
000760,test,589,19,97,small
000760,test,293,6,55,small
000760,test,124,31,6,small
000760,test,1,1,1,small
000760,test,1,1,1,small
000760,test,2,2,1,small
000760,test,4,4,1,small
000760,test,2,2,1,small
000760,test,81,40,6,small
000760,test,73,19,5,small
000760,test,139,5,32,small
000760,test,291,8,59,small
000757,test,2062,164,24,medium
000757,test,2,2,1,small
000757,test,67,31,4,small
000757,test,18,18,1,small
000757,test,1,1,1,small
000762,test,293,14,30,small
000762,test,2005,66,42,medium
000762,test,1387,159,59,medium
000763,test,95,7,20,small
000763,test,1155,50,29,medium
000763,test,1185,48,32,medium
000763,test,1376,159,60,medium
000761,test,9892,199,75,large
000761,test,2756,176,20,medium
000759,test,203,32,69,small
000759,test,1445,45,195,medium
000759,test,258,44,9,small
000759,test,23,19,3,small
000759,test,1,1,1,small
000759,test,2,2,2,small
000759,test,30,12,4,small
000759,test,1,1,1,small
000759,test,2,2,2,small
000767,test,3803,138,53,medium
000767,test,809,168,36,small
000767,test,38,17,6,small
000767,test,165,42,22,small
000767,test,195,54,11,small
000767,test,288,85,18,small
000766,test,705,35,29,small
000766,test,3842,129,56,medium
000766,test,670,148,33,small
000766,test,85,23,13,small
000766,test,134,51,10,small
000766,test,1,1,1,small
000766,test,237,63,14,small
000764,test,1395,77,25,medium
000764,test,1672,195,65,medium
000764,test,52,17,4,small
000764,test,56,20,5,small
000764,test,95,56,3,small
000765,test,1697,192,65,medium
000765,test,71,24,4,small
000765,test,1,1,1,small
000765,test,56,20,4,small
000765,test,100,64,2,small
000765,test,5180,194,58,medium
000768,test,624,131,30,small
000768,test,29,17,4,small
000768,test,1,1,1,small
000768,test,127,53,11,small
000768,test,187,47,12,small
000768,test,85,28,5,small
000768,test,55,20,6,small
000768,test,207,70,4,small
000768,test,3504,140,44,medium
000768,test,313,28,16,small
000772,test,67,24,17,small
000772,test,102,31,20,small
000772,test,783,97,25,small
000772,test,471,87,9,small
000772,test,892,31,38,small
000772,test,1430,52,36,medium
000770,test,864,38,29,small
000770,test,154,56,10,small
000770,test,167,42,7,small
000771,test,177,32,19,small
000771,test,496,94,8,small
000771,test,437,71,9,small
000771,test,4912,193,55,medium
000775,test,2884,134,42,medium
000775,test,697,101,23,small
000775,test,188,42,7,small
000775,test,392,67,10,small
000775,test,102,22,5,small
000775,test,753,46,27,small
000775,test,998,57,38,small
000776,test,118,31,7,small
000776,test,4073,133,45,medium
000776,test,332,78,7,small
000776,test,346,69,8,small
000774,test,54,18,7,small
000774,test,395,78,10,small
000774,test,96,21,5,small
000774,test,2551,144,36,medium
000769,test,1,1,1,small
000769,test,105,32,6,small
000769,test,282,71,5,small
000769,test,57,20,5,small
000769,test,100,43,3,small
000769,test,11853,199,117,large
000773,test,132,34,22,small
000773,test,820,121,30,small
000773,test,294,47,10,small
000773,test,105,32,5,small
000773,test,590,40,23,small
000773,test,1852,64,43,medium
000773,test,513,20,36,small
000773,test,2999,93,47,medium
000783,test,913,59,36,small
000783,test,812,9,148,small
000783,test,1480,14,144,medium
000783,test,1005,10,134,small
000783,test,3888,87,70,medium
000783,test,189,12,23,small
000779,test,678,37,24,small
000779,test,1393,180,13,medium
000779,test,4060,137,54,medium
000779,test,914,42,30,small
000777,test,4505,170,88,medium
000777,test,2760,164,22,medium
000782,test,2986,18,200,medium
000782,test,1062,8,200,medium
000782,test,2436,68,66,medium
000782,test,718,8,121,small
000782,test,817,39,29,small
000781,test,2673,16,199,medium
000781,test,800,6,200,small
000781,test,3256,95,65,medium
000778,test,2492,199,18,medium
000778,test,364,120,7,small
000778,test,3339,138,45,medium
000780,test,584,117,7,small
000780,test,817,129,9,small
000780,test,1185,123,13,medium
000780,test,5643,122,92,medium
000789,test,1,1,1,small
000789,test,29,18,3,small
000789,test,5379,200,32,medium
000789,test,1,1,1,small
000789,test,118,49,4,small
000789,test,48,22,3,small
000789,test,1950,71,39,medium
000789,test,16,16,1,small
000789,test,21,15,2,small
000789,test,41,8,10,small
000786,test,2513,29,199,medium
000786,test,1149,44,31,medium
000784,test,38,16,4,small
000784,test,1,1,1,small
000784,test,5687,200,41,medium
000784,test,2634,94,48,medium
000784,test,1,1,1,small
000784,test,217,67,6,small
000784,test,1,1,1,small
000784,test,54,25,3,small
000784,test,31,18,4,small
000784,test,29,14,5,small
000784,test,43,18,5,small
000790,test,749,199,7,small
000790,test,3312,200,24,medium
000790,test,529,24,31,small
000790,test,374,15,40,small
000790,test,53,8,12,small
000790,test,243,20,21,small
000790,test,546,26,32,small
000791,test,1583,199,12,medium
000791,test,3420,200,24,medium
000791,test,3462,140,42,medium
000791,test,399,41,16,small
000785,test,1783,14,199,medium
000785,test,4513,76,90,medium
000788,test,2432,22,199,medium
000788,test,6063,109,100,medium
000788,test,91,13,14,small
000787,test,1730,16,200,medium
000787,test,5481,123,96,medium
000793,test,1164,200,10,medium
000793,test,3425,199,20,medium
000793,test,3613,142,52,medium
000792,test,4119,146,54,medium
000792,test,1425,200,10,medium
000792,test,3282,199,22,medium
000798,test,1328,80,26,medium
000798,test,2769,200,20,medium
000794,test,1201,79,24,medium
000794,test,859,200,8,small
000794,test,2885,200,19,medium
000794,test,1087,79,22,medium
000796,test,723,175,7,small
000796,test,3091,200,21,medium
000796,test,1138,74,29,medium
000796,test,427,24,27,small
000799,test,2789,199,22,medium
000799,test,627,31,29,small
000799,test,3773,127,57,medium
000800,test,3331,193,40,medium
000800,test,3459,92,72,medium
000800,test,730,40,31,small
000800,test,542,30,27,small
000803,test,5274,200,33,medium
000803,test,4476,144,76,medium
000803,test,744,32,32,small
000795,test,3042,90,64,medium
000795,test,1257,199,11,medium
000795,test,3328,199,18,medium
000797,test,3318,196,43,medium
000797,test,3955,73,82,medium
000797,test,969,39,30,small
000802,test,3331,135,42,medium
000802,test,446,37,18,small
000802,test,5064,199,30,medium
000801,test,1281,54,41,medium
000801,test,486,71,10,small
000801,test,302,101,6,small
000801,test,2795,155,41,medium
000801,test,38,13,5,small
000801,test,47,17,3,small
000809,test,620,143,7,small
000809,test,2950,195,20,medium
000809,test,7244,199,49,medium
000804,test,1072,40,33,medium
000804,test,67,30,6,small
000804,test,124,38,6,small
000804,test,148,43,6,small
000804,test,52,23,4,small
000804,test,24,12,3,small
000804,test,472,57,16,small
000804,test,1,1,1,small
000804,test,6,6,1,small
000804,test,1,1,1,small
000804,test,5560,200,40,medium
000805,test,1178,44,34,medium
000805,test,1726,200,12,medium
000805,test,3343,199,23,medium
000805,test,977,42,30,small
000805,test,1056,42,31,medium
000807,test,3547,138,42,medium
000807,test,417,38,17,small
000807,test,1336,200,11,medium
000807,test,3372,199,20,medium
000810,test,1102,56,35,medium
000810,test,64,12,10,small
000810,test,5420,185,51,medium
000810,test,606,145,7,small
000810,test,3299,200,22,medium
000808,test,770,39,28,small
000808,test,39,7,8,small
000808,test,1232,199,9,medium
000808,test,3424,199,20,medium
000811,test,3483,183,37,medium
000811,test,948,32,38,small
000811,test,1474,52,37,medium
000812,test,3577,130,52,medium
000812,test,1132,198,8,medium
000812,test,283,72,20,small
000812,test,283,74,9,small
000812,test,2435,198,24,medium
000813,test,1075,45,30,medium
000813,test,379,78,8,small
000813,test,2889,199,19,medium
000813,test,499,165,7,small
000806,test,1532,199,11,medium
000806,test,3239,199,21,medium
000806,test,2632,93,49,medium
000806,test,5838,193,57,medium
000816,test,1321,199,13,medium
000816,test,1,1,1,small
000816,test,1795,199,13,medium
000816,test,4436,103,64,medium
000818,test,1598,200,13,medium
000818,test,1709,200,15,medium
000818,test,4759,146,75,medium
000818,test,641,34,28,small
000815,test,3067,143,42,medium
000815,test,1196,198,12,medium
000815,test,1823,200,14,medium
000815,test,2330,95,44,medium
000821,test,1496,199,12,medium
000821,test,1895,199,15,medium
000821,test,4662,107,69,medium
000821,test,1765,141,37,medium
000821,test,471,53,15,small
000814,test,2988,199,19,medium
000814,test,36,9,4,small
000814,test,188,64,5,small
000814,test,259,87,6,small
000814,test,236,33,8,small
000814,test,1987,71,48,medium
000814,test,683,32,28,small
000819,test,3488,199,23,medium
000819,test,3806,136,100,medium
000822,test,84,21,6,small
000822,test,1,1,1,small
000822,test,402,138,14,small
000822,test,90,16,7,small
000822,test,1070,181,20,medium
000822,test,9,9,1,small
000822,test,48,20,5,small
000822,test,4258,102,63,medium
000823,test,1549,54,36,medium
000823,test,1722,53,50,medium
000823,test,6178,200,59,medium
000823,test,67,27,5,small
000823,test,1,1,1,small
000823,test,508,149,16,small
000823,test,161,37,8,small
000823,test,1,1,1,small
000823,test,105,57,6,small
000823,test,818,160,16,small
000817,test,3052,90,65,medium
000817,test,1097,44,31,medium
000817,test,1595,199,13,medium
000817,test,1896,199,14,medium
000820,test,4603,106,66,medium
000820,test,1112,46,31,medium
000820,test,3587,199,23,medium
000824,test,1809,58,54,medium
000824,test,67,14,10,small
000824,test,5524,186,50,medium
000824,test,1,1,1,small
000824,test,61,26,4,small
000824,test,327,81,10,small
000824,test,522,115,13,small
000824,test,107,57,7,small
000824,test,1,1,1,small
000824,test,240,81,8,small
000827,test,64,36,4,small
000827,test,84,20,6,small
000827,test,410,135,12,small
000827,test,10941,199,126,large
000829,test,756,197,8,small
000829,test,98,32,5,small
000829,test,168,43,4,small
000829,test,1166,48,33,medium
000831,test,544,27,33,small
000831,test,313,8,107,small
000831,test,3705,85,68,medium
000831,test,462,6,111,small
000828,test,528,130,8,small
000828,test,4555,103,66,medium
000825,test,53,26,6,small
000825,test,716,158,15,small
000825,test,74,25,6,small
000825,test,1,1,1,small
000825,test,37,25,3,small
000825,test,84,30,5,small
000825,test,1755,59,47,medium
000825,test,1638,70,38,medium
000825,test,2794,90,40,medium
000825,test,2217,80,33,medium
000832,test,90,5,31,small
000832,test,1071,44,30,medium
000832,test,860,15,172,small
000832,test,1060,42,32,medium
000830,test,4066,178,46,medium
000830,test,979,166,9,small
000830,test,52,20,4,small
000830,test,1,1,1,small
000830,test,418,145,5,small
000833,test,1691,13,199,medium
000833,test,1690,12,199,medium
000833,test,10468,120,163,large
000826,test,2238,76,49,medium
000826,test,724,33,28,small
000826,test,46,24,4,small
000826,test,88,39,6,small
000826,test,82,22,6,small
000826,test,160,43,7,small
000826,test,186,48,6,small
000839,test,1987,13,199,medium
000839,test,1590,13,200,medium
000839,test,9520,120,152,large
000839,test,259,16,27,small
000840,test,1506,42,51,medium
000840,test,913,10,129,small
000840,test,2723,66,63,medium
000840,test,57,9,9,small
000840,test,441,11,56,small
000836,test,3481,21,199,medium
000836,test,875,51,34,small
000836,test,3507,106,47,medium
000835,test,502,11,80,small
000835,test,1130,45,32,medium
000835,test,78,6,26,small
000835,test,771,16,115,small
000835,test,542,13,116,small
000835,test,1058,46,31,medium
000835,test,50,7,10,small
000834,test,1293,25,193,medium
000834,test,140,6,65,small
000834,test,609,15,154,small
000834,test,620,30,31,small
000834,test,3815,89,68,medium
000834,test,302,9,78,small
000834,test,81,7,21,small
000834,test,54,5,19,small
000838,test,2189,15,199,medium
000838,test,1529,12,200,medium
000838,test,2270,64,65,medium
000838,test,871,39,29,small
000837,test,3477,23,200,medium
000837,test,669,39,32,small
000837,test,3673,84,68,medium
